[INFO] Scanning for projects...
[INFO] 
[INFO] ------------------< com.clickkaar:clickkaar-backend >-------------------
[INFO] Building Clickkaar Backend 0.0.1-SNAPSHOT
[INFO] --------------------------------[ jar ]---------------------------------
[INFO] 
[INFO] >>> spring-boot-maven-plugin:3.3.5:run (default-cli) > test-compile @ clickkaar-backend >>>
[INFO] 
[INFO] --- maven-resources-plugin:3.3.1:resources (default-resources) @ clickkaar-backend ---
[INFO] Copying 3 resources from src\main\resources to target\classes
[INFO] Copying 2 resources from src\main\resources to target\classes
[INFO] 
[INFO] --- maven-compiler-plugin:3.13.0:compile (default-compile) @ clickkaar-backend ---
[INFO] Nothing to compile - all classes are up to date.
[INFO] 
[INFO] --- maven-resources-plugin:3.3.1:testResources (default-testResources) @ clickkaar-backend ---
[INFO] skip non existing resourceDirectory C:\click-Kaar\click-Kaar\backend\src\test\resources
[INFO] 
[INFO] --- maven-compiler-plugin:3.13.0:testCompile (default-testCompile) @ clickkaar-backend ---
[INFO] Nothing to compile - all classes are up to date.
[INFO] 
[INFO] <<< spring-boot-maven-plugin:3.3.5:run (default-cli) < test-compile @ clickkaar-backend <<<
[INFO] 
[INFO] 
[INFO] --- spring-boot-maven-plugin:3.3.5:run (default-cli) @ clickkaar-backend ---
[INFO] Attaching agents: []
Standard Commons Logging discovery in action with spring-jcl: please remove commons-logging.jar from classpath in order to avoid potential conflicts

  .   ____          _            __ _ _
 /\\ / ___'_ __ _ _(_)_ __  __ _ \ \ \ \
( ( )\___ | '_ | '_| | '_ \/ _` | \ \ \ \
 \\/  ___)| |_)| | | | | || (_| |  ) ) ) )
  '  |____| .__|_| |_|_| |_\__, | / / / /
 =========|_|==============|___/=/_/_/_/

 :: Spring Boot ::                (v3.3.5)

2026-08-09T02:19:11.799+05:30  INFO 21664 --- [clickkaar-backend] [           main] c.clickkaar.ClickkaarBackendApplication  : Starting ClickkaarBackendApplication using Java 17.0.12 with PID 21664 (C:\click-Kaar\click-Kaar\backend\target\classes started by jeet in C:\click-Kaar\click-Kaar\backend)
2026-08-09T02:19:11.804+05:30  INFO 21664 --- [clickkaar-backend] [           main] c.clickkaar.ClickkaarBackendApplication  : No active profile set, falling back to 1 default profile: "local"
2026-08-09T02:19:11.805+05:30 DEBUG 21664 --- [clickkaar-backend] [           main] o.s.boot.SpringApplication               : Loading source class com.clickkaar.ClickkaarBackendApplication
2026-08-09T02:19:11.907+05:30 DEBUG 21664 --- [clickkaar-backend] [           main] ConfigServletWebServerApplicationContext : Refreshing org.springframework.boot.web.servlet.context.AnnotationConfigServletWebServerApplicationContext@61544ae6
2026-08-09T02:19:13.806+05:30  INFO 21664 --- [clickkaar-backend] [           main] .s.d.r.c.RepositoryConfigurationDelegate : Bootstrapping Spring Data JPA repositories in DEFAULT mode.
2026-08-09T02:19:13.839+05:30 DEBUG 21664 --- [clickkaar-backend] [           main] o.s.b.a.AutoConfigurationPackages        : @EnableAutoConfiguration was declared on a class in the package 'com.clickkaar'. Automatic @Repository and @Entity scanning is enabled.
2026-08-09T02:19:14.093+05:30  INFO 21664 --- [clickkaar-backend] [           main] .s.d.r.c.RepositoryConfigurationDelegate : Finished Spring Data repository scanning in 270 ms. Found 22 JPA repository interfaces.
2026-08-09T02:19:15.387+05:30 DEBUG 21664 --- [clickkaar-backend] [           main] .s.b.w.e.t.TomcatServletWebServerFactory : Code archive: C:\Users\jeet\.m2\repository\org\springframework\boot\spring-boot\3.3.5\spring-boot-3.3.5.jar
2026-08-09T02:19:15.389+05:30 DEBUG 21664 --- [clickkaar-backend] [           main] .s.b.w.e.t.TomcatServletWebServerFactory : Code archive: C:\Users\jeet\.m2\repository\org\springframework\boot\spring-boot\3.3.5\spring-boot-3.3.5.jar
2026-08-09T02:19:15.390+05:30 DEBUG 21664 --- [clickkaar-backend] [           main] .s.b.w.e.t.TomcatServletWebServerFactory : None of the document roots [src/main/webapp, public, static] point to a directory and will be ignored.
2026-08-09T02:19:15.437+05:30  INFO 21664 --- [clickkaar-backend] [           main] o.s.b.w.embedded.tomcat.TomcatWebServer  : Tomcat initialized with port 8080 (http)
2026-08-09T02:19:15.462+05:30  INFO 21664 --- [clickkaar-backend] [           main] o.apache.catalina.core.StandardService   : Starting service [Tomcat]
2026-08-09T02:19:15.463+05:30  INFO 21664 --- [clickkaar-backend] [           main] o.apache.catalina.core.StandardEngine    : Starting Servlet engine: [Apache Tomcat/10.1.31]
2026-08-09T02:19:15.675+05:30  INFO 21664 --- [clickkaar-backend] [           main] o.a.c.c.C.[Tomcat].[localhost].[/]       : Initializing Spring embedded WebApplicationContext
2026-08-09T02:19:15.676+05:30 DEBUG 21664 --- [clickkaar-backend] [           main] w.s.c.ServletWebServerApplicationContext : Published root WebApplicationContext as ServletContext attribute with name [org.springframework.web.context.WebApplicationContext.ROOT]
2026-08-09T02:19:15.678+05:30  INFO 21664 --- [clickkaar-backend] [           main] w.s.c.ServletWebServerApplicationContext : Root WebApplicationContext: initialization completed in 3770 ms
Standard Commons Logging discovery in action with spring-jcl: please remove commons-logging.jar from classpath in order to avoid potential conflicts
2026-08-09T02:19:15.930+05:30  INFO 21664 --- [clickkaar-backend] [           main] o.hibernate.jpa.internal.util.LogHelper  : HHH000204: Processing PersistenceUnitInfo [name: default]
2026-08-09T02:19:16.082+05:30  INFO 21664 --- [clickkaar-backend] [           main] org.hibernate.Version                    : HHH000412: Hibernate ORM core version 6.5.3.Final
2026-08-09T02:19:16.171+05:30  INFO 21664 --- [clickkaar-backend] [           main] o.h.c.internal.RegionFactoryInitiator    : HHH000026: Second-level cache disabled
2026-08-09T02:19:16.820+05:30  INFO 21664 --- [clickkaar-backend] [           main] o.s.o.j.p.SpringPersistenceUnitInfo      : No LoadTimeWeaver setup: ignoring JPA class transformer
2026-08-09T02:19:16.885+05:30  INFO 21664 --- [clickkaar-backend] [           main] com.zaxxer.hikari.HikariDataSource       : HikariPool-1 - Starting...
2026-08-09T02:19:17.183+05:30  INFO 21664 --- [clickkaar-backend] [           main] com.zaxxer.hikari.pool.HikariPool        : HikariPool-1 - Added connection com.mysql.cj.jdbc.ConnectionImpl@51141f64
2026-08-09T02:19:17.187+05:30  INFO 21664 --- [clickkaar-backend] [           main] com.zaxxer.hikari.HikariDataSource       : HikariPool-1 - Start completed.
2026-08-09T02:19:17.308+05:30  WARN 21664 --- [clickkaar-backend] [           main] org.hibernate.orm.deprecation            : HHH90000025: MySQLDialect does not need to be specified explicitly using 'hibernate.dialect' (remove the property setting and it will be selected by default)
2026-08-09T02:19:20.155+05:30  INFO 21664 --- [clickkaar-backend] [           main] o.h.e.t.j.p.i.JtaPlatformInitiator       : HHH000489: No JTA platform available (set 'hibernate.transaction.jta.platform' to enable JTA platform integration)
2026-08-09T02:19:20.314+05:30 DEBUG 21664 --- [clickkaar-backend] [           main] org.hibernate.SQL                        : 
    alter table blog_posts 
       modify column content TEXT
2026-08-09T02:19:20.419+05:30 DEBUG 21664 --- [clickkaar-backend] [           main] org.hibernate.SQL                        : 
    alter table booking_notes 
       modify column note TEXT
2026-08-09T02:19:20.447+05:30 DEBUG 21664 --- [clickkaar-backend] [           main] org.hibernate.SQL                        : 
    alter table contact_messages 
       modify column message TEXT
2026-08-09T02:19:20.464+05:30 DEBUG 21664 --- [clickkaar-backend] [           main] org.hibernate.SQL                        : 
    alter table customer_reviews 
       modify column admin_reply TEXT
2026-08-09T02:19:20.484+05:30 DEBUG 21664 --- [clickkaar-backend] [           main] org.hibernate.SQL                        : 
    alter table customer_reviews 
       modify column quote TEXT not null
2026-08-09T02:19:20.498+05:30 DEBUG 21664 --- [clickkaar-backend] [           main] org.hibernate.SQL                        : 
    alter table faqs 
       modify column answer TEXT
2026-08-09T02:19:20.513+05:30 DEBUG 21664 --- [clickkaar-backend] [           main] org.hibernate.SQL                        : 
    alter table products 
       modify column full_description TEXT
2026-08-09T02:19:20.557+05:30 DEBUG 21664 --- [clickkaar-backend] [           main] org.hibernate.SQL                        : 
    alter table products 
       modify column specs TEXT
2026-08-09T02:19:20.582+05:30 DEBUG 21664 --- [clickkaar-backend] [           main] org.hibernate.SQL                        : 
    alter table static_contents 
       modify column content TEXT
2026-08-09T02:19:20.899+05:30  INFO 21664 --- [clickkaar-backend] [           main] j.LocalContainerEntityManagerFactoryBean : Initialized JPA EntityManagerFactory for persistence unit 'default'
2026-08-09T02:19:21.665+05:30 DEBUG 21664 --- [clickkaar-backend] [           main] o.s.b.w.s.ServletContextInitializerBeans : Mapping filters: springSecurityFilterChain urls=[/*] order=-100, characterEncodingFilter urls=[/*] order=-2147483648, formContentFilter urls=[/*] order=-9900, requestContextFilter urls=[/*] order=-105, jwtAuthenticationFilter urls=[/*] order=2147483647
2026-08-09T02:19:21.666+05:30 DEBUG 21664 --- [clickkaar-backend] [           main] o.s.b.w.s.ServletContextInitializerBeans : Mapping servlets: dispatcherServlet urls=[/]
2026-08-09T02:19:21.726+05:30 DEBUG 21664 --- [clickkaar-backend] [           main] o.s.b.w.s.f.OrderedRequestContextFilter  : Filter 'requestContextFilter' configured for use
2026-08-09T02:19:21.732+05:30 DEBUG 21664 --- [clickkaar-backend] [           main] s.b.w.s.f.OrderedCharacterEncodingFilter : Filter 'characterEncodingFilter' configured for use
2026-08-09T02:19:21.734+05:30 DEBUG 21664 --- [clickkaar-backend] [           main] .DelegatingFilterProxyRegistrationBean$1 : Filter 'springSecurityFilterChain' configured for use
2026-08-09T02:19:21.734+05:30 DEBUG 21664 --- [clickkaar-backend] [           main] o.s.b.w.s.f.OrderedFormContentFilter     : Filter 'formContentFilter' configured for use
2026-08-09T02:19:21.866+05:30  INFO 21664 --- [clickkaar-backend] [           main] o.s.d.j.r.query.QueryEnhancerFactory     : Hibernate is in classpath; If applicable, HQL parser will be used.
2026-08-09T02:19:23.585+05:30  INFO 21664 --- [clickkaar-backend] [           main] r$InitializeUserDetailsManagerConfigurer : Global AuthenticationManager configured with UserDetailsService bean with name customUserDetailsService
2026-08-09T02:19:24.300+05:30 DEBUG 21664 --- [clickkaar-backend] [           main] s.w.s.m.m.a.RequestMappingHandlerMapping : 92 mappings in 'requestMappingHandlerMapping'
2026-08-09T02:19:24.404+05:30 DEBUG 21664 --- [clickkaar-backend] [           main] o.s.w.s.handler.SimpleUrlHandlerMapping  : Patterns [/webjars/**, /**, /uploads/**, /swagger-ui*/*swagger-initializer.js, /swagger-ui*/**] in 'resourceHandlerMapping'
2026-08-09T02:19:24.638+05:30 DEBUG 21664 --- [clickkaar-backend] [           main] s.w.s.m.m.a.RequestMappingHandlerAdapter : ControllerAdvice beans: 0 @ModelAttribute, 0 @InitBinder, 1 RequestBodyAdvice, 1 ResponseBodyAdvice
2026-08-09T02:19:24.704+05:30 DEBUG 21664 --- [clickkaar-backend] [           main] .m.m.a.ExceptionHandlerExceptionResolver : ControllerAdvice beans: 2 @ExceptionHandler, 1 ResponseBodyAdvice
2026-08-09T02:19:25.065+05:30  INFO 21664 --- [clickkaar-backend] [           main] o.s.b.w.embedded.tomcat.TomcatWebServer  : Tomcat started on port 8080 (http) with context path '/'
2026-08-09T02:19:25.087+05:30 DEBUG 21664 --- [clickkaar-backend] [           main] .s.b.a.l.ConditionEvaluationReportLogger : 


============================
CONDITIONS EVALUATION REPORT
============================


Positive matches:
-----------------

   AopAutoConfiguration matched:
      - @ConditionalOnProperty (spring.aop.auto=true) matched (OnPropertyCondition)

   AopAutoConfiguration.AspectJAutoProxyingConfiguration matched:
      - @ConditionalOnClass found required class 'org.aspectj.weaver.Advice' (OnClassCondition)

   AopAutoConfiguration.AspectJAutoProxyingConfiguration.CglibAutoProxyConfiguration matched:
      - @ConditionalOnProperty (spring.aop.proxy-target-class=true) matched (OnPropertyCondition)

   ApplicationAvailabilityAutoConfiguration#applicationAvailability matched:
      - @ConditionalOnMissingBean (types: org.springframework.boot.availability.ApplicationAvailability; SearchStrategy: all) did not find any beans (OnBeanCondition)

   DataSeeder#seedClickkaarData matched:
      - @ConditionalOnProperty (app.seed.enabled=true) matched (OnPropertyCondition)

   DataSourceAutoConfiguration matched:
      - @ConditionalOnClass found required classes 'javax.sql.DataSource', 'org.springframework.jdbc.datasource.embedded.EmbeddedDatabaseType' (OnClassCondition)
      - @ConditionalOnMissingBean (types: io.r2dbc.spi.ConnectionFactory; SearchStrategy: all) did not find any beans (OnBeanCondition)

   DataSourceAutoConfiguration.PooledDataSourceConfiguration matched:
      - AnyNestedCondition 1 matched 1 did not; NestedCondition on DataSourceAutoConfiguration.PooledDataSourceCondition.PooledDataSourceAvailable PooledDataSource found supported DataSource; NestedCondition on DataSourceAutoConfiguration.PooledDataSourceCondition.ExplicitType @ConditionalOnProperty (spring.datasource.type) did not find property 'type' (DataSourceAutoConfiguration.PooledDataSourceCondition)
      - @ConditionalOnMissingBean (types: javax.sql.DataSource,javax.sql.XADataSource; SearchStrategy: all) did not find any beans (OnBeanCondition)

   DataSourceAutoConfiguration.PooledDataSourceConfiguration#jdbcConnectionDetails matched:
      - @ConditionalOnMissingBean (types: org.springframework.boot.autoconfigure.jdbc.JdbcConnectionDetails; SearchStrategy: all) did not find any beans (OnBeanCondition)

   DataSourceConfiguration.Hikari matched:
      - @ConditionalOnClass found required class 'com.zaxxer.hikari.HikariDataSource' (OnClassCondition)
      - @ConditionalOnProperty (spring.datasource.type=com.zaxxer.hikari.HikariDataSource) matched (OnPropertyCondition)
      - @ConditionalOnMissingBean (types: javax.sql.DataSource; SearchStrategy: all) did not find any beans (OnBeanCondition)

   DataSourceInitializationConfiguration matched:
      - @ConditionalOnClass found required class 'org.springframework.jdbc.datasource.init.DatabasePopulator' (OnClassCondition)
      - @ConditionalOnSingleCandidate (types: javax.sql.DataSource; SearchStrategy: all) found a single bean 'dataSource'; @ConditionalOnMissingBean (types: org.springframework.boot.autoconfigure.sql.init.SqlDataSourceScriptDatabaseInitializer,org.springframework.boot.autoconfigure.sql.init.SqlR2dbcScriptDatabaseInitializer; SearchStrategy: all) did not find any beans (OnBeanCondition)

   DataSourceJmxConfiguration matched:
      - @ConditionalOnProperty (spring.jmx.enabled=true) matched (OnPropertyCondition)

   DataSourceJmxConfiguration.Hikari matched:
      - @ConditionalOnClass found required class 'com.zaxxer.hikari.HikariDataSource' (OnClassCondition)
      - @ConditionalOnSingleCandidate (types: javax.sql.DataSource; SearchStrategy: all) found a single bean 'dataSource' (OnBeanCondition)

   DataSourcePoolMetadataProvidersConfiguration.HikariPoolDataSourceMetadataProviderConfiguration matched:
      - @ConditionalOnClass found required class 'com.zaxxer.hikari.HikariDataSource' (OnClassCondition)

   DataSourceTransactionManagerAutoConfiguration matched:
      - @ConditionalOnClass found required classes 'javax.sql.DataSource', 'org.springframework.jdbc.core.JdbcTemplate', 'org.springframework.transaction.TransactionManager' (OnClassCondition)

   DataSourceTransactionManagerAutoConfiguration.JdbcTransactionManagerConfiguration matched:
      - @ConditionalOnSingleCandidate (types: javax.sql.DataSource; SearchStrategy: all) found a single bean 'dataSource' (OnBeanCondition)

   DispatcherServletAutoConfiguration matched:
      - @ConditionalOnClass found required class 'org.springframework.web.servlet.DispatcherServlet' (OnClassCondition)
      - found 'session' scope (OnWebApplicationCondition)

   DispatcherServletAutoConfiguration.DispatcherServletConfiguration matched:
      - @ConditionalOnClass found required class 'jakarta.servlet.ServletRegistration' (OnClassCondition)
      - Default DispatcherServlet did not find dispatcher servlet beans (DispatcherServletAutoConfiguration.DefaultDispatcherServletCondition)

   DispatcherServletAutoConfiguration.DispatcherServletRegistrationConfiguration matched:
      - @ConditionalOnClass found required class 'jakarta.servlet.ServletRegistration' (OnClassCondition)
      - DispatcherServlet Registration did not find servlet registration bean (DispatcherServletAutoConfiguration.DispatcherServletRegistrationCondition)

   DispatcherServletAutoConfiguration.DispatcherServletRegistrationConfiguration#dispatcherServletRegistration matched:
      - @ConditionalOnBean (names: dispatcherServlet types: org.springframework.web.servlet.DispatcherServlet; SearchStrategy: all) found bean 'dispatcherServlet' (OnBeanCondition)

   EmbeddedWebServerFactoryCustomizerAutoConfiguration matched:
      - @ConditionalOnWebApplication (required) found 'session' scope (OnWebApplicationCondition)
      - @ConditionalOnWarDeployment the application is not deployed as a WAR file. (OnWarDeploymentCondition)

   EmbeddedWebServerFactoryCustomizerAutoConfiguration.TomcatWebServerFactoryCustomizerConfiguration matched:
      - @ConditionalOnClass found required classes 'org.apache.catalina.startup.Tomcat', 'org.apache.coyote.UpgradeProtocol' (OnClassCondition)

   ErrorMvcAutoConfiguration matched:
      - @ConditionalOnClass found required classes 'jakarta.servlet.Servlet', 'org.springframework.web.servlet.DispatcherServlet' (OnClassCondition)
      - found 'session' scope (OnWebApplicationCondition)

   ErrorMvcAutoConfiguration#basicErrorController matched:
      - @ConditionalOnMissingBean (types: org.springframework.boot.web.servlet.error.ErrorController; SearchStrategy: current) did not find any beans (OnBeanCondition)

   ErrorMvcAutoConfiguration#errorAttributes matched:
      - @ConditionalOnMissingBean (types: org.springframework.boot.web.servlet.error.ErrorAttributes; SearchStrategy: current) did not find any beans (OnBeanCondition)

   ErrorMvcAutoConfiguration.DefaultErrorViewResolverConfiguration#conventionErrorViewResolver matched:
      - @ConditionalOnBean (types: org.springframework.web.servlet.DispatcherServlet; SearchStrategy: all) found bean 'dispatcherServlet'; @ConditionalOnMissingBean (types: org.springframework.boot.autoconfigure.web.servlet.error.ErrorViewResolver; SearchStrategy: all) did not find any beans (OnBeanCondition)

   ErrorMvcAutoConfiguration.WhitelabelErrorViewConfiguration matched:
      - @ConditionalOnProperty (server.error.whitelabel.enabled) matched (OnPropertyCondition)
      - ErrorTemplate Missing did not find error template view (ErrorMvcAutoConfiguration.ErrorTemplateMissingCondition)

   ErrorMvcAutoConfiguration.WhitelabelErrorViewConfiguration#beanNameViewResolver matched:
      - @ConditionalOnMissingBean (types: org.springframework.web.servlet.view.BeanNameViewResolver; SearchStrategy: all) did not find any beans (OnBeanCondition)

   ErrorMvcAutoConfiguration.WhitelabelErrorViewConfiguration#defaultErrorView matched:
      - @ConditionalOnMissingBean (names: error; SearchStrategy: all) did not find any beans (OnBeanCondition)

   GenericCacheConfiguration matched:
      - Cache org.springframework.boot.autoconfigure.cache.GenericCacheConfiguration automatic cache type (CacheCondition)

   HibernateJpaAutoConfiguration matched:
      - @ConditionalOnClass found required classes 'org.springframework.orm.jpa.LocalContainerEntityManagerFactoryBean', 'jakarta.persistence.EntityManager', 'org.hibernate.engine.spi.SessionImplementor' (OnClassCondition)

   HibernateJpaConfiguration matched:
      - @ConditionalOnSingleCandidate (types: javax.sql.DataSource; SearchStrategy: all) found a single bean 'dataSource' (OnBeanCondition)

   HttpEncodingAutoConfiguration matched:
      - @ConditionalOnClass found required class 'org.springframework.web.filter.CharacterEncodingFilter' (OnClassCondition)
      - found 'session' scope (OnWebApplicationCondition)
      - @ConditionalOnProperty (server.servlet.encoding.enabled) matched (OnPropertyCondition)

   HttpEncodingAutoConfiguration#characterEncodingFilter matched:
      - @ConditionalOnMissingBean (types: org.springframework.web.filter.CharacterEncodingFilter; SearchStrategy: all) did not find any beans (OnBeanCondition)

   HttpMessageConvertersAutoConfiguration matched:
      - @ConditionalOnClass found required class 'org.springframework.http.converter.HttpMessageConverter' (OnClassCondition)
      - NoneNestedConditions 0 matched 1 did not; NestedCondition on HttpMessageConvertersAutoConfiguration.NotReactiveWebApplicationCondition.ReactiveWebApplication did not find reactive web application classes (HttpMessageConvertersAutoConfiguration.NotReactiveWebApplicationCondition)

   HttpMessageConvertersAutoConfiguration#messageConverters matched:
      - @ConditionalOnMissingBean (types: org.springframework.boot.autoconfigure.http.HttpMessageConverters; SearchStrategy: all) did not find any beans (OnBeanCondition)

   HttpMessageConvertersAutoConfiguration.StringHttpMessageConverterConfiguration matched:
      - @ConditionalOnClass found required class 'org.springframework.http.converter.StringHttpMessageConverter' (OnClassCondition)

   HttpMessageConvertersAutoConfiguration.StringHttpMessageConverterConfiguration#stringHttpMessageConverter matched:
      - @ConditionalOnMissingBean (types: org.springframework.http.converter.StringHttpMessageConverter; SearchStrategy: all) did not find any beans (OnBeanCondition)

   JacksonAutoConfiguration matched:
      - @ConditionalOnClass found required class 'com.fasterxml.jackson.databind.ObjectMapper' (OnClassCondition)

   JacksonAutoConfiguration.Jackson2ObjectMapperBuilderCustomizerConfiguration matched:
      - @ConditionalOnClass found required class 'org.springframework.http.converter.json.Jackson2ObjectMapperBuilder' (OnClassCondition)

   JacksonAutoConfiguration.JacksonObjectMapperBuilderConfiguration matched:
      - @ConditionalOnClass found required class 'org.springframework.http.converter.json.Jackson2ObjectMapperBuilder' (OnClassCondition)

   JacksonAutoConfiguration.JacksonObjectMapperBuilderConfiguration#jacksonObjectMapperBuilder matched:
      - @ConditionalOnMissingBean (types: org.springframework.http.converter.json.Jackson2ObjectMapperBuilder; SearchStrategy: all) did not find any beans (OnBeanCondition)

   JacksonAutoConfiguration.JacksonObjectMapperConfiguration matched:
      - @ConditionalOnClass found required class 'org.springframework.http.converter.json.Jackson2ObjectMapperBuilder' (OnClassCondition)

   JacksonAutoConfiguration.JacksonObjectMapperConfiguration#jacksonObjectMapper matched:
      - @ConditionalOnMissingBean (types: com.fasterxml.jackson.databind.ObjectMapper; SearchStrategy: all) did not find any beans (OnBeanCondition)

   JacksonAutoConfiguration.ParameterNamesModuleConfiguration matched:
      - @ConditionalOnClass found required class 'com.fasterxml.jackson.module.paramnames.ParameterNamesModule' (OnClassCondition)

   JacksonAutoConfiguration.ParameterNamesModuleConfiguration#parameterNamesModule matched:
      - @ConditionalOnMissingBean (types: com.fasterxml.jackson.module.paramnames.ParameterNamesModule; SearchStrategy: all) did not find any beans (OnBeanCondition)

   JacksonHttpMessageConvertersConfiguration.MappingJackson2HttpMessageConverterConfiguration matched:
      - @ConditionalOnClass found required class 'com.fasterxml.jackson.databind.ObjectMapper' (OnClassCondition)
      - @ConditionalOnProperty (spring.mvc.converters.preferred-json-mapper=jackson) matched (OnPropertyCondition)
      - @ConditionalOnBean (types: com.fasterxml.jackson.databind.ObjectMapper; SearchStrategy: all) found bean 'jacksonObjectMapper' (OnBeanCondition)

   JacksonHttpMessageConvertersConfiguration.MappingJackson2HttpMessageConverterConfiguration#mappingJackson2HttpMessageConverter matched:
      - @ConditionalOnMissingBean (types: org.springframework.http.converter.json.MappingJackson2HttpMessageConverter ignored: org.springframework.hateoas.server.mvc.TypeConstrainedMappingJackson2HttpMessageConverter,org.springframework.data.rest.webmvc.alps.AlpsJsonHttpMessageConverter; SearchStrategy: all) did not find any beans (OnBeanCondition)

   JdbcClientAutoConfiguration matched:
      - @ConditionalOnSingleCandidate (types: org.springframework.jdbc.core.namedparam.NamedParameterJdbcTemplate; SearchStrategy: all) found a single bean 'namedParameterJdbcTemplate'; @ConditionalOnMissingBean (types: org.springframework.jdbc.core.simple.JdbcClient; SearchStrategy: all) did not find any beans (OnBeanCondition)

   JdbcTemplateAutoConfiguration matched:
      - @ConditionalOnClass found required classes 'javax.sql.DataSource', 'org.springframework.jdbc.core.JdbcTemplate' (OnClassCondition)
      - @ConditionalOnSingleCandidate (types: javax.sql.DataSource; SearchStrategy: all) found a single bean 'dataSource' (OnBeanCondition)

   JdbcTemplateConfiguration matched:
      - @ConditionalOnMissingBean (types: org.springframework.jdbc.core.JdbcOperations; SearchStrategy: all) did not find any beans (OnBeanCondition)

   JpaBaseConfiguration#entityManagerFactory matched:
      - @ConditionalOnMissingBean (types: org.springframework.orm.jpa.LocalContainerEntityManagerFactoryBean,jakarta.persistence.EntityManagerFactory; SearchStrategy: all) did not find any beans (OnBeanCondition)

   JpaBaseConfiguration#entityManagerFactoryBuilder matched:
      - @ConditionalOnMissingBean (types: org.springframework.boot.orm.jpa.EntityManagerFactoryBuilder; SearchStrategy: all) did not find any beans (OnBeanCondition)

   JpaBaseConfiguration#jpaVendorAdapter matched:
      - @ConditionalOnMissingBean (types: org.springframework.orm.jpa.JpaVendorAdapter; SearchStrategy: all) did not find any beans (OnBeanCondition)

   JpaBaseConfiguration#transactionManager matched:
      - @ConditionalOnMissingBean (types: org.springframework.transaction.TransactionManager; SearchStrategy: all) did not find any beans (OnBeanCondition)

   JpaBaseConfiguration.PersistenceManagedTypesConfiguration matched:
      - @ConditionalOnMissingBean (types: org.springframework.orm.jpa.LocalContainerEntityManagerFactoryBean,jakarta.persistence.EntityManagerFactory; SearchStrategy: all) did not find any beans (OnBeanCondition)

   JpaBaseConfiguration.PersistenceManagedTypesConfiguration#persistenceManagedTypes matched:
      - @ConditionalOnMissingBean (types: org.springframework.orm.jpa.persistenceunit.PersistenceManagedTypes; SearchStrategy: all) did not find any beans (OnBeanCondition)

   JpaRepositoriesAutoConfiguration matched:
      - @ConditionalOnClass found required class 'org.springframework.data.jpa.repository.JpaRepository' (OnClassCondition)
      - @ConditionalOnProperty (spring.data.jpa.repositories.enabled=true) matched (OnPropertyCondition)
      - @ConditionalOnBean (types: javax.sql.DataSource; SearchStrategy: all) found bean 'dataSource'; @ConditionalOnMissingBean (types: org.springframework.data.jpa.repository.support.JpaRepositoryFactoryBean,org.springframework.data.jpa.repository.config.JpaRepositoryConfigExtension; SearchStrategy: all) did not find any beans (OnBeanCondition)

   JtaAutoConfiguration matched:
      - @ConditionalOnClass found required class 'jakarta.transaction.Transaction' (OnClassCondition)
      - @ConditionalOnProperty (spring.jta.enabled) matched (OnPropertyCondition)

   LifecycleAutoConfiguration#defaultLifecycleProcessor matched:
      - @ConditionalOnMissingBean (names: lifecycleProcessor; SearchStrategy: current) did not find any beans (OnBeanCondition)

   MailSenderAutoConfiguration matched:
      - @ConditionalOnClass found required classes 'jakarta.mail.internet.MimeMessage', 'jakarta.activation.MimeType', 'org.springframework.mail.MailSender' (OnClassCondition)
      - AnyNestedCondition 1 matched 1 did not; NestedCondition on MailSenderAutoConfiguration.MailSenderCondition.JndiNameProperty @ConditionalOnProperty (spring.mail.jndi-name) did not find property 'jndi-name'; NestedCondition on MailSenderAutoConfiguration.MailSenderCondition.HostProperty @ConditionalOnProperty (spring.mail.host) matched (MailSenderAutoConfiguration.MailSenderCondition)
      - @ConditionalOnMissingBean (types: org.springframework.mail.MailSender; SearchStrategy: all) did not find any beans (OnBeanCondition)

   MailSenderPropertiesConfiguration matched:
      - @ConditionalOnProperty (spring.mail.host) matched (OnPropertyCondition)

   MailSenderPropertiesConfiguration#mailSender matched:
      - @ConditionalOnMissingBean (types: org.springframework.mail.javamail.JavaMailSender; SearchStrategy: all) did not find any beans (OnBeanCondition)

   MultipartAutoConfiguration matched:
      - @ConditionalOnClass found required classes 'jakarta.servlet.Servlet', 'org.springframework.web.multipart.support.StandardServletMultipartResolver', 'jakarta.servlet.MultipartConfigElement' (OnClassCondition)
      - found 'session' scope (OnWebApplicationCondition)
      - @ConditionalOnProperty (spring.servlet.multipart.enabled) matched (OnPropertyCondition)

   MultipartAutoConfiguration#multipartConfigElement matched:
      - @ConditionalOnMissingBean (types: jakarta.servlet.MultipartConfigElement; SearchStrategy: all) did not find any beans (OnBeanCondition)

   MultipartAutoConfiguration#multipartResolver matched:
      - @ConditionalOnMissingBean (types: org.springframework.web.multipart.MultipartResolver; SearchStrategy: all) did not find any beans (OnBeanCondition)

   NamedParameterJdbcTemplateConfiguration matched:
      - @ConditionalOnSingleCandidate (types: org.springframework.jdbc.core.JdbcTemplate; SearchStrategy: all) found a single bean 'jdbcTemplate'; @ConditionalOnMissingBean (types: org.springframework.jdbc.core.namedparam.NamedParameterJdbcOperations; SearchStrategy: all) did not find any beans (OnBeanCondition)

   NoOpCacheConfiguration matched:
      - Cache org.springframework.boot.autoconfigure.cache.NoOpCacheConfiguration automatic cache type (CacheCondition)

   PersistenceExceptionTranslationAutoConfiguration matched:
      - @ConditionalOnClass found required class 'org.springframework.dao.annotation.PersistenceExceptionTranslationPostProcessor' (OnClassCondition)

   PersistenceExceptionTranslationAutoConfiguration#persistenceExceptionTranslationPostProcessor matched:
      - @ConditionalOnProperty (spring.dao.exceptiontranslation.enabled) matched (OnPropertyCondition)
      - @ConditionalOnMissingBean (types: org.springframework.dao.annotation.PersistenceExceptionTranslationPostProcessor; SearchStrategy: all) did not find any beans (OnBeanCondition)

   PropertyPlaceholderAutoConfiguration#propertySourcesPlaceholderConfigurer matched:
      - @ConditionalOnMissingBean (types: org.springframework.context.support.PropertySourcesPlaceholderConfigurer; SearchStrategy: current) did not find any beans (OnBeanCondition)

   RestClientAutoConfiguration matched:
      - @ConditionalOnClass found required class 'org.springframework.web.client.RestClient' (OnClassCondition)
      - NoneNestedConditions 0 matched 1 did not; NestedCondition on NotReactiveWebApplicationCondition.ReactiveWebApplication did not find reactive web application classes (NotReactiveWebApplicationCondition)

   RestClientAutoConfiguration#httpMessageConvertersRestClientCustomizer matched:
      - @ConditionalOnMissingBean (types: org.springframework.boot.autoconfigure.web.client.HttpMessageConvertersRestClientCustomizer; SearchStrategy: all) did not find any beans (OnBeanCondition)

   RestClientAutoConfiguration#restClientBuilder matched:
      - @ConditionalOnMissingBean (types: org.springframework.web.client.RestClient$Builder; SearchStrategy: all) did not find any beans (OnBeanCondition)

   RestClientAutoConfiguration#restClientBuilderConfigurer matched:
      - @ConditionalOnMissingBean (types: org.springframework.boot.autoconfigure.web.client.RestClientBuilderConfigurer; SearchStrategy: all) did not find any beans (OnBeanCondition)

   RestClientAutoConfiguration#restClientSsl matched:
      - @ConditionalOnBean (types: org.springframework.boot.ssl.SslBundles; SearchStrategy: all) found bean 'sslBundleRegistry'; @ConditionalOnMissingBean (types: org.springframework.boot.autoconfigure.web.client.RestClientSsl; SearchStrategy: all) did not find any beans (OnBeanCondition)

   RestTemplateAutoConfiguration matched:
      - @ConditionalOnClass found required class 'org.springframework.web.client.RestTemplate' (OnClassCondition)
      - NoneNestedConditions 0 matched 1 did not; NestedCondition on NotReactiveWebApplicationCondition.ReactiveWebApplication did not find reactive web application classes (NotReactiveWebApplicationCondition)

   RestTemplateAutoConfiguration#restTemplateBuilder matched:
      - @ConditionalOnMissingBean (types: org.springframework.boot.web.client.RestTemplateBuilder; SearchStrategy: all) did not find any beans (OnBeanCondition)

   SecurityAutoConfiguration matched:
      - @ConditionalOnClass found required class 'org.springframework.security.authentication.DefaultAuthenticationEventPublisher' (OnClassCondition)

   SecurityAutoConfiguration#authenticationEventPublisher matched:
      - @ConditionalOnMissingBean (types: org.springframework.security.authentication.AuthenticationEventPublisher; SearchStrategy: all) did not find any beans (OnBeanCondition)

   SecurityFilterAutoConfiguration matched:
      - @ConditionalOnClass found required classes 'org.springframework.security.web.context.AbstractSecurityWebApplicationInitializer', 'org.springframework.security.config.http.SessionCreationPolicy' (OnClassCondition)
      - found 'session' scope (OnWebApplicationCondition)

   SecurityFilterAutoConfiguration#securityFilterChainRegistration matched:
      - @ConditionalOnBean (names: springSecurityFilterChain; SearchStrategy: all) found bean 'springSecurityFilterChain' (OnBeanCondition)

   ServletWebServerFactoryAutoConfiguration matched:
      - @ConditionalOnClass found required class 'jakarta.servlet.ServletRequest' (OnClassCondition)
      - found 'session' scope (OnWebApplicationCondition)

   ServletWebServerFactoryAutoConfiguration#tomcatServletWebServerFactoryCustomizer matched:
      - @ConditionalOnClass found required class 'org.apache.catalina.startup.Tomcat' (OnClassCondition)

   ServletWebServerFactoryConfiguration.EmbeddedTomcat matched:
      - @ConditionalOnClass found required classes 'jakarta.servlet.Servlet', 'org.apache.catalina.startup.Tomcat', 'org.apache.coyote.UpgradeProtocol' (OnClassCondition)
      - @ConditionalOnMissingBean (types: org.springframework.boot.web.servlet.server.ServletWebServerFactory; SearchStrategy: current) did not find any beans (OnBeanCondition)

   SimpleCacheConfiguration matched:
      - Cache org.springframework.boot.autoconfigure.cache.SimpleCacheConfiguration automatic cache type (CacheCondition)

   SpringBootWebSecurityConfiguration matched:
      - found 'session' scope (OnWebApplicationCondition)

   SpringBootWebSecurityConfiguration.WebSecurityEnablerConfiguration matched:
      - @ConditionalOnClass found required class 'org.springframework.security.config.annotation.web.configuration.EnableWebSecurity' (OnClassCondition)
      - @ConditionalOnMissingBean (names: springSecurityFilterChain; SearchStrategy: all) did not find any beans (OnBeanCondition)

   SpringDataWebAutoConfiguration matched:
      - @ConditionalOnClass found required classes 'org.springframework.data.web.PageableHandlerMethodArgumentResolver', 'org.springframework.web.servlet.config.annotation.WebMvcConfigurer' (OnClassCondition)
      - found 'session' scope (OnWebApplicationCondition)
      - @ConditionalOnMissingBean (types: org.springframework.data.web.PageableHandlerMethodArgumentResolver; SearchStrategy: all) did not find any beans (OnBeanCondition)

   SpringDataWebAutoConfiguration#pageableCustomizer matched:
      - @ConditionalOnMissingBean (types: org.springframework.data.web.config.PageableHandlerMethodArgumentResolverCustomizer; SearchStrategy: all) did not find any beans (OnBeanCondition)

   SpringDataWebAutoConfiguration#sortCustomizer matched:
      - @ConditionalOnMissingBean (types: org.springframework.data.web.config.SortHandlerMethodArgumentResolverCustomizer; SearchStrategy: all) did not find any beans (OnBeanCondition)

   SpringDocConfigProperties matched:
      - @ConditionalOnProperty (springdoc.api-docs.enabled) matched (OnPropertyCondition)
      - @ConditionalOnBean (types: org.springdoc.core.configuration.SpringDocConfiguration; SearchStrategy: all) found bean 'org.springdoc.core.configuration.SpringDocConfiguration' (OnBeanCondition)

   SpringDocConfiguration matched:
      - @ConditionalOnWebApplication (required) found 'session' scope (OnWebApplicationCondition)
      - @ConditionalOnProperty (springdoc.api-docs.enabled) matched (OnPropertyCondition)

   SpringDocConfiguration#fileSupportConverter matched:
      - @ConditionalOnMissingBean (types: org.springdoc.core.converters.FileSupportConverter; SearchStrategy: all) did not find any beans (OnBeanCondition)

   SpringDocConfiguration#openAPIBuilder matched:
      - @ConditionalOnMissingBean (types: org.springdoc.core.service.OpenAPIService; SearchStrategy: all) did not find any beans (OnBeanCondition)

   SpringDocConfiguration#operationBuilder matched:
      - @ConditionalOnMissingBean (types: org.springdoc.core.service.OperationService; SearchStrategy: all) did not find any beans (OnBeanCondition)

   SpringDocConfiguration#parameterBuilder matched:
      - @ConditionalOnMissingBean (types: org.springdoc.core.service.GenericParameterService; SearchStrategy: all) did not find any beans (OnBeanCondition)

   SpringDocConfiguration#polymorphicModelConverter matched:
      - @ConditionalOnProperty (springdoc.model-converters.polymorphic-converter.enabled) matched (OnPropertyCondition)
      - @ConditionalOnMissingBean (types: org.springdoc.core.converters.PolymorphicModelConverter; SearchStrategy: all) did not find any beans (OnBeanCondition)

   SpringDocConfiguration#requestBodyBuilder matched:
      - @ConditionalOnMissingBean (types: org.springdoc.core.service.RequestBodyService; SearchStrategy: all) did not find any beans (OnBeanCondition)

   SpringDocConfiguration#responseSupportConverter matched:
      - @ConditionalOnMissingBean (types: org.springdoc.core.converters.ResponseSupportConverter; SearchStrategy: all) did not find any beans (OnBeanCondition)

   SpringDocConfiguration#schemaPropertyDeprecatingConverter matched:
      - @ConditionalOnProperty (springdoc.model-converters.deprecating-converter.enabled) matched (OnPropertyCondition)
      - @ConditionalOnMissingBean (types: org.springdoc.core.converters.SchemaPropertyDeprecatingConverter; SearchStrategy: all) did not find any beans (OnBeanCondition)

   SpringDocConfiguration#securityParser matched:
      - @ConditionalOnMissingBean (types: org.springdoc.core.service.SecurityService; SearchStrategy: all) did not find any beans (OnBeanCondition)

   SpringDocConfiguration#springDocCustomizers matched:
      - @ConditionalOnMissingBean (types: org.springdoc.core.customizers.SpringDocCustomizers; SearchStrategy: all) did not find any beans (OnBeanCondition)

   SpringDocConfiguration#springDocProviders matched:
      - @ConditionalOnMissingBean (types: org.springdoc.core.providers.SpringDocProviders; SearchStrategy: all) did not find any beans (OnBeanCondition)

   SpringDocConfiguration#springdocObjectMapperProvider matched:
      - @ConditionalOnMissingBean (types: org.springdoc.core.providers.ObjectMapperProvider; SearchStrategy: all) did not find any beans (OnBeanCondition)

   SpringDocConfiguration.QuerydslProvider matched:
      - @ConditionalOnClass found required class 'org.springframework.data.querydsl.binding.QuerydslBindingsFactory' (OnClassCondition)

   SpringDocConfiguration.QuerydslProvider#queryDslQuerydslPredicateOperationCustomizer matched:
      - @ConditionalOnMissingBean (types: org.springdoc.core.customizers.QuerydslPredicateOperationCustomizer; SearchStrategy: all) did not find any beans (OnBeanCondition)

   SpringDocConfiguration.SpringDocSpringDataWebPropertiesProvider matched:
      - @ConditionalOnClass found required class 'org.springframework.boot.autoconfigure.data.web.SpringDataWebProperties' (OnClassCondition)

   SpringDocConfiguration.SpringDocSpringDataWebPropertiesProvider#springDataWebPropertiesProvider matched:
      - @ConditionalOnMissingBean (types: org.springdoc.core.providers.SpringDataWebPropertiesProvider; SearchStrategy: all) did not find any beans (OnBeanCondition)

   SpringDocConfiguration.WebConversionServiceConfiguration matched:
      - @ConditionalOnClass found required class 'org.springframework.boot.autoconfigure.web.format.WebConversionService' (OnClassCondition)

   SpringDocKotlinConfiguration matched:
      - @ConditionalOnClass found required class 'kotlin.coroutines.Continuation' (OnClassCondition)
      - @ConditionalOnWebApplication (required) found 'session' scope (OnWebApplicationCondition)
      - @ConditionalOnProperty (springdoc.api-docs.enabled) matched (OnPropertyCondition)
      - @ConditionalOnExpression (#{${springdoc.api-docs.enabled:true} and ${springdoc.enable-kotlin:true}}) resulted in true (OnExpressionCondition)
      - @ConditionalOnBean (types: org.springdoc.core.configuration.SpringDocConfiguration; SearchStrategy: all) found bean 'org.springdoc.core.configuration.SpringDocConfiguration' (OnBeanCondition)

   SpringDocKotlinConfiguration#kotlinCoroutinesReturnTypeParser matched:
      - @ConditionalOnMissingBean (types: org.springdoc.core.parsers.KotlinCoroutinesReturnTypeParser; SearchStrategy: all) did not find any beans (OnBeanCondition)

   SpringDocKotlinConfiguration#nullableKotlinRequestParameterCustomizer matched:
      - @ConditionalOnProperty (springdoc.nullable-request-parameter-enabled) matched (OnPropertyCondition)
      - @ConditionalOnMissingBean (types: org.springdoc.core.customizers.ParameterCustomizer; SearchStrategy: all) did not find any beans (OnBeanCondition)

   SpringDocPageableConfiguration matched:
      - @ConditionalOnClass found required class 'org.springframework.data.domain.Pageable' (OnClassCondition)
      - @ConditionalOnWebApplication (required) found 'session' scope (OnWebApplicationCondition)
      - @ConditionalOnProperty (springdoc.api-docs.enabled) matched (OnPropertyCondition)
      - @ConditionalOnBean (types: org.springdoc.core.configuration.SpringDocConfiguration; SearchStrategy: all) found bean 'org.springdoc.core.configuration.SpringDocConfiguration' (OnBeanCondition)

   SpringDocPageableConfiguration#delegatingMethodParameterCustomizer matched:
      - @ConditionalOnMissingBean (types: org.springdoc.core.customizers.DelegatingMethodParameterCustomizer; SearchStrategy: all) did not find any beans (OnBeanCondition)

   SpringDocPageableConfiguration#pageOpenAPIConverter matched:
      - @ConditionalOnClass found required classes 'org.springframework.data.web.PagedModel', 'org.springframework.data.web.config.SpringDataWebSettings' (OnClassCondition)
      - @ConditionalOnMissingBean (types: org.springdoc.core.converters.PageOpenAPIConverter; SearchStrategy: all) did not find any beans (OnBeanCondition)

   SpringDocPageableConfiguration#pageableOpenAPIConverter matched:
      - @ConditionalOnProperty (springdoc.model-converters.pageable-converter.enabled) matched (OnPropertyCondition)
      - @ConditionalOnMissingBean (types: org.springdoc.core.converters.PageableOpenAPIConverter; SearchStrategy: all) did not find any beans (OnBeanCondition)

   SpringDocSecurityConfiguration matched:
      - @ConditionalOnClass found required class 'org.springframework.security.web.SecurityFilterChain' (OnClassCondition)
      - @ConditionalOnWebApplication (required) found 'session' scope (OnWebApplicationCondition)
      - @ConditionalOnExpression (#{${springdoc.api-docs.enabled:true} and ${springdoc.enable-spring-security:true}}) resulted in true (OnExpressionCondition)
      - @ConditionalOnBean (types: org.springdoc.core.configuration.SpringDocConfiguration; SearchStrategy: all) found bean 'org.springdoc.core.configuration.SpringDocConfiguration' (OnBeanCondition)

   SpringDocSecurityConfiguration.SpringSecurityLoginEndpointConfiguration matched:
      - @ConditionalOnClass found required class 'jakarta.servlet.Filter' (OnClassCondition)

   SpringDocSortConfiguration matched:
      - @ConditionalOnClass found required class 'org.springframework.data.domain.Sort' (OnClassCondition)
      - @ConditionalOnWebApplication (required) found 'session' scope (OnWebApplicationCondition)
      - @ConditionalOnProperty (springdoc.api-docs.enabled) matched (OnPropertyCondition)
      - @ConditionalOnBean (types: org.springdoc.core.configuration.SpringDocConfiguration; SearchStrategy: all) found bean 'org.springdoc.core.configuration.SpringDocConfiguration' (OnBeanCondition)

   SpringDocSortConfiguration#sortOpenAPIConverter matched:
      - @ConditionalOnProperty (springdoc.sort-converter.enabled) matched (OnPropertyCondition)
      - @ConditionalOnMissingBean (types: org.springdoc.core.converters.SortOpenAPIConverter; SearchStrategy: all) did not find any beans (OnBeanCondition)

   SpringDocUIConfiguration matched:
      - @ConditionalOnWebApplication (required) found 'session' scope (OnWebApplicationCondition)
      - @ConditionalOnBean (types: org.springdoc.core.configuration.SpringDocConfiguration; SearchStrategy: all) found bean 'org.springdoc.core.configuration.SpringDocConfiguration' (OnBeanCondition)

   SpringDocWebMvcConfiguration matched:
      - found 'session' scope (OnWebApplicationCondition)
      - @ConditionalOnProperty (springdoc.api-docs.enabled) matched (OnPropertyCondition)
      - @ConditionalOnBean (types: org.springdoc.core.configuration.SpringDocConfiguration; SearchStrategy: all) found bean 'org.springdoc.core.configuration.SpringDocConfiguration' (OnBeanCondition)

   SpringDocWebMvcConfiguration#openApiResource matched:
      - @ConditionalOnExpression (#{(${springdoc.use-management-port:false} == false ) and ${springdoc.enable-default-api-docs:true}}) resulted in true (OnExpressionCondition)
      - @ConditionalOnMissingBean (types: org.springdoc.webmvc.api.OpenApiWebMvcResource; SearchStrategy: all) did not find any beans (OnBeanCondition)

   SpringDocWebMvcConfiguration#requestBuilder matched:
      - @ConditionalOnMissingBean (types: org.springdoc.webmvc.core.service.RequestService; SearchStrategy: all) did not find any beans (OnBeanCondition)

   SpringDocWebMvcConfiguration#responseBuilder matched:
      - @ConditionalOnMissingBean (types: org.springdoc.core.service.GenericResponseService; SearchStrategy: all) did not find any beans (OnBeanCondition)

   SpringDocWebMvcConfiguration#springWebProvider matched:
      - @ConditionalOnMissingBean (types: org.springdoc.core.providers.SpringWebProvider; SearchStrategy: all) did not find any beans (OnBeanCondition)

   SpringDocWebMvcConfiguration.SpringDocWebMvcRouterConfiguration matched:
      - @ConditionalOnClass found required class 'org.springframework.web.servlet.function.RouterFunction' (OnClassCondition)

   SpringDocWebMvcConfiguration.SpringDocWebMvcRouterConfiguration#routerFunctionProvider matched:
      - @ConditionalOnMissingBean (types: org.springdoc.webmvc.core.providers.RouterFunctionWebMvcProvider; SearchStrategy: all) did not find any beans (OnBeanCondition)

   SqlInitializationAutoConfiguration matched:
      - @ConditionalOnProperty (spring.sql.init.enabled) matched (OnPropertyCondition)
      - NoneNestedConditions 0 matched 1 did not; NestedCondition on SqlInitializationAutoConfiguration.SqlInitializationModeCondition.ModeIsNever @ConditionalOnProperty (spring.sql.init.mode=never) did not find property 'mode' (SqlInitializationAutoConfiguration.SqlInitializationModeCondition)

   SslAutoConfiguration#sslBundleRegistry matched:
      - @ConditionalOnMissingBean (types: org.springframework.boot.ssl.SslBundleRegistry,org.springframework.boot.ssl.SslBundles; SearchStrategy: all) did not find any beans (OnBeanCondition)

   SwaggerConfig matched:
      - found 'session' scope (OnWebApplicationCondition)
      - @ConditionalOnProperty (springdoc.swagger-ui.enabled) matched (OnPropertyCondition)
      - @ConditionalOnBean (types: org.springdoc.core.configuration.SpringDocConfiguration; SearchStrategy: all) found bean 'org.springdoc.core.configuration.SpringDocConfiguration' (OnBeanCondition)

   SwaggerConfig#indexPageTransformer matched:
      - @ConditionalOnMissingBean (types: org.springdoc.webmvc.ui.SwaggerIndexTransformer; SearchStrategy: all) did not find any beans (OnBeanCondition)

   SwaggerConfig#swaggerConfigResource matched:
      - @ConditionalOnProperty (springdoc.use-management-port=false) matched (OnPropertyCondition)
      - @ConditionalOnMissingBean (types: org.springdoc.webmvc.ui.SwaggerConfigResource; SearchStrategy: all) did not find any beans (OnBeanCondition)

   SwaggerConfig#swaggerResourceResolver matched:
      - @ConditionalOnMissingBean (types: org.springdoc.webmvc.ui.SwaggerResourceResolver; SearchStrategy: all) did not find any beans (OnBeanCondition)

   SwaggerConfig#swaggerWebMvcConfigurer matched:
      - @ConditionalOnMissingBean (types: org.springdoc.webmvc.ui.SwaggerWebMvcConfigurer; SearchStrategy: all) did not find any beans (OnBeanCondition)

   SwaggerConfig#swaggerWelcome matched:
      - @ConditionalOnProperty (springdoc.use-management-port=false) matched (OnPropertyCondition)
      - @ConditionalOnMissingBean (types: org.springdoc.webmvc.ui.SwaggerWelcomeWebMvc; SearchStrategy: all) did not find any beans (OnBeanCondition)

   SwaggerUiConfigParameters matched:
      - @ConditionalOnProperty (springdoc.swagger-ui.enabled) matched (OnPropertyCondition)
      - @ConditionalOnBean (types: org.springdoc.core.configuration.SpringDocConfiguration; SearchStrategy: all) found bean 'org.springdoc.core.configuration.SpringDocConfiguration' (OnBeanCondition)

   SwaggerUiConfigProperties matched:
      - @ConditionalOnProperty (springdoc.swagger-ui.enabled) matched (OnPropertyCondition)
      - @ConditionalOnBean (types: org.springdoc.core.configuration.SpringDocConfiguration; SearchStrategy: all) found bean 'org.springdoc.core.configuration.SpringDocConfiguration' (OnBeanCondition)

   SwaggerUiOAuthProperties matched:
      - @ConditionalOnProperty (springdoc.swagger-ui.enabled) matched (OnPropertyCondition)
      - @ConditionalOnBean (types: org.springdoc.core.configuration.SpringDocConfiguration; SearchStrategy: all) found bean 'org.springdoc.core.configuration.SpringDocConfiguration' (OnBeanCondition)

   TaskExecutionAutoConfiguration matched:
      - @ConditionalOnClass found required class 'org.springframework.scheduling.concurrent.ThreadPoolTaskExecutor' (OnClassCondition)

   TaskExecutorConfigurations.SimpleAsyncTaskExecutorBuilderConfiguration#simpleAsyncTaskExecutorBuilder matched:
      - @ConditionalOnMissingBean (types: org.springframework.boot.task.SimpleAsyncTaskExecutorBuilder; SearchStrategy: all) did not find any beans (OnBeanCondition)
      - @ConditionalOnThreading found PLATFORM (OnThreadingCondition)

   TaskExecutorConfigurations.TaskExecutorBuilderConfiguration#taskExecutorBuilder matched:
      - @ConditionalOnMissingBean (types: org.springframework.boot.task.TaskExecutorBuilder; SearchStrategy: all) did not find any beans (OnBeanCondition)

   TaskExecutorConfigurations.TaskExecutorConfiguration matched:
      - @ConditionalOnMissingBean (types: java.util.concurrent.Executor; SearchStrategy: all) did not find any beans (OnBeanCondition)

   TaskExecutorConfigurations.TaskExecutorConfiguration#applicationTaskExecutor matched:
      - @ConditionalOnThreading found PLATFORM (OnThreadingCondition)

   TaskExecutorConfigurations.ThreadPoolTaskExecutorBuilderConfiguration#threadPoolTaskExecutorBuilder matched:
      - @ConditionalOnMissingBean (types: org.springframework.boot.task.TaskExecutorBuilder,org.springframework.boot.task.ThreadPoolTaskExecutorBuilder; SearchStrategy: all) did not find any beans (OnBeanCondition)

   TaskSchedulingAutoConfiguration matched:
      - @ConditionalOnClass found required class 'org.springframework.scheduling.concurrent.ThreadPoolTaskScheduler' (OnClassCondition)

   TaskSchedulingConfigurations.SimpleAsyncTaskSchedulerBuilderConfiguration#simpleAsyncTaskSchedulerBuilder matched:
      - @ConditionalOnMissingBean (types: org.springframework.boot.task.SimpleAsyncTaskSchedulerBuilder; SearchStrategy: all) did not find any beans (OnBeanCondition)
      - @ConditionalOnThreading found PLATFORM (OnThreadingCondition)

   TaskSchedulingConfigurations.TaskSchedulerBuilderConfiguration#taskSchedulerBuilder matched:
      - @ConditionalOnMissingBean (types: org.springframework.boot.task.TaskSchedulerBuilder; SearchStrategy: all) did not find any beans (OnBeanCondition)

   TaskSchedulingConfigurations.ThreadPoolTaskSchedulerBuilderConfiguration#threadPoolTaskSchedulerBuilder matched:
      - @ConditionalOnMissingBean (types: org.springframework.boot.task.TaskSchedulerBuilder,org.springframework.boot.task.ThreadPoolTaskSchedulerBuilder; SearchStrategy: all) did not find any beans (OnBeanCondition)

   TransactionAutoConfiguration matched:
      - @ConditionalOnClass found required class 'org.springframework.transaction.PlatformTransactionManager' (OnClassCondition)

   TransactionAutoConfiguration.EnableTransactionManagementConfiguration matched:
      - @ConditionalOnBean (types: org.springframework.transaction.TransactionManager; SearchStrategy: all) found bean 'transactionManager'; @ConditionalOnMissingBean (types: org.springframework.transaction.annotation.AbstractTransactionManagementConfiguration; SearchStrategy: all) did not find any beans (OnBeanCondition)

   TransactionAutoConfiguration.EnableTransactionManagementConfiguration.CglibAutoProxyConfiguration matched:
      - @ConditionalOnProperty (spring.aop.proxy-target-class=true) matched (OnPropertyCondition)

   TransactionAutoConfiguration.TransactionTemplateConfiguration matched:
      - @ConditionalOnSingleCandidate (types: org.springframework.transaction.PlatformTransactionManager; SearchStrategy: all) found a single bean 'transactionManager' (OnBeanCondition)

   TransactionAutoConfiguration.TransactionTemplateConfiguration#transactionTemplate matched:
      - @ConditionalOnMissingBean (types: org.springframework.transaction.support.TransactionOperations; SearchStrategy: all) did not find any beans (OnBeanCondition)

   TransactionManagerCustomizationAutoConfiguration matched:
      - @ConditionalOnClass found required class 'org.springframework.transaction.PlatformTransactionManager' (OnClassCondition)

   TransactionManagerCustomizationAutoConfiguration#platformTransactionManagerCustomizers matched:
      - @ConditionalOnMissingBean (types: org.springframework.boot.autoconfigure.transaction.TransactionManagerCustomizers; SearchStrategy: all) did not find any beans (OnBeanCondition)

   ValidationAutoConfiguration matched:
      - @ConditionalOnClass found required class 'jakarta.validation.executable.ExecutableValidator' (OnClassCondition)
      - @ConditionalOnResource found location classpath:META-INF/services/jakarta.validation.spi.ValidationProvider (OnResourceCondition)

   ValidationAutoConfiguration#defaultValidator matched:
      - @ConditionalOnMissingBean (types: jakarta.validation.Validator; SearchStrategy: all) did not find any beans (OnBeanCondition)

   ValidationAutoConfiguration#methodValidationPostProcessor matched:
      - @ConditionalOnMissingBean (types: org.springframework.validation.beanvalidation.MethodValidationPostProcessor; SearchStrategy: current) did not find any beans (OnBeanCondition)

   WebMvcAutoConfiguration matched:
      - @ConditionalOnClass found required classes 'jakarta.servlet.Servlet', 'org.springframework.web.servlet.DispatcherServlet', 'org.springframework.web.servlet.config.annotation.WebMvcConfigurer' (OnClassCondition)
      - found 'session' scope (OnWebApplicationCondition)
      - @ConditionalOnMissingBean (types: org.springframework.web.servlet.config.annotation.WebMvcConfigurationSupport; SearchStrategy: all) did not find any beans (OnBeanCondition)

   WebMvcAutoConfiguration#formContentFilter matched:
      - @ConditionalOnProperty (spring.mvc.formcontent.filter.enabled) matched (OnPropertyCondition)
      - @ConditionalOnMissingBean (types: org.springframework.web.filter.FormContentFilter; SearchStrategy: all) did not find any beans (OnBeanCondition)

   WebMvcAutoConfiguration.EnableWebMvcConfiguration#flashMapManager matched:
      - @ConditionalOnMissingBean (names: flashMapManager; SearchStrategy: all) did not find any beans (OnBeanCondition)

   WebMvcAutoConfiguration.EnableWebMvcConfiguration#localeResolver matched:
      - @ConditionalOnMissingBean (names: localeResolver; SearchStrategy: all) did not find any beans (OnBeanCondition)

   WebMvcAutoConfiguration.EnableWebMvcConfiguration#themeResolver matched:
      - @ConditionalOnMissingBean (names: themeResolver; SearchStrategy: all) did not find any beans (OnBeanCondition)

   WebMvcAutoConfiguration.WebMvcAutoConfigurationAdapter#defaultViewResolver matched:
      - @ConditionalOnMissingBean (types: org.springframework.web.servlet.view.InternalResourceViewResolver; SearchStrategy: all) did not find any beans (OnBeanCondition)

   WebMvcAutoConfiguration.WebMvcAutoConfigurationAdapter#requestContextFilter matched:
      - @ConditionalOnMissingBean (types: org.springframework.web.context.request.RequestContextListener,org.springframework.web.filter.RequestContextFilter; SearchStrategy: all) did not find any beans (OnBeanCondition)

   WebMvcAutoConfiguration.WebMvcAutoConfigurationAdapter#viewResolver matched:
      - @ConditionalOnBean (types: org.springframework.web.servlet.ViewResolver; SearchStrategy: all) found beans 'defaultViewResolver', 'beanNameViewResolver', 'mvcViewResolver'; @ConditionalOnMissingBean (names: viewResolver types: org.springframework.web.servlet.view.ContentNegotiatingViewResolver; SearchStrategy: all) did not find any beans (OnBeanCondition)

   WebSocketServletAutoConfiguration matched:
      - @ConditionalOnClass found required classes 'jakarta.servlet.Servlet', 'jakarta.websocket.server.ServerContainer' (OnClassCondition)
      - found 'session' scope (OnWebApplicationCondition)

   WebSocketServletAutoConfiguration.TomcatWebSocketConfiguration matched:
      - @ConditionalOnClass found required classes 'org.apache.catalina.startup.Tomcat', 'org.apache.tomcat.websocket.server.WsSci' (OnClassCondition)

   WebSocketServletAutoConfiguration.TomcatWebSocketConfiguration#websocketServletWebServerCustomizer matched:
      - @ConditionalOnMissingBean (names: websocketServletWebServerCustomizer; SearchStrategy: all) did not find any beans (OnBeanCondition)


Negative matches:
-----------------

   ActiveMQAutoConfiguration:
      Did not match:
         - @ConditionalOnClass did not find required class 'jakarta.jms.ConnectionFactory' (OnClassCondition)

   AopAutoConfiguration.AspectJAutoProxyingConfiguration.JdkDynamicAutoProxyConfiguration:
      Did not match:
         - @ConditionalOnProperty (spring.aop.proxy-target-class=false) did not find property 'proxy-target-class' (OnPropertyCondition)

   AopAutoConfiguration.ClassProxyingConfiguration:
      Did not match:
         - @ConditionalOnMissingClass found unwanted class 'org.aspectj.weaver.Advice' (OnClassCondition)

   ArtemisAutoConfiguration:
      Did not match:
         - @ConditionalOnClass did not find required class 'jakarta.jms.ConnectionFactory' (OnClassCondition)

   BatchAutoConfiguration:
      Did not match:
         - @ConditionalOnClass did not find required class 'org.springframework.batch.core.launch.JobLauncher' (OnClassCondition)

   Cache2kCacheConfiguration:
      Did not match:
         - @ConditionalOnClass did not find required class 'org.cache2k.Cache2kBuilder' (OnClassCondition)

   CacheAutoConfiguration:
      Did not match:
         - @ConditionalOnBean (types: org.springframework.cache.interceptor.CacheAspectSupport; SearchStrategy: all) did not find any beans of type org.springframework.cache.interceptor.CacheAspectSupport (OnBeanCondition)
      Matched:
         - @ConditionalOnClass found required class 'org.springframework.cache.CacheManager' (OnClassCondition)

   CacheAutoConfiguration.CacheManagerEntityManagerFactoryDependsOnPostProcessor:
      Did not match:
         - Ancestor org.springframework.boot.autoconfigure.cache.CacheAutoConfiguration did not match (ConditionEvaluationReport.AncestorsMatchedCondition)
      Matched:
         - @ConditionalOnClass found required class 'org.springframework.orm.jpa.LocalContainerEntityManagerFactoryBean' (OnClassCondition)

   CaffeineCacheConfiguration:
      Did not match:
         - @ConditionalOnClass did not find required class 'com.github.benmanes.caffeine.cache.Caffeine' (OnClassCondition)

   CassandraAutoConfiguration:
      Did not match:
         - @ConditionalOnClass did not find required class 'com.datastax.oss.driver.api.core.CqlSession' (OnClassCondition)

   CassandraDataAutoConfiguration:
      Did not match:
         - @ConditionalOnClass did not find required class 'com.datastax.oss.driver.api.core.CqlSession' (OnClassCondition)

   CassandraReactiveDataAutoConfiguration:
      Did not match:
         - @ConditionalOnClass did not find required class 'com.datastax.oss.driver.api.core.CqlSession' (OnClassCondition)

   CassandraReactiveRepositoriesAutoConfiguration:
      Did not match:
         - @ConditionalOnClass did not find required class 'org.springframework.data.cassandra.ReactiveSession' (OnClassCondition)

   CassandraRepositoriesAutoConfiguration:
      Did not match:
         - @ConditionalOnClass did not find required class 'com.datastax.oss.driver.api.core.CqlSession' (OnClassCondition)

   ClientHttpConnectorAutoConfiguration:
      Did not match:
         - @ConditionalOnClass did not find required class 'org.springframework.web.reactive.function.client.WebClient' (OnClassCondition)

   CodecsAutoConfiguration:
      Did not match:
         - @ConditionalOnClass did not find required class 'org.springframework.web.reactive.function.client.WebClient' (OnClassCondition)

   CouchbaseAutoConfiguration:
      Did not match:
         - @ConditionalOnClass did not find required class 'com.couchbase.client.java.Cluster' (OnClassCondition)

   CouchbaseCacheConfiguration:
      Did not match:
         - @ConditionalOnClass did not find required class 'com.couchbase.client.java.Cluster' (OnClassCondition)

   CouchbaseDataAutoConfiguration:
      Did not match:
         - @ConditionalOnClass did not find required class 'com.couchbase.client.java.Bucket' (OnClassCondition)

   CouchbaseReactiveDataAutoConfiguration:
      Did not match:
         - @ConditionalOnClass did not find required class 'com.couchbase.client.java.Cluster' (OnClassCondition)

   CouchbaseReactiveRepositoriesAutoConfiguration:
      Did not match:
         - @ConditionalOnClass did not find required class 'com.couchbase.client.java.Cluster' (OnClassCondition)

   CouchbaseRepositoriesAutoConfiguration:
      Did not match:
         - @ConditionalOnClass did not find required class 'com.couchbase.client.java.Bucket' (OnClassCondition)

   DataSourceAutoConfiguration.EmbeddedDatabaseConfiguration:
      Did not match:
         - EmbeddedDataSource spring.datasource.url is set (DataSourceAutoConfiguration.EmbeddedDatabaseCondition)

   DataSourceCheckpointRestoreConfiguration:
      Did not match:
         - @ConditionalOnClass did not find required class 'org.crac.Resource' (OnClassCondition)

   DataSourceConfiguration.Dbcp2:
      Did not match:
         - @ConditionalOnClass did not find required class 'org.apache.commons.dbcp2.BasicDataSource' (OnClassCondition)

   DataSourceConfiguration.Generic:
      Did not match:
         - @ConditionalOnProperty (spring.datasource.type) did not find property 'spring.datasource.type' (OnPropertyCondition)

   DataSourceConfiguration.OracleUcp:
      Did not match:
         - @ConditionalOnClass did not find required classes 'oracle.ucp.jdbc.PoolDataSourceImpl', 'oracle.jdbc.OracleConnection' (OnClassCondition)

   DataSourceConfiguration.Tomcat:
      Did not match:
         - @ConditionalOnClass did not find required class 'org.apache.tomcat.jdbc.pool.DataSource' (OnClassCondition)

   DataSourceJmxConfiguration.TomcatDataSourceJmxConfiguration:
      Did not match:
         - @ConditionalOnClass did not find required class 'org.apache.tomcat.jdbc.pool.DataSourceProxy' (OnClassCondition)

   DataSourcePoolMetadataProvidersConfiguration.CommonsDbcp2PoolDataSourceMetadataProviderConfiguration:
      Did not match:
         - @ConditionalOnClass did not find required class 'org.apache.commons.dbcp2.BasicDataSource' (OnClassCondition)

   DataSourcePoolMetadataProvidersConfiguration.OracleUcpPoolDataSourceMetadataProviderConfiguration:
      Did not match:
         - @ConditionalOnClass did not find required classes 'oracle.ucp.jdbc.PoolDataSource', 'oracle.jdbc.OracleConnection' (OnClassCondition)

   DataSourcePoolMetadataProvidersConfiguration.TomcatDataSourcePoolMetadataProviderConfiguration:
      Did not match:
         - @ConditionalOnClass did not find required class 'org.apache.tomcat.jdbc.pool.DataSource' (OnClassCondition)

   DataSourceTransactionManagerAutoConfiguration.JdbcTransactionManagerConfiguration#transactionManager:
      Did not match:
         - @ConditionalOnMissingBean (types: org.springframework.transaction.TransactionManager; SearchStrategy: all) found beans of type 'org.springframework.transaction.TransactionManager' transactionManager (OnBeanCondition)

   DispatcherServletAutoConfiguration.DispatcherServletConfiguration#multipartResolver:
      Did not match:
         - @ConditionalOnBean (types: org.springframework.web.multipart.MultipartResolver; SearchStrategy: all) did not find any beans of type org.springframework.web.multipart.MultipartResolver (OnBeanCondition)

   ElasticsearchClientAutoConfiguration:
      Did not match:
         - @ConditionalOnClass did not find required class 'co.elastic.clients.elasticsearch.ElasticsearchClient' (OnClassCondition)

   ElasticsearchDataAutoConfiguration:
      Did not match:
         - @ConditionalOnClass did not find required class 'org.springframework.data.elasticsearch.client.elc.ElasticsearchTemplate' (OnClassCondition)

   ElasticsearchRepositoriesAutoConfiguration:
      Did not match:
         - @ConditionalOnClass did not find required class 'org.springframework.data.elasticsearch.repository.ElasticsearchRepository' (OnClassCondition)

   ElasticsearchRestClientAutoConfiguration:
      Did not match:
         - @ConditionalOnClass did not find required class 'org.elasticsearch.client.RestClientBuilder' (OnClassCondition)

   EmbeddedLdapAutoConfiguration:
      Did not match:
         - @ConditionalOnClass did not find required class 'com.unboundid.ldap.listener.InMemoryDirectoryServer' (OnClassCondition)

   EmbeddedWebServerFactoryCustomizerAutoConfiguration.JettyWebServerFactoryCustomizerConfiguration:
      Did not match:
         - @ConditionalOnClass did not find required classes 'org.eclipse.jetty.server.Server', 'org.eclipse.jetty.util.Loader', 'org.eclipse.jetty.ee10.webapp.WebAppContext' (OnClassCondition)

   EmbeddedWebServerFactoryCustomizerAutoConfiguration.NettyWebServerFactoryCustomizerConfiguration:
      Did not match:
         - @ConditionalOnClass did not find required class 'reactor.netty.http.server.HttpServer' (OnClassCondition)

   EmbeddedWebServerFactoryCustomizerAutoConfiguration.TomcatWebServerFactoryCustomizerConfiguration#tomcatVirtualThreadsProtocolHandlerCustomizer:
      Did not match:
         - @ConditionalOnThreading did not find VIRTUAL (OnThreadingCondition)

   EmbeddedWebServerFactoryCustomizerAutoConfiguration.UndertowWebServerFactoryCustomizerConfiguration:
      Did not match:
         - @ConditionalOnClass did not find required classes 'io.undertow.Undertow', 'org.xnio.SslClientAuthMode' (OnClassCondition)

   ErrorWebFluxAutoConfiguration:
      Did not match:
         - @ConditionalOnClass did not find required class 'org.springframework.web.reactive.config.WebFluxConfigurer' (OnClassCondition)

   FlywayAutoConfiguration:
      Did not match:
         - @ConditionalOnClass did not find required class 'org.flywaydb.core.Flyway' (OnClassCondition)

   FreeMarkerAutoConfiguration:
      Did not match:
         - @ConditionalOnClass did not find required class 'freemarker.template.Configuration' (OnClassCondition)

   GraphQlAutoConfiguration:
      Did not match:
         - @ConditionalOnClass did not find required class 'graphql.GraphQL' (OnClassCondition)

   GraphQlQueryByExampleAutoConfiguration:
      Did not match:
         - @ConditionalOnClass did not find required class 'graphql.GraphQL' (OnClassCondition)

   GraphQlQuerydslAutoConfiguration:
      Did not match:
         - @ConditionalOnClass did not find required class 'com.querydsl.core.Query' (OnClassCondition)

   GraphQlRSocketAutoConfiguration:
      Did not match:
         - @ConditionalOnClass did not find required class 'graphql.GraphQL' (OnClassCondition)

   GraphQlReactiveQueryByExampleAutoConfiguration:
      Did not match:
         - @ConditionalOnClass did not find required class 'graphql.GraphQL' (OnClassCondition)

   GraphQlReactiveQuerydslAutoConfiguration:
      Did not match:
         - @ConditionalOnClass did not find required class 'com.querydsl.core.Query' (OnClassCondition)

   GraphQlWebFluxAutoConfiguration:
      Did not match:
         - @ConditionalOnClass did not find required class 'graphql.GraphQL' (OnClassCondition)

   GraphQlWebFluxSecurityAutoConfiguration:
      Did not match:
         - @ConditionalOnClass did not find required class 'graphql.GraphQL' (OnClassCondition)

   GraphQlWebMvcAutoConfiguration:
      Did not match:
         - @ConditionalOnClass did not find required class 'graphql.GraphQL' (OnClassCondition)

   GraphQlWebMvcSecurityAutoConfiguration:
      Did not match:
         - @ConditionalOnClass did not find required class 'graphql.GraphQL' (OnClassCondition)

   GroovyTemplateAutoConfiguration:
      Did not match:
         - @ConditionalOnClass did not find required class 'groovy.text.markup.MarkupTemplateEngine' (OnClassCondition)

   GsonAutoConfiguration:
      Did not match:
         - @ConditionalOnClass did not find required class 'com.google.gson.Gson' (OnClassCondition)

   GsonHttpMessageConvertersConfiguration:
      Did not match:
         - @ConditionalOnClass did not find required class 'com.google.gson.Gson' (OnClassCondition)

   H2ConsoleAutoConfiguration:
      Did not match:
         - @ConditionalOnProperty (spring.h2.console.enabled=true) found different value in property 'enabled' (OnPropertyCondition)
      Matched:
         - @ConditionalOnClass found required class 'org.h2.server.web.JakartaWebServlet' (OnClassCondition)
         - found 'session' scope (OnWebApplicationCondition)

   HazelcastAutoConfiguration:
      Did not match:
         - @ConditionalOnClass did not find required class 'com.hazelcast.core.HazelcastInstance' (OnClassCondition)

   HazelcastCacheConfiguration:
      Did not match:
         - @ConditionalOnClass did not find required class 'com.hazelcast.core.HazelcastInstance' (OnClassCondition)

   HazelcastJpaDependencyAutoConfiguration:
      Did not match:
         - @ConditionalOnClass did not find required class 'com.hazelcast.core.HazelcastInstance' (OnClassCondition)

   HttpHandlerAutoConfiguration:
      Did not match:
         - @ConditionalOnClass did not find required class 'org.springframework.web.reactive.DispatcherHandler' (OnClassCondition)

   HypermediaAutoConfiguration:
      Did not match:
         - @ConditionalOnClass did not find required class 'org.springframework.hateoas.EntityModel' (OnClassCondition)

   InfinispanCacheConfiguration:
      Did not match:
         - @ConditionalOnClass did not find required class 'org.infinispan.spring.embedded.provider.SpringEmbeddedCacheManager' (OnClassCondition)

   InfluxDbAutoConfiguration:
      Did not match:
         - @ConditionalOnClass did not find required class 'org.influxdb.InfluxDB' (OnClassCondition)

   IntegrationAutoConfiguration:
      Did not match:
         - @ConditionalOnClass did not find required class 'org.springframework.integration.config.EnableIntegration' (OnClassCondition)

   JCacheCacheConfiguration:
      Did not match:
         - @ConditionalOnClass did not find required class 'javax.cache.Caching' (OnClassCondition)

   JacksonHttpMessageConvertersConfiguration.MappingJackson2XmlHttpMessageConverterConfiguration:
      Did not match:
         - @ConditionalOnClass did not find required class 'com.fasterxml.jackson.dataformat.xml.XmlMapper' (OnClassCondition)

   JdbcRepositoriesAutoConfiguration:
      Did not match:
         - @ConditionalOnClass did not find required class 'org.springframework.data.jdbc.repository.config.AbstractJdbcConfiguration' (OnClassCondition)

   JerseyAutoConfiguration:
      Did not match:
         - @ConditionalOnClass did not find required class 'org.glassfish.jersey.server.spring.SpringComponentProvider' (OnClassCondition)

   JmsAutoConfiguration:
      Did not match:
         - @ConditionalOnClass did not find required class 'jakarta.jms.Message' (OnClassCondition)

   JmxAutoConfiguration:
      Did not match:
         - @ConditionalOnProperty (spring.jmx.enabled=true) did not find property 'enabled' (OnPropertyCondition)
      Matched:
         - @ConditionalOnClass found required class 'org.springframework.jmx.export.MBeanExporter' (OnClassCondition)

   JndiConnectionFactoryAutoConfiguration:
      Did not match:
         - @ConditionalOnClass did not find required class 'org.springframework.jms.core.JmsTemplate' (OnClassCondition)

   JndiDataSourceAutoConfiguration:
      Did not match:
         - @ConditionalOnProperty (spring.datasource.jndi-name) did not find property 'jndi-name' (OnPropertyCondition)
      Matched:
         - @ConditionalOnClass found required classes 'javax.sql.DataSource', 'org.springframework.jdbc.datasource.embedded.EmbeddedDatabaseType' (OnClassCondition)

   JndiJtaConfiguration:
      Did not match:
         - @ConditionalOnJndi JNDI environment is not available (OnJndiCondition)
      Matched:
         - @ConditionalOnClass found required class 'org.springframework.transaction.jta.JtaTransactionManager' (OnClassCondition)

   JooqAutoConfiguration:
      Did not match:
         - @ConditionalOnClass did not find required class 'org.jooq.DSLContext' (OnClassCondition)

   JpaBaseConfiguration.JpaWebConfiguration:
      Did not match:
         - @ConditionalOnProperty (spring.jpa.open-in-view=true) found different value in property 'open-in-view' (OnPropertyCondition)
      Matched:
         - @ConditionalOnClass found required class 'org.springframework.web.servlet.config.annotation.WebMvcConfigurer' (OnClassCondition)
         - found 'session' scope (OnWebApplicationCondition)

   JpaRepositoriesAutoConfiguration#entityManagerFactoryBootstrapExecutorCustomizer:
      Did not match:
         - AnyNestedCondition 0 matched 2 did not; NestedCondition on JpaRepositoriesAutoConfiguration.BootstrapExecutorCondition.LazyBootstrapMode @ConditionalOnProperty (spring.data.jpa.repositories.bootstrap-mode=lazy) did not find property 'bootstrap-mode'; NestedCondition on JpaRepositoriesAutoConfiguration.BootstrapExecutorCondition.DeferredBootstrapMode @ConditionalOnProperty (spring.data.jpa.repositories.bootstrap-mode=deferred) did not find property 'bootstrap-mode' (JpaRepositoriesAutoConfiguration.BootstrapExecutorCondition)

   JsonbAutoConfiguration:
      Did not match:
         - @ConditionalOnClass did not find required class 'jakarta.json.bind.Jsonb' (OnClassCondition)

   JsonbHttpMessageConvertersConfiguration:
      Did not match:
         - @ConditionalOnClass did not find required class 'jakarta.json.bind.Jsonb' (OnClassCondition)

   KafkaAutoConfiguration:
      Did not match:
         - @ConditionalOnClass did not find required class 'org.springframework.kafka.core.KafkaTemplate' (OnClassCondition)

   LdapAutoConfiguration:
      Did not match:
         - @ConditionalOnClass did not find required class 'org.springframework.ldap.core.ContextSource' (OnClassCondition)

   LdapRepositoriesAutoConfiguration:
      Did not match:
         - @ConditionalOnClass did not find required class 'org.springframework.data.ldap.repository.LdapRepository' (OnClassCondition)

   LiquibaseAutoConfiguration:
      Did not match:
         - @ConditionalOnClass did not find required class 'liquibase.change.DatabaseChange' (OnClassCondition)

   MailSenderJndiConfiguration:
      Did not match:
         - @ConditionalOnProperty (spring.mail.jndi-name) did not find property 'jndi-name' (OnPropertyCondition)
      Matched:
         - @ConditionalOnClass found required class 'jakarta.mail.Session' (OnClassCondition)

   MailSenderValidatorAutoConfiguration:
      Did not match:
         - @ConditionalOnProperty (spring.mail.test-connection) found different value in property 'test-connection' (OnPropertyCondition)

   MessageSourceAutoConfiguration:
      Did not match:
         - ResourceBundle did not find bundle with basename messages (MessageSourceAutoConfiguration.ResourceBundleCondition)

   MongoAutoConfiguration:
      Did not match:
         - @ConditionalOnClass did not find required class 'com.mongodb.client.MongoClient' (OnClassCondition)

   MongoDataAutoConfiguration:
      Did not match:
         - @ConditionalOnClass did not find required class 'com.mongodb.client.MongoClient' (OnClassCondition)

   MongoReactiveAutoConfiguration:
      Did not match:
         - @ConditionalOnClass did not find required class 'com.mongodb.reactivestreams.client.MongoClient' (OnClassCondition)

   MongoReactiveDataAutoConfiguration:
      Did not match:
         - @ConditionalOnClass did not find required class 'com.mongodb.reactivestreams.client.MongoClient' (OnClassCondition)

   MongoReactiveRepositoriesAutoConfiguration:
      Did not match:
         - @ConditionalOnClass did not find required class 'com.mongodb.reactivestreams.client.MongoClient' (OnClassCondition)

   MongoRepositoriesAutoConfiguration:
      Did not match:
         - @ConditionalOnClass did not find required class 'com.mongodb.client.MongoClient' (OnClassCondition)

   MultipleOpenApiSupportConfiguration:
      Did not match:
         - AnyNestedCondition 0 matched 2 did not; NestedCondition on MultipleOpenApiSupportCondition.OnActuatorDifferentPort @ConditionalOnProperty (springdoc.show-actuator) did not find property 'springdoc.show-actuator'; NestedCondition on MultipleOpenApiSupportCondition.OnMultipleOpenApiSupportCondition AnyNestedCondition 0 matched 3 did not; NestedCondition on MultipleOpenApiGroupsCondition.OnListGroupedOpenApiBean @ConditionalOnBean (types: org.springdoc.core.models.GroupedOpenApi; SearchStrategy: all) did not find any beans of type org.springdoc.core.models.GroupedOpenApi; NestedCondition on MultipleOpenApiGroupsCondition.OnGroupConfigProperty @ConditionalOnProperty (springdoc.group-configs[0].group) did not find property 'springdoc.group-configs[0].group'; NestedCondition on MultipleOpenApiGroupsCondition.OnGroupedOpenApiBean @ConditionalOnBean (types: org.springdoc.core.models.GroupedOpenApi; SearchStrategy: all) did not find any beans of type org.springdoc.core.models.GroupedOpenApi (MultipleOpenApiSupportCondition)
      Matched:
         - found 'session' scope (OnWebApplicationCondition)
         - @ConditionalOnProperty (springdoc.api-docs.enabled) matched (OnPropertyCondition)

   MultipleOpenApiSupportConfiguration.SpringDocWebMvcActuatorDifferentConfiguration:
      Did not match:
         - @ConditionalOnClass did not find required class 'org.springframework.boot.actuate.endpoint.web.servlet.WebMvcEndpointHandlerMapping' (OnClassCondition)
         - Ancestor org.springdoc.webmvc.core.configuration.MultipleOpenApiSupportConfiguration did not match (ConditionEvaluationReport.AncestorsMatchedCondition)

   MustacheAutoConfiguration:
      Did not match:
         - @ConditionalOnClass did not find required class 'com.samskivert.mustache.Mustache' (OnClassCondition)

   Neo4jAutoConfiguration:
      Did not match:
         - @ConditionalOnClass did not find required class 'org.neo4j.driver.Driver' (OnClassCondition)

   Neo4jDataAutoConfiguration:
      Did not match:
         - @ConditionalOnClass did not find required class 'org.neo4j.driver.Driver' (OnClassCondition)

   Neo4jReactiveDataAutoConfiguration:
      Did not match:
         - @ConditionalOnClass did not find required class 'org.neo4j.driver.Driver' (OnClassCondition)

   Neo4jReactiveRepositoriesAutoConfiguration:
      Did not match:
         - @ConditionalOnClass did not find required class 'org.neo4j.driver.Driver' (OnClassCondition)

   Neo4jRepositoriesAutoConfiguration:
      Did not match:
         - @ConditionalOnClass did not find required class 'org.neo4j.driver.Driver' (OnClassCondition)

   NettyAutoConfiguration:
      Did not match:
         - @ConditionalOnClass did not find required class 'io.netty.util.NettyRuntime' (OnClassCondition)

   OAuth2AuthorizationServerAutoConfiguration:
      Did not match:
         - @ConditionalOnClass did not find required class 'org.springframework.security.oauth2.server.authorization.OAuth2Authorization' (OnClassCondition)

   OAuth2AuthorizationServerJwtAutoConfiguration:
      Did not match:
         - @ConditionalOnClass did not find required class 'org.springframework.security.oauth2.server.authorization.OAuth2Authorization' (OnClassCondition)

   OAuth2ClientAutoConfiguration:
      Did not match:
         - @ConditionalOnClass did not find required class 'org.springframework.security.oauth2.client.registration.ClientRegistration' (OnClassCondition)

   OAuth2ResourceServerAutoConfiguration:
      Did not match:
         - @ConditionalOnClass did not find required class 'org.springframework.security.oauth2.server.resource.authentication.BearerTokenAuthenticationToken' (OnClassCondition)

   ProductSheetImporter:
      Did not match:
         - @ConditionalOnProperty (app.product-import.enabled=true) did not find property 'app.product-import.enabled' (OnPropertyCondition)

   ProjectInfoAutoConfiguration#buildProperties:
      Did not match:
         - @ConditionalOnResource did not find resource '${spring.info.build.location:classpath:META-INF/build-info.properties}' (OnResourceCondition)

   ProjectInfoAutoConfiguration#gitProperties:
      Did not match:
         - GitResource did not find git info at classpath:git.properties (ProjectInfoAutoConfiguration.GitResourceAvailableCondition)

   PulsarAutoConfiguration:
      Did not match:
         - @ConditionalOnClass did not find required class 'org.apache.pulsar.client.api.PulsarClient' (OnClassCondition)

   PulsarReactiveAutoConfiguration:
      Did not match:
         - @ConditionalOnClass did not find required class 'org.apache.pulsar.client.api.PulsarClient' (OnClassCondition)

   QuartzAutoConfiguration:
      Did not match:
         - @ConditionalOnClass did not find required class 'org.quartz.Scheduler' (OnClassCondition)

   R2dbcAutoConfiguration:
      Did not match:
         - @ConditionalOnClass did not find required class 'io.r2dbc.spi.ConnectionFactory' (OnClassCondition)

   R2dbcDataAutoConfiguration:
      Did not match:
         - @ConditionalOnClass did not find required class 'org.springframework.data.r2dbc.core.R2dbcEntityTemplate' (OnClassCondition)

   R2dbcInitializationConfiguration:
      Did not match:
         - @ConditionalOnClass did not find required classes 'io.r2dbc.spi.ConnectionFactory', 'org.springframework.r2dbc.connection.init.DatabasePopulator' (OnClassCondition)

   R2dbcRepositoriesAutoConfiguration:
      Did not match:
         - @ConditionalOnClass did not find required class 'io.r2dbc.spi.ConnectionFactory' (OnClassCondition)

   R2dbcTransactionManagerAutoConfiguration:
      Did not match:
         - @ConditionalOnClass did not find required class 'org.springframework.r2dbc.connection.R2dbcTransactionManager' (OnClassCondition)

   RSocketGraphQlClientAutoConfiguration:
      Did not match:
         - @ConditionalOnClass did not find required class 'graphql.GraphQL' (OnClassCondition)

   RSocketMessagingAutoConfiguration:
      Did not match:
         - @ConditionalOnClass did not find required class 'io.rsocket.RSocket' (OnClassCondition)

   RSocketRequesterAutoConfiguration:
      Did not match:
         - @ConditionalOnClass did not find required class 'io.rsocket.RSocket' (OnClassCondition)

   RSocketSecurityAutoConfiguration:
      Did not match:
         - @ConditionalOnClass did not find required class 'org.springframework.security.rsocket.core.SecuritySocketAcceptorInterceptor' (OnClassCondition)

   RSocketServerAutoConfiguration:
      Did not match:
         - @ConditionalOnClass did not find required class 'io.rsocket.core.RSocketServer' (OnClassCondition)

   RSocketStrategiesAutoConfiguration:
      Did not match:
         - @ConditionalOnClass did not find required class 'io.netty.buffer.PooledByteBufAllocator' (OnClassCondition)

   RabbitAutoConfiguration:
      Did not match:
         - @ConditionalOnClass did not find required class 'com.rabbitmq.client.Channel' (OnClassCondition)

   ReactiveElasticsearchClientAutoConfiguration:
      Did not match:
         - @ConditionalOnClass did not find required class 'co.elastic.clients.transport.ElasticsearchTransport' (OnClassCondition)

   ReactiveElasticsearchRepositoriesAutoConfiguration:
      Did not match:
         - @ConditionalOnClass did not find required class 'reactor.core.publisher.Mono' (OnClassCondition)

   ReactiveMultipartAutoConfiguration:
      Did not match:
         - @ConditionalOnClass did not find required class 'org.springframework.web.reactive.config.WebFluxConfigurer' (OnClassCondition)

   ReactiveOAuth2ClientAutoConfiguration:
      Did not match:
         - @ConditionalOnClass did not find required class 'reactor.core.publisher.Flux' (OnClassCondition)

   ReactiveOAuth2ResourceServerAutoConfiguration:
      Did not match:
         - @ConditionalOnWebApplication did not find reactive web application classes (OnWebApplicationCondition)

   ReactiveSecurityAutoConfiguration:
      Did not match:
         - @ConditionalOnClass did not find required class 'reactor.core.publisher.Flux' (OnClassCondition)

   ReactiveUserDetailsServiceAutoConfiguration:
      Did not match:
         - AnyNestedCondition 0 matched 2 did not; NestedCondition on ReactiveUserDetailsServiceAutoConfiguration.RSocketEnabledOrReactiveWebApplication.ReactiveWebApplicationCondition did not find reactive web application classes; NestedCondition on ReactiveUserDetailsServiceAutoConfiguration.RSocketEnabledOrReactiveWebApplication.RSocketSecurityEnabledCondition @ConditionalOnBean (types: org.springframework.messaging.rsocket.annotation.support.RSocketMessageHandler; SearchStrategy: all) did not find any beans of type org.springframework.messaging.rsocket.annotation.support.RSocketMessageHandler (ReactiveUserDetailsServiceAutoConfiguration.RSocketEnabledOrReactiveWebApplication)
      Matched:
         - @ConditionalOnClass found required class 'org.springframework.security.authentication.ReactiveAuthenticationManager' (OnClassCondition)
         - AnyNestedCondition 1 matched 2 did not; NestedCondition on ReactiveUserDetailsServiceAutoConfiguration.MissingAlternativeOrUserPropertiesConfigured.PasswordConfigured @ConditionalOnProperty (spring.security.user.password) did not find property 'password'; NestedCondition on ReactiveUserDetailsServiceAutoConfiguration.MissingAlternativeOrUserPropertiesConfigured.NameConfigured @ConditionalOnProperty (spring.security.user.name) did not find property 'name'; NestedCondition on ReactiveUserDetailsServiceAutoConfiguration.MissingAlternativeOrUserPropertiesConfigured.MissingAlternative @ConditionalOnMissingClass did not find unwanted classes 'org.springframework.security.oauth2.client.registration.ClientRegistrationRepository', 'org.springframework.security.oauth2.server.resource.introspection.ReactiveOpaqueTokenIntrospector' (ReactiveUserDetailsServiceAutoConfiguration.MissingAlternativeOrUserPropertiesConfigured)

   ReactiveWebServerFactoryAutoConfiguration:
      Did not match:
         - @ConditionalOnWebApplication did not find reactive web application classes (OnWebApplicationCondition)

   ReactorAutoConfiguration:
      Did not match:
         - @ConditionalOnClass did not find required class 'reactor.core.publisher.Hooks' (OnClassCondition)

   RedisAutoConfiguration:
      Did not match:
         - @ConditionalOnClass did not find required class 'org.springframework.data.redis.core.RedisOperations' (OnClassCondition)

   RedisCacheConfiguration:
      Did not match:
         - @ConditionalOnClass did not find required class 'org.springframework.data.redis.connection.RedisConnectionFactory' (OnClassCondition)

   RedisReactiveAutoConfiguration:
      Did not match:
         - @ConditionalOnClass did not find required class 'reactor.core.publisher.Flux' (OnClassCondition)

   RedisRepositoriesAutoConfiguration:
      Did not match:
         - @ConditionalOnClass did not find required class 'org.springframework.data.redis.repository.configuration.EnableRedisRepositories' (OnClassCondition)

   RepositoryRestMvcAutoConfiguration:
      Did not match:
         - @ConditionalOnClass did not find required class 'org.springframework.data.rest.webmvc.config.RepositoryRestMvcConfiguration' (OnClassCondition)

   Saml2RelyingPartyAutoConfiguration:
      Did not match:
         - @ConditionalOnClass did not find required class 'org.springframework.security.saml2.provider.service.registration.RelyingPartyRegistrationRepository' (OnClassCondition)

   SecurityDataConfiguration:
      Did not match:
         - @ConditionalOnClass did not find required class 'org.springframework.security.data.repository.query.SecurityEvaluationContextExtension' (OnClassCondition)

   SendGridAutoConfiguration:
      Did not match:
         - @ConditionalOnClass did not find required class 'com.sendgrid.SendGrid' (OnClassCondition)

   ServletWebServerFactoryAutoConfiguration.ForwardedHeaderFilterConfiguration:
      Did not match:
         - @ConditionalOnProperty (server.forward-headers-strategy=framework) did not find property 'server.forward-headers-strategy' (OnPropertyCondition)

   ServletWebServerFactoryConfiguration.EmbeddedJetty:
      Did not match:
         - @ConditionalOnClass did not find required classes 'org.eclipse.jetty.server.Server', 'org.eclipse.jetty.util.Loader', 'org.eclipse.jetty.ee10.webapp.WebAppContext' (OnClassCondition)

   ServletWebServerFactoryConfiguration.EmbeddedUndertow:
      Did not match:
         - @ConditionalOnClass did not find required classes 'io.undertow.Undertow', 'org.xnio.SslClientAuthMode' (OnClassCondition)

   SessionAutoConfiguration:
      Did not match:
         - @ConditionalOnClass did not find required class 'org.springframework.session.Session' (OnClassCondition)

   SpringApplicationAdminJmxAutoConfiguration:
      Did not match:
         - @ConditionalOnProperty (spring.application.admin.enabled=true) did not find property 'enabled' (OnPropertyCondition)

   SpringBootWebSecurityConfiguration.SecurityFilterChainConfiguration:
      Did not match:
         - AllNestedConditions 1 matched 1 did not; NestedCondition on DefaultWebSecurityCondition.Beans @ConditionalOnMissingBean (types: org.springframework.security.web.SecurityFilterChain; SearchStrategy: all) found beans of type 'org.springframework.security.web.SecurityFilterChain' securityFilterChain; NestedCondition on DefaultWebSecurityCondition.Classes @ConditionalOnClass found required classes 'org.springframework.security.web.SecurityFilterChain', 'org.springframework.security.config.annotation.web.builders.HttpSecurity' (DefaultWebSecurityCondition)

   SpringDocConfiguration#propertiesResolverForSchema:
      Did not match:
         - @ConditionalOnProperty (springdoc.api-docs.resolve-schema-properties) did not find property 'springdoc.api-docs.resolve-schema-properties' (OnPropertyCondition)

   SpringDocConfiguration#propertyCustomizingConverter:
      Did not match:
         - @ConditionalOnBean (types: org.springdoc.core.customizers.PropertyCustomizer; SearchStrategy: all) did not find any beans of type org.springdoc.core.customizers.PropertyCustomizer (OnBeanCondition)

   SpringDocConfiguration#springdocBeanFactoryPostProcessor:
      Did not match:
         - AnyNestedCondition 0 matched 2 did not; NestedCondition on CacheOrGroupedOpenApiCondition.OnCacheDisabled found non-matching nested conditions @ConditionalOnProperty (springdoc.cache.disabled) did not find property 'springdoc.cache.disabled'; NestedCondition on CacheOrGroupedOpenApiCondition.OnMultipleOpenApiSupportCondition AnyNestedCondition 0 matched 2 did not; NestedCondition on MultipleOpenApiSupportCondition.OnActuatorDifferentPort @ConditionalOnProperty (springdoc.show-actuator) did not find property 'springdoc.show-actuator'; NestedCondition on MultipleOpenApiSupportCondition.OnMultipleOpenApiSupportCondition AnyNestedCondition 0 matched 3 did not; NestedCondition on MultipleOpenApiGroupsCondition.OnListGroupedOpenApiBean @ConditionalOnBean (types: org.springdoc.core.models.GroupedOpenApi; SearchStrategy: all) did not find any beans of type org.springdoc.core.models.GroupedOpenApi; NestedCondition on MultipleOpenApiGroupsCondition.OnGroupConfigProperty @ConditionalOnProperty (springdoc.group-configs[0].group) did not find property 'springdoc.group-configs[0].group'; NestedCondition on MultipleOpenApiGroupsCondition.OnGroupedOpenApiBean @ConditionalOnBean (types: org.springdoc.core.models.GroupedOpenApi; SearchStrategy: all) did not find any beans of type org.springdoc.core.models.GroupedOpenApi (CacheOrGroupedOpenApiCondition)
      Matched:
         - @ConditionalOnClass found required class 'org.springframework.boot.context.properties.bind.BindResult' (OnClassCondition)

   SpringDocConfiguration#springdocBeanFactoryPostProcessor2:
      Did not match:
         - @ConditionalOnMissingClass found unwanted class 'org.springframework.boot.context.properties.bind.BindResult' (OnClassCondition)

   SpringDocConfiguration.SpringDocActuatorConfiguration:
      Did not match:
         - @ConditionalOnClass did not find required class 'org.springframework.boot.actuate.autoconfigure.endpoint.web.WebEndpointProperties' (OnClassCondition)

   SpringDocConfiguration.SpringDocRepositoryRestConfiguration:
      Did not match:
         - @ConditionalOnClass did not find required class 'org.springframework.data.rest.core.config.RepositoryRestConfiguration' (OnClassCondition)

   SpringDocConfiguration.SpringDocWebFluxSupportConfiguration:
      Did not match:
         - @ConditionalOnClass did not find required class 'reactor.core.publisher.Flux' (OnClassCondition)

   SpringDocDataRestConfiguration:
      Did not match:
         - @ConditionalOnClass did not find required class 'org.springframework.data.rest.core.config.RepositoryRestConfiguration' (OnClassCondition)

   SpringDocFunctionCatalogConfiguration:
      Did not match:
         - @ConditionalOnClass did not find required class 'org.springframework.cloud.function.web.function.FunctionEndpointInitializer' (OnClassCondition)

   SpringDocGroovyConfiguration:
      Did not match:
         - @ConditionalOnClass did not find required class 'groovy.lang.MetaClass' (OnClassCondition)

   SpringDocHateoasConfiguration:
      Did not match:
         - @ConditionalOnClass did not find required class 'org.springframework.hateoas.server.LinkRelationProvider' (OnClassCondition)

   SpringDocJacksonKotlinModuleConfiguration:
      Did not match:
         - @ConditionalOnClass did not find required class 'com.fasterxml.jackson.module.kotlin.KotlinModule' (OnClassCondition)

   SpringDocJavadocConfiguration:
      Did not match:
         - @ConditionalOnClass did not find required class 'com.github.therapi.runtimejavadoc.CommentFormatter' (OnClassCondition)

   SpringDocKotlinxConfiguration:
      Did not match:
         - @ConditionalOnClass did not find required class 'kotlinx.coroutines.flow.Flow' (OnClassCondition)

   SpringDocSecurityConfiguration.SpringDocSecurityOAuth2ClientConfiguration:
      Did not match:
         - @ConditionalOnClass did not find required class 'org.springframework.security.oauth2.client.annotation.RegisteredOAuth2AuthorizedClient' (OnClassCondition)

   SpringDocSecurityConfiguration.SpringDocSecurityOAuth2Configuration:
      Did not match:
         - @ConditionalOnClass did not find required class 'org.springframework.security.oauth2.server.authorization.OAuth2AuthorizationService' (OnClassCondition)

   SpringDocSecurityConfiguration.SpringSecurityLoginEndpointConfiguration#springSecurityLoginEndpointCustomiser:
      Did not match:
         - @ConditionalOnProperty (springdoc.show-login-endpoint) did not find property 'springdoc.show-login-endpoint' (OnPropertyCondition)

   SpringDocSortConfiguration#delegatingMethodParameterCustomizer:
      Did not match:
         - @ConditionalOnMissingBean (types: org.springdoc.core.customizers.DelegatingMethodParameterCustomizer; SearchStrategy: all) found beans of type 'org.springdoc.core.customizers.DelegatingMethodParameterCustomizer' delegatingMethodParameterCustomizer (OnBeanCondition)

   SpringDocWebMvcConfiguration.SpringDocWebMvcActuatorConfiguration:
      Did not match:
         - @ConditionalOnClass did not find required class 'org.springframework.boot.actuate.endpoint.web.servlet.WebMvcEndpointHandlerMapping' (OnClassCondition)

   SwaggerConfig#springWebProvider:
      Did not match:
         - @ConditionalOnMissingBean (types: org.springdoc.core.providers.SpringWebProvider; SearchStrategy: all) found beans of type 'org.springdoc.core.providers.SpringWebProvider' springWebProvider (OnBeanCondition)

   SwaggerConfig#swaggerUiConfigParameters:
      Did not match:
         - @ConditionalOnMissingBean (types: org.springdoc.core.properties.SwaggerUiConfigParameters; SearchStrategy: all) found beans of type 'org.springdoc.core.properties.SwaggerUiConfigParameters' org.springdoc.core.properties.SwaggerUiConfigParameters (OnBeanCondition)

   SwaggerConfig#swaggerUiHome:
      Did not match:
         - @ConditionalOnProperty (springdoc.swagger-ui.use-root-path=true) did not find property 'springdoc.swagger-ui.use-root-path' (OnPropertyCondition)

   SwaggerConfig.SwaggerActuatorWelcomeConfiguration:
      Did not match:
         - @ConditionalOnClass did not find required class 'org.springframework.boot.actuate.endpoint.web.servlet.WebMvcEndpointHandlerMapping' (OnClassCondition)

   TaskExecutorConfigurations.SimpleAsyncTaskExecutorBuilderConfiguration#simpleAsyncTaskExecutorBuilderVirtualThreads:
      Did not match:
         - @ConditionalOnMissingBean (types: org.springframework.boot.task.SimpleAsyncTaskExecutorBuilder; SearchStrategy: all) found beans of type 'org.springframework.boot.task.SimpleAsyncTaskExecutorBuilder' simpleAsyncTaskExecutorBuilder (OnBeanCondition)

   TaskExecutorConfigurations.TaskExecutorConfiguration#applicationTaskExecutorVirtualThreads:
      Did not match:
         - @ConditionalOnThreading did not find VIRTUAL (OnThreadingCondition)

   TaskSchedulingAutoConfiguration#scheduledBeanLazyInitializationExcludeFilter:
      Did not match:
         - @ConditionalOnBean (names: org.springframework.context.annotation.internalScheduledAnnotationProcessor; SearchStrategy: all) did not find any beans named org.springframework.context.annotation.internalScheduledAnnotationProcessor (OnBeanCondition)

   TaskSchedulingConfigurations.SimpleAsyncTaskSchedulerBuilderConfiguration#simpleAsyncTaskSchedulerBuilderVirtualThreads:
      Did not match:
         - @ConditionalOnMissingBean (types: org.springframework.boot.task.SimpleAsyncTaskSchedulerBuilder; SearchStrategy: all) found beans of type 'org.springframework.boot.task.SimpleAsyncTaskSchedulerBuilder' simpleAsyncTaskSchedulerBuilder (OnBeanCondition)

   TaskSchedulingConfigurations.TaskSchedulerConfiguration:
      Did not match:
         - @ConditionalOnBean (names: org.springframework.context.annotation.internalScheduledAnnotationProcessor; SearchStrategy: all) did not find any beans named org.springframework.context.annotation.internalScheduledAnnotationProcessor (OnBeanCondition)

   ThymeleafAutoConfiguration:
      Did not match:
         - @ConditionalOnClass did not find required class 'org.thymeleaf.spring6.SpringTemplateEngine' (OnClassCondition)

   TransactionAutoConfiguration#transactionalOperator:
      Did not match:
         - @ConditionalOnSingleCandidate (types: org.springframework.transaction.ReactiveTransactionManager; SearchStrategy: all) did not find any beans (OnBeanCondition)

   TransactionAutoConfiguration.AspectJTransactionManagementConfiguration:
      Did not match:
         - @ConditionalOnBean (types: org.springframework.transaction.aspectj.AbstractTransactionAspect; SearchStrategy: all) did not find any beans of type org.springframework.transaction.aspectj.AbstractTransactionAspect (OnBeanCondition)

   TransactionAutoConfiguration.EnableTransactionManagementConfiguration.JdkDynamicAutoProxyConfiguration:
      Did not match:
         - @ConditionalOnProperty (spring.aop.proxy-target-class=false) did not find property 'proxy-target-class' (OnPropertyCondition)

   UserDetailsServiceAutoConfiguration:
      Did not match:
         - @ConditionalOnMissingBean (types: org.springframework.security.authentication.AuthenticationManager,org.springframework.security.authentication.AuthenticationProvider,org.springframework.security.core.userdetails.UserDetailsService,org.springframework.security.authentication.AuthenticationManagerResolver,org.springframework.security.oauth2.jwt.JwtDecoder; SearchStrategy: all) found beans of type 'org.springframework.security.authentication.AuthenticationManager' authenticationManager and found beans of type 'org.springframework.security.core.userdetails.UserDetailsService' customUserDetailsService (OnBeanCondition)
      Matched:
         - @ConditionalOnClass found required class 'org.springframework.security.authentication.AuthenticationManager' (OnClassCondition)
         - AnyNestedCondition 1 matched 2 did not; NestedCondition on UserDetailsServiceAutoConfiguration.MissingAlternativeOrUserPropertiesConfigured.PasswordConfigured @ConditionalOnProperty (spring.security.user.password) did not find property 'password'; NestedCondition on UserDetailsServiceAutoConfiguration.MissingAlternativeOrUserPropertiesConfigured.NameConfigured @ConditionalOnProperty (spring.security.user.name) did not find property 'name'; NestedCondition on UserDetailsServiceAutoConfiguration.MissingAlternativeOrUserPropertiesConfigured.MissingAlternative @ConditionalOnMissingClass did not find unwanted classes 'org.springframework.security.oauth2.client.registration.ClientRegistrationRepository', 'org.springframework.security.oauth2.server.resource.introspection.OpaqueTokenIntrospector', 'org.springframework.security.saml2.provider.service.registration.RelyingPartyRegistrationRepository' (UserDetailsServiceAutoConfiguration.MissingAlternativeOrUserPropertiesConfigured)

   WebClientAutoConfiguration:
      Did not match:
         - @ConditionalOnClass did not find required class 'org.springframework.web.reactive.function.client.WebClient' (OnClassCondition)

   WebFluxAutoConfiguration:
      Did not match:
         - @ConditionalOnClass did not find required class 'org.springframework.web.reactive.config.WebFluxConfigurer' (OnClassCondition)

   WebMvcAutoConfiguration#hiddenHttpMethodFilter:
      Did not match:
         - @ConditionalOnProperty (spring.mvc.hiddenmethod.filter.enabled) did not find property 'enabled' (OnPropertyCondition)

   WebMvcAutoConfiguration.ProblemDetailsErrorHandlingConfiguration:
      Did not match:
         - @ConditionalOnProperty (spring.mvc.problemdetails.enabled=true) did not find property 'enabled' (OnPropertyCondition)

   WebMvcAutoConfiguration.ResourceChainCustomizerConfiguration:
      Did not match:
         - @ConditionalOnEnabledResourceChain did not find class org.webjars.WebJarAssetLocator (OnEnabledResourceChainCondition)

   WebMvcAutoConfiguration.WebMvcAutoConfigurationAdapter#beanNameViewResolver:
      Did not match:
         - @ConditionalOnMissingBean (types: org.springframework.web.servlet.view.BeanNameViewResolver; SearchStrategy: all) found beans of type 'org.springframework.web.servlet.view.BeanNameViewResolver' beanNameViewResolver (OnBeanCondition)

   WebServiceTemplateAutoConfiguration:
      Did not match:
         - @ConditionalOnClass did not find required class 'org.springframework.oxm.Marshaller' (OnClassCondition)

   WebServicesAutoConfiguration:
      Did not match:
         - @ConditionalOnClass did not find required class 'org.springframework.ws.transport.http.MessageDispatcherServlet' (OnClassCondition)

   WebSessionIdResolverAutoConfiguration:
      Did not match:
         - @ConditionalOnClass did not find required class 'reactor.core.publisher.Mono' (OnClassCondition)

   WebSocketMessagingAutoConfiguration:
      Did not match:
         - @ConditionalOnClass did not find required class 'org.springframework.web.socket.config.annotation.WebSocketMessageBrokerConfigurer' (OnClassCondition)

   WebSocketReactiveAutoConfiguration:
      Did not match:
         - @ConditionalOnWebApplication did not find reactive web application classes (OnWebApplicationCondition)

   WebSocketServletAutoConfiguration.JettyWebSocketConfiguration:
      Did not match:
         - @ConditionalOnClass did not find required class 'org.eclipse.jetty.ee10.websocket.jakarta.server.config.JakartaWebSocketServletContainerInitializer' (OnClassCondition)

   WebSocketServletAutoConfiguration.UndertowWebSocketConfiguration:
      Did not match:
         - @ConditionalOnClass did not find required class 'io.undertow.websockets.jsr.Bootstrap' (OnClassCondition)

   XADataSourceAutoConfiguration:
      Did not match:
         - @ConditionalOnBean (types: org.springframework.boot.jdbc.XADataSourceWrapper; SearchStrategy: all) did not find any beans of type org.springframework.boot.jdbc.XADataSourceWrapper (OnBeanCondition)
      Matched:
         - @ConditionalOnClass found required classes 'javax.sql.DataSource', 'jakarta.transaction.TransactionManager', 'org.springframework.jdbc.datasource.embedded.EmbeddedDatabaseType' (OnClassCondition)


Exclusions:
-----------

    None


Unconditional classes:
----------------------

    org.springframework.boot.autoconfigure.context.ConfigurationPropertiesAutoConfiguration

    org.springframework.boot.autoconfigure.ssl.SslAutoConfiguration

    org.springframework.boot.autoconfigure.context.PropertyPlaceholderAutoConfiguration

    org.springframework.boot.autoconfigure.context.LifecycleAutoConfiguration

    org.springdoc.core.configuration.SpringDocSpecPropertiesConfiguration

    org.springframework.boot.autoconfigure.availability.ApplicationAvailabilityAutoConfiguration

    org.springframework.boot.autoconfigure.info.ProjectInfoAutoConfiguration



2026-08-09T02:19:25.091+05:30  INFO 21664 --- [clickkaar-backend] [           main] c.clickkaar.ClickkaarBackendApplication  : Started ClickkaarBackendApplication in 14.186 seconds (process running for 15.329)
2026-08-09T02:19:25.093+05:30 DEBUG 21664 --- [clickkaar-backend] [           main] o.s.b.a.ApplicationAvailabilityBean      : Application availability state LivenessState changed to CORRECT
2026-08-09T02:19:25.242+05:30 DEBUG 21664 --- [clickkaar-backend] [           main] org.hibernate.SQL                        : 
    select
        b1_0.id,
        b1_0.booking_number,
        b1_0.created_at,
        b1_0.customer_id,
        b1_0.delivery_otp,
        b1_0.delivery_otp_verified,
        b1_0.rental_days,
        b1_0.rental_end_date,
        b1_0.rental_start_date,
        b1_0.status,
        b1_0.total_amount,
        b1_0.updated_at 
    from
        bookings b1_0
2026-08-09T02:19:25.271+05:30 DEBUG 21664 --- [clickkaar-backend] [           main] org.hibernate.SQL                        : 
    select
        u1_0.id,
        u1_0.alternate_contact_number,
        u1_0.city,
        u1_0.company_bonafide_letter_document_name,
        u1_0.company_name,
        u1_0.country,
        u1_0.created_at,
        u1_0.current_address,
        u1_0.dob,
        u1_0.driving_license_document_name,
        u1_0.electricity_bill_document_name,
        u1_0.email,
        u1_0.enabled,
        u1_0.first_name,
        u1_0.full_name,
        u1_0.gender,
        u1_0.last_name,
        u1_0.mobile,
        u1_0.mobile_verified,
        u1_0.occupation,
        u1_0.password,
        u1_0.photo_document_name,
        u1_0.pincode,
        u1_0.rent_agreement_document_name,
        u1_0.residence_type,
        r1_0.user_id,
        r1_1.id,
        r1_1.name,
        u1_0.social_media_profile,
        u1_0.state,
        u1_0.updated_at 
    from
        users u1_0 
    left join
        user_roles r1_0 
            on u1_0.id=r1_0.user_id 
    left join
        roles r1_1 
            on r1_1.id=r1_0.role_id 
    where
        u1_0.id=?
2026-08-09T02:19:25.297+05:30 DEBUG 21664 --- [clickkaar-backend] [           main] org.hibernate.SQL                        : 
    select
        u1_0.id,
        u1_0.alternate_contact_number,
        u1_0.city,
        u1_0.company_bonafide_letter_document_name,
        u1_0.company_name,
        u1_0.country,
        u1_0.created_at,
        u1_0.current_address,
        u1_0.dob,
        u1_0.driving_license_document_name,
        u1_0.electricity_bill_document_name,
        u1_0.email,
        u1_0.enabled,
        u1_0.first_name,
        u1_0.full_name,
        u1_0.gender,
        u1_0.last_name,
        u1_0.mobile,
        u1_0.mobile_verified,
        u1_0.occupation,
        u1_0.password,
        u1_0.photo_document_name,
        u1_0.pincode,
        u1_0.rent_agreement_document_name,
        u1_0.residence_type,
        r1_0.user_id,
        r1_1.id,
        r1_1.name,
        u1_0.social_media_profile,
        u1_0.state,
        u1_0.updated_at 
    from
        users u1_0 
    left join
        user_roles r1_0 
            on u1_0.id=r1_0.user_id 
    left join
        roles r1_1 
            on r1_1.id=r1_0.role_id 
    where
        u1_0.id=?
2026-08-09T02:19:25.300+05:30 DEBUG 21664 --- [clickkaar-backend] [           main] org.hibernate.SQL                        : 
    select
        u1_0.id,
        u1_0.alternate_contact_number,
        u1_0.city,
        u1_0.company_bonafide_letter_document_name,
        u1_0.company_name,
        u1_0.country,
        u1_0.created_at,
        u1_0.current_address,
        u1_0.dob,
        u1_0.driving_license_document_name,
        u1_0.electricity_bill_document_name,
        u1_0.email,
        u1_0.enabled,
        u1_0.first_name,
        u1_0.full_name,
        u1_0.gender,
        u1_0.last_name,
        u1_0.mobile,
        u1_0.mobile_verified,
        u1_0.occupation,
        u1_0.password,
        u1_0.photo_document_name,
        u1_0.pincode,
        u1_0.rent_agreement_document_name,
        u1_0.residence_type,
        r1_0.user_id,
        r1_1.id,
        r1_1.name,
        u1_0.social_media_profile,
        u1_0.state,
        u1_0.updated_at 
    from
        users u1_0 
    left join
        user_roles r1_0 
            on u1_0.id=r1_0.user_id 
    left join
        roles r1_1 
            on r1_1.id=r1_0.role_id 
    where
        u1_0.id=?
2026-08-09T02:19:25.305+05:30 DEBUG 21664 --- [clickkaar-backend] [           main] org.hibernate.SQL                        : 
    select
        u1_0.id,
        u1_0.alternate_contact_number,
        u1_0.city,
        u1_0.company_bonafide_letter_document_name,
        u1_0.company_name,
        u1_0.country,
        u1_0.created_at,
        u1_0.current_address,
        u1_0.dob,
        u1_0.driving_license_document_name,
        u1_0.electricity_bill_document_name,
        u1_0.email,
        u1_0.enabled,
        u1_0.first_name,
        u1_0.full_name,
        u1_0.gender,
        u1_0.last_name,
        u1_0.mobile,
        u1_0.mobile_verified,
        u1_0.occupation,
        u1_0.password,
        u1_0.photo_document_name,
        u1_0.pincode,
        u1_0.rent_agreement_document_name,
        u1_0.residence_type,
        r1_0.user_id,
        r1_1.id,
        r1_1.name,
        u1_0.social_media_profile,
        u1_0.state,
        u1_0.updated_at 
    from
        users u1_0 
    left join
        user_roles r1_0 
            on u1_0.id=r1_0.user_id 
    left join
        roles r1_1 
            on r1_1.id=r1_0.role_id 
    where
        u1_0.id=?
2026-08-09T02:19:25.308+05:30 DEBUG 21664 --- [clickkaar-backend] [           main] org.hibernate.SQL                        : 
    select
        u1_0.id,
        u1_0.alternate_contact_number,
        u1_0.city,
        u1_0.company_bonafide_letter_document_name,
        u1_0.company_name,
        u1_0.country,
        u1_0.created_at,
        u1_0.current_address,
        u1_0.dob,
        u1_0.driving_license_document_name,
        u1_0.electricity_bill_document_name,
        u1_0.email,
        u1_0.enabled,
        u1_0.first_name,
        u1_0.full_name,
        u1_0.gender,
        u1_0.last_name,
        u1_0.mobile,
        u1_0.mobile_verified,
        u1_0.occupation,
        u1_0.password,
        u1_0.photo_document_name,
        u1_0.pincode,
        u1_0.rent_agreement_document_name,
        u1_0.residence_type,
        r1_0.user_id,
        r1_1.id,
        r1_1.name,
        u1_0.social_media_profile,
        u1_0.state,
        u1_0.updated_at 
    from
        users u1_0 
    left join
        user_roles r1_0 
            on u1_0.id=r1_0.user_id 
    left join
        roles r1_1 
            on r1_1.id=r1_0.role_id 
    where
        u1_0.id=?
2026-08-09T02:19:25.373+05:30 DEBUG 21664 --- [clickkaar-backend] [           main] org.hibernate.SQL                        : 
    select
        b1_0.id 
    from
        bookings b1_0 
    where
        b1_0.booking_number=? 
    limit
        ?
2026-08-09T02:19:25.410+05:30 DEBUG 21664 --- [clickkaar-backend] [           main] org.hibernate.SQL                        : 
    update
        bookings 
    set
        booking_number=?,
        customer_id=?,
        delivery_otp=?,
        delivery_otp_verified=?,
        rental_days=?,
        rental_end_date=?,
        rental_start_date=?,
        status=?,
        total_amount=?,
        updated_at=? 
    where
        id=?
2026-08-09T02:19:25.429+05:30 DEBUG 21664 --- [clickkaar-backend] [           main] org.hibernate.SQL                        : 
    select
        b1_0.id 
    from
        bookings b1_0 
    where
        b1_0.booking_number=? 
    limit
        ?
2026-08-09T02:19:25.435+05:30 DEBUG 21664 --- [clickkaar-backend] [           main] org.hibernate.SQL                        : 
    update
        bookings 
    set
        booking_number=?,
        customer_id=?,
        delivery_otp=?,
        delivery_otp_verified=?,
        rental_days=?,
        rental_end_date=?,
        rental_start_date=?,
        status=?,
        total_amount=?,
        updated_at=? 
    where
        id=?
2026-08-09T02:19:25.438+05:30 DEBUG 21664 --- [clickkaar-backend] [           main] org.hibernate.SQL                        : 
    select
        b1_0.id 
    from
        bookings b1_0 
    where
        b1_0.booking_number=? 
    limit
        ?
2026-08-09T02:19:25.444+05:30 DEBUG 21664 --- [clickkaar-backend] [           main] org.hibernate.SQL                        : 
    update
        bookings 
    set
        booking_number=?,
        customer_id=?,
        delivery_otp=?,
        delivery_otp_verified=?,
        rental_days=?,
        rental_end_date=?,
        rental_start_date=?,
        status=?,
        total_amount=?,
        updated_at=? 
    where
        id=?
2026-08-09T02:19:25.447+05:30 DEBUG 21664 --- [clickkaar-backend] [           main] org.hibernate.SQL                        : 
    select
        b1_0.id 
    from
        bookings b1_0 
    where
        b1_0.booking_number=? 
    limit
        ?
2026-08-09T02:19:25.454+05:30 DEBUG 21664 --- [clickkaar-backend] [           main] org.hibernate.SQL                        : 
    update
        bookings 
    set
        booking_number=?,
        customer_id=?,
        delivery_otp=?,
        delivery_otp_verified=?,
        rental_days=?,
        rental_end_date=?,
        rental_start_date=?,
        status=?,
        total_amount=?,
        updated_at=? 
    where
        id=?
2026-08-09T02:19:25.458+05:30 DEBUG 21664 --- [clickkaar-backend] [           main] org.hibernate.SQL                        : 
    select
        b1_0.id 
    from
        bookings b1_0 
    where
        b1_0.booking_number=? 
    limit
        ?
2026-08-09T02:19:25.463+05:30 DEBUG 21664 --- [clickkaar-backend] [           main] org.hibernate.SQL                        : 
    update
        bookings 
    set
        booking_number=?,
        customer_id=?,
        delivery_otp=?,
        delivery_otp_verified=?,
        rental_days=?,
        rental_end_date=?,
        rental_start_date=?,
        status=?,
        total_amount=?,
        updated_at=? 
    where
        id=?
2026-08-09T02:19:25.467+05:30 DEBUG 21664 --- [clickkaar-backend] [           main] org.hibernate.SQL                        : 
    select
        b1_0.id 
    from
        bookings b1_0 
    where
        b1_0.booking_number=? 
    limit
        ?
2026-08-09T02:19:25.473+05:30 DEBUG 21664 --- [clickkaar-backend] [           main] org.hibernate.SQL                        : 
    update
        bookings 
    set
        booking_number=?,
        customer_id=?,
        delivery_otp=?,
        delivery_otp_verified=?,
        rental_days=?,
        rental_end_date=?,
        rental_start_date=?,
        status=?,
        total_amount=?,
        updated_at=? 
    where
        id=?
2026-08-09T02:19:25.475+05:30 DEBUG 21664 --- [clickkaar-backend] [           main] org.hibernate.SQL                        : 
    select
        b1_0.id 
    from
        bookings b1_0 
    where
        b1_0.booking_number=? 
    limit
        ?
2026-08-09T02:19:25.480+05:30 DEBUG 21664 --- [clickkaar-backend] [           main] org.hibernate.SQL                        : 
    update
        bookings 
    set
        booking_number=?,
        customer_id=?,
        delivery_otp=?,
        delivery_otp_verified=?,
        rental_days=?,
        rental_end_date=?,
        rental_start_date=?,
        status=?,
        total_amount=?,
        updated_at=? 
    where
        id=?
2026-08-09T02:19:25.484+05:30 DEBUG 21664 --- [clickkaar-backend] [           main] org.hibernate.SQL                        : 
    select
        b1_0.id 
    from
        bookings b1_0 
    where
        b1_0.booking_number=? 
    limit
        ?
2026-08-09T02:19:25.489+05:30 DEBUG 21664 --- [clickkaar-backend] [           main] org.hibernate.SQL                        : 
    update
        bookings 
    set
        booking_number=?,
        customer_id=?,
        delivery_otp=?,
        delivery_otp_verified=?,
        rental_days=?,
        rental_end_date=?,
        rental_start_date=?,
        status=?,
        total_amount=?,
        updated_at=? 
    where
        id=?
2026-08-09T02:19:25.491+05:30 DEBUG 21664 --- [clickkaar-backend] [           main] org.hibernate.SQL                        : 
    select
        b1_0.id 
    from
        bookings b1_0 
    where
        b1_0.booking_number=? 
    limit
        ?
2026-08-09T02:19:25.496+05:30 DEBUG 21664 --- [clickkaar-backend] [           main] org.hibernate.SQL                        : 
    update
        bookings 
    set
        booking_number=?,
        customer_id=?,
        delivery_otp=?,
        delivery_otp_verified=?,
        rental_days=?,
        rental_end_date=?,
        rental_start_date=?,
        status=?,
        total_amount=?,
        updated_at=? 
    where
        id=?
2026-08-09T02:19:25.499+05:30 DEBUG 21664 --- [clickkaar-backend] [           main] org.hibernate.SQL                        : 
    select
        b1_0.id 
    from
        bookings b1_0 
    where
        b1_0.booking_number=? 
    limit
        ?
2026-08-09T02:19:25.503+05:30 DEBUG 21664 --- [clickkaar-backend] [           main] org.hibernate.SQL                        : 
    update
        bookings 
    set
        booking_number=?,
        customer_id=?,
        delivery_otp=?,
        delivery_otp_verified=?,
        rental_days=?,
        rental_end_date=?,
        rental_start_date=?,
        status=?,
        total_amount=?,
        updated_at=? 
    where
        id=?
2026-08-09T02:19:25.506+05:30 DEBUG 21664 --- [clickkaar-backend] [           main] org.hibernate.SQL                        : 
    select
        b1_0.id 
    from
        bookings b1_0 
    where
        b1_0.booking_number=? 
    limit
        ?
2026-08-09T02:19:25.509+05:30 DEBUG 21664 --- [clickkaar-backend] [           main] org.hibernate.SQL                        : 
    update
        bookings 
    set
        booking_number=?,
        customer_id=?,
        delivery_otp=?,
        delivery_otp_verified=?,
        rental_days=?,
        rental_end_date=?,
        rental_start_date=?,
        status=?,
        total_amount=?,
        updated_at=? 
    where
        id=?
2026-08-09T02:19:25.513+05:30 DEBUG 21664 --- [clickkaar-backend] [           main] org.hibernate.SQL                        : 
    select
        b1_0.id 
    from
        bookings b1_0 
    where
        b1_0.booking_number=? 
    limit
        ?
2026-08-09T02:19:25.518+05:30 DEBUG 21664 --- [clickkaar-backend] [           main] org.hibernate.SQL                        : 
    update
        bookings 
    set
        booking_number=?,
        customer_id=?,
        delivery_otp=?,
        delivery_otp_verified=?,
        rental_days=?,
        rental_end_date=?,
        rental_start_date=?,
        status=?,
        total_amount=?,
        updated_at=? 
    where
        id=?
2026-08-09T02:19:25.521+05:30 DEBUG 21664 --- [clickkaar-backend] [           main] org.hibernate.SQL                        : 
    select
        b1_0.id 
    from
        bookings b1_0 
    where
        b1_0.booking_number=? 
    limit
        ?
2026-08-09T02:19:25.526+05:30 DEBUG 21664 --- [clickkaar-backend] [           main] org.hibernate.SQL                        : 
    update
        bookings 
    set
        booking_number=?,
        customer_id=?,
        delivery_otp=?,
        delivery_otp_verified=?,
        rental_days=?,
        rental_end_date=?,
        rental_start_date=?,
        status=?,
        total_amount=?,
        updated_at=? 
    where
        id=?
2026-08-09T02:19:25.529+05:30 DEBUG 21664 --- [clickkaar-backend] [           main] org.hibernate.SQL                        : 
    select
        b1_0.id 
    from
        bookings b1_0 
    where
        b1_0.booking_number=? 
    limit
        ?
2026-08-09T02:19:25.530+05:30  INFO 21664 --- [clickkaar-backend] [           main] c.clickkaar.config.BusinessIdMigration   : Migrated 14 old booking IDs to ORD-YYMMDD-XX format
2026-08-09T02:19:25.534+05:30 DEBUG 21664 --- [clickkaar-backend] [           main] org.hibernate.SQL                        : 
    update
        bookings 
    set
        booking_number=?,
        customer_id=?,
        delivery_otp=?,
        delivery_otp_verified=?,
        rental_days=?,
        rental_end_date=?,
        rental_start_date=?,
        status=?,
        total_amount=?,
        updated_at=? 
    where
        id=?
2026-08-09T02:19:25.541+05:30 DEBUG 21664 --- [clickkaar-backend] [           main] o.s.jdbc.core.JdbcTemplate               : Executing SQL statement [alter table bookings modify status varchar(32) not null]
2026-08-09T02:19:25.600+05:30  INFO 21664 --- [clickkaar-backend] [           main] c.clickkaar.config.DatabaseSchemaFixer   : Ensured bookings.status can store all booking statuses
2026-08-09T02:19:25.602+05:30 DEBUG 21664 --- [clickkaar-backend] [           main] o.s.jdbc.core.JdbcTemplate               : Executing SQL statement [alter table otps modify mobile varchar(255) null]
2026-08-09T02:19:25.617+05:30 DEBUG 21664 --- [clickkaar-backend] [           main] o.s.jdbc.core.JdbcTemplate               : Executing SQL statement [alter table otps modify email varchar(255) null]
2026-08-09T02:19:25.629+05:30  INFO 21664 --- [clickkaar-backend] [           main] c.clickkaar.config.DatabaseSchemaFixer   : Ensured otps.email and otps.mobile can be nullable
2026-08-09T02:19:25.630+05:30 DEBUG 21664 --- [clickkaar-backend] [           main] o.s.jdbc.core.JdbcTemplate               : Executing SQL statement [alter table bookings add column delivery_otp varchar(12) null]
2026-08-09T02:19:25.651+05:30 DEBUG 21664 --- [clickkaar-backend] [           main] o.s.jdbc.core.JdbcTemplate               : Executing SQL statement [alter table bookings add column delivery_otp_verified bit not null default 0]
2026-08-09T02:19:25.653+05:30  INFO 21664 --- [clickkaar-backend] [           main] c.clickkaar.config.DatabaseSchemaFixer   : Ensured booking delivery OTP columns exist
2026-08-09T02:19:25.697+05:30 DEBUG 21664 --- [clickkaar-backend] [           main] org.hibernate.SQL                        : 
    select
        r1_0.id,
        r1_0.name 
    from
        roles r1_0 
    where
        r1_0.name=?
2026-08-09T02:19:25.701+05:30 DEBUG 21664 --- [clickkaar-backend] [           main] org.hibernate.SQL                        : 
    select
        r1_0.id,
        r1_0.name 
    from
        roles r1_0 
    where
        r1_0.name=?
2026-08-09T02:19:25.704+05:30 DEBUG 21664 --- [clickkaar-backend] [           main] org.hibernate.SQL                        : 
    select
        r1_0.id,
        r1_0.name 
    from
        roles r1_0 
    where
        r1_0.name=?
2026-08-09T02:19:25.707+05:30 DEBUG 21664 --- [clickkaar-backend] [           main] org.hibernate.SQL                        : 
    select
        r1_0.id,
        r1_0.name 
    from
        roles r1_0 
    where
        r1_0.name=?
2026-08-09T02:19:25.710+05:30 DEBUG 21664 --- [clickkaar-backend] [           main] org.hibernate.SQL                        : 
    select
        r1_0.id,
        r1_0.name 
    from
        roles r1_0 
    where
        r1_0.name=?
2026-08-09T02:19:25.713+05:30 DEBUG 21664 --- [clickkaar-backend] [           main] org.hibernate.SQL                        : 
    select
        r1_0.id,
        r1_0.name 
    from
        roles r1_0 
    where
        r1_0.name=?
2026-08-09T02:19:25.719+05:30 DEBUG 21664 --- [clickkaar-backend] [           main] org.hibernate.SQL                        : 
    select
        u1_0.id,
        u1_0.alternate_contact_number,
        u1_0.city,
        u1_0.company_bonafide_letter_document_name,
        u1_0.company_name,
        u1_0.country,
        u1_0.created_at,
        u1_0.current_address,
        u1_0.dob,
        u1_0.driving_license_document_name,
        u1_0.electricity_bill_document_name,
        u1_0.email,
        u1_0.enabled,
        u1_0.first_name,
        u1_0.full_name,
        u1_0.gender,
        u1_0.last_name,
        u1_0.mobile,
        u1_0.mobile_verified,
        u1_0.occupation,
        u1_0.password,
        u1_0.photo_document_name,
        u1_0.pincode,
        u1_0.rent_agreement_document_name,
        u1_0.residence_type,
        u1_0.social_media_profile,
        u1_0.state,
        u1_0.updated_at 
    from
        users u1_0 
    where
        u1_0.email=?
2026-08-09T02:19:25.724+05:30 DEBUG 21664 --- [clickkaar-backend] [           main] org.hibernate.SQL                        : 
    select
        r1_0.user_id,
        r1_1.id,
        r1_1.name 
    from
        user_roles r1_0 
    join
        roles r1_1 
            on r1_1.id=r1_0.role_id 
    where
        r1_0.user_id=?
2026-08-09T02:19:25.730+05:30 DEBUG 21664 --- [clickkaar-backend] [           main] org.hibernate.SQL                        : 
    select
        u1_0.id,
        u1_0.alternate_contact_number,
        u1_0.city,
        u1_0.company_bonafide_letter_document_name,
        u1_0.company_name,
        u1_0.country,
        u1_0.created_at,
        u1_0.current_address,
        u1_0.dob,
        u1_0.driving_license_document_name,
        u1_0.electricity_bill_document_name,
        u1_0.email,
        u1_0.enabled,
        u1_0.first_name,
        u1_0.full_name,
        u1_0.gender,
        u1_0.last_name,
        u1_0.mobile,
        u1_0.mobile_verified,
        u1_0.occupation,
        u1_0.password,
        u1_0.photo_document_name,
        u1_0.pincode,
        u1_0.rent_agreement_document_name,
        u1_0.residence_type,
        u1_0.social_media_profile,
        u1_0.state,
        u1_0.updated_at 
    from
        users u1_0 
    where
        u1_0.email=?
2026-08-09T02:19:25.732+05:30 DEBUG 21664 --- [clickkaar-backend] [           main] org.hibernate.SQL                        : 
    select
        r1_0.user_id,
        r1_1.id,
        r1_1.name 
    from
        user_roles r1_0 
    join
        roles r1_1 
            on r1_1.id=r1_0.role_id 
    where
        r1_0.user_id=?
2026-08-09T02:19:25.736+05:30 DEBUG 21664 --- [clickkaar-backend] [           main] org.hibernate.SQL                        : 
    select
        u1_0.id,
        u1_0.alternate_contact_number,
        u1_0.city,
        u1_0.company_bonafide_letter_document_name,
        u1_0.company_name,
        u1_0.country,
        u1_0.created_at,
        u1_0.current_address,
        u1_0.dob,
        u1_0.driving_license_document_name,
        u1_0.electricity_bill_document_name,
        u1_0.email,
        u1_0.enabled,
        u1_0.first_name,
        u1_0.full_name,
        u1_0.gender,
        u1_0.last_name,
        u1_0.mobile,
        u1_0.mobile_verified,
        u1_0.occupation,
        u1_0.password,
        u1_0.photo_document_name,
        u1_0.pincode,
        u1_0.rent_agreement_document_name,
        u1_0.residence_type,
        u1_0.social_media_profile,
        u1_0.state,
        u1_0.updated_at 
    from
        users u1_0 
    where
        u1_0.email=?
2026-08-09T02:19:25.738+05:30 DEBUG 21664 --- [clickkaar-backend] [           main] org.hibernate.SQL                        : 
    select
        r1_0.user_id,
        r1_1.id,
        r1_1.name 
    from
        user_roles r1_0 
    join
        roles r1_1 
            on r1_1.id=r1_0.role_id 
    where
        r1_0.user_id=?
2026-08-09T02:19:25.742+05:30 DEBUG 21664 --- [clickkaar-backend] [           main] org.hibernate.SQL                        : 
    select
        u1_0.id,
        u1_0.alternate_contact_number,
        u1_0.city,
        u1_0.company_bonafide_letter_document_name,
        u1_0.company_name,
        u1_0.country,
        u1_0.created_at,
        u1_0.current_address,
        u1_0.dob,
        u1_0.driving_license_document_name,
        u1_0.electricity_bill_document_name,
        u1_0.email,
        u1_0.enabled,
        u1_0.first_name,
        u1_0.full_name,
        u1_0.gender,
        u1_0.last_name,
        u1_0.mobile,
        u1_0.mobile_verified,
        u1_0.occupation,
        u1_0.password,
        u1_0.photo_document_name,
        u1_0.pincode,
        u1_0.rent_agreement_document_name,
        u1_0.residence_type,
        u1_0.social_media_profile,
        u1_0.state,
        u1_0.updated_at 
    from
        users u1_0 
    where
        u1_0.email=?
2026-08-09T02:19:25.743+05:30 DEBUG 21664 --- [clickkaar-backend] [           main] org.hibernate.SQL                        : 
    select
        r1_0.user_id,
        r1_1.id,
        r1_1.name 
    from
        user_roles r1_0 
    join
        roles r1_1 
            on r1_1.id=r1_0.role_id 
    where
        r1_0.user_id=?
2026-08-09T02:19:25.747+05:30 DEBUG 21664 --- [clickkaar-backend] [           main] org.hibernate.SQL                        : 
    select
        c1_0.id,
        c1_0.created_at,
        c1_0.description,
        c1_0.display_name,
        c1_0.name,
        c1_0.updated_at 
    from
        categories c1_0 
    where
        c1_0.name=?
2026-08-09T02:19:25.752+05:30 DEBUG 21664 --- [clickkaar-backend] [           main] org.hibernate.SQL                        : 
    select
        c1_0.id,
        c1_0.created_at,
        c1_0.description,
        c1_0.display_name,
        c1_0.name,
        c1_0.updated_at 
    from
        categories c1_0 
    where
        c1_0.name=?
2026-08-09T02:19:25.755+05:30 DEBUG 21664 --- [clickkaar-backend] [           main] org.hibernate.SQL                        : 
    select
        c1_0.id,
        c1_0.created_at,
        c1_0.description,
        c1_0.display_name,
        c1_0.name,
        c1_0.updated_at 
    from
        categories c1_0 
    where
        c1_0.name=?
2026-08-09T02:19:25.758+05:30 DEBUG 21664 --- [clickkaar-backend] [           main] org.hibernate.SQL                        : 
    select
        c1_0.id,
        c1_0.created_at,
        c1_0.description,
        c1_0.display_name,
        c1_0.name,
        c1_0.updated_at 
    from
        categories c1_0 
    where
        c1_0.name=?
2026-08-09T02:19:25.761+05:30 DEBUG 21664 --- [clickkaar-backend] [           main] org.hibernate.SQL                        : 
    select
        c1_0.id,
        c1_0.created_at,
        c1_0.description,
        c1_0.display_name,
        c1_0.name,
        c1_0.updated_at 
    from
        categories c1_0 
    where
        c1_0.name=?
2026-08-09T02:19:25.766+05:30 DEBUG 21664 --- [clickkaar-backend] [           main] org.hibernate.SQL                        : 
    select
        c1_0.id,
        c1_0.created_at,
        c1_0.description,
        c1_0.display_name,
        c1_0.name,
        c1_0.updated_at 
    from
        categories c1_0 
    where
        c1_0.name=?
2026-08-09T02:19:25.774+05:30 DEBUG 21664 --- [clickkaar-backend] [           main] org.hibernate.SQL                        : 
    select
        p1_0.id,
        p1_0.availability_status,
        p1_0.brand,
        p1_0.category_id,
        p1_0.created_at,
        p1_0.daily_price,
        p1_0.full_description,
        p1_0.image_link,
        p1_0.invoice_url,
        p1_0.link_1,
        p1_0.link_2,
        p1_0.name,
        p1_0.short_description,
        p1_0.specs,
        p1_0.stock,
        p1_0.updated_at,
        p1_0.warranty_date,
        p1_0.weekly_price 
    from
        products p1_0 
    where
        upper(p1_0.name)=upper(?)
2026-08-09T02:19:25.776+05:30 DEBUG 21664 --- [clickkaar-backend] [           main] org.hibernate.SQL                        : 
    select
        c1_0.id,
        c1_0.created_at,
        c1_0.description,
        c1_0.display_name,
        c1_0.name,
        c1_0.updated_at 
    from
        categories c1_0 
    where
        c1_0.id=?
2026-08-09T02:19:25.781+05:30 DEBUG 21664 --- [clickkaar-backend] [           main] org.hibernate.SQL                        : 
    select
        p1_0.id,
        p1_0.availability_status,
        p1_0.brand,
        p1_0.category_id,
        p1_0.created_at,
        p1_0.daily_price,
        p1_0.full_description,
        p1_0.image_link,
        p1_0.invoice_url,
        p1_0.link_1,
        p1_0.link_2,
        p1_0.name,
        p1_0.short_description,
        p1_0.specs,
        p1_0.stock,
        p1_0.updated_at,
        p1_0.warranty_date,
        p1_0.weekly_price 
    from
        products p1_0 
    where
        upper(p1_0.name)=upper(?)
2026-08-09T02:19:25.782+05:30 DEBUG 21664 --- [clickkaar-backend] [           main] org.hibernate.SQL                        : 
    select
        c1_0.id,
        c1_0.created_at,
        c1_0.description,
        c1_0.display_name,
        c1_0.name,
        c1_0.updated_at 
    from
        categories c1_0 
    where
        c1_0.id=?
2026-08-09T02:19:25.786+05:30 DEBUG 21664 --- [clickkaar-backend] [           main] org.hibernate.SQL                        : 
    select
        p1_0.id,
        p1_0.availability_status,
        p1_0.brand,
        p1_0.category_id,
        p1_0.created_at,
        p1_0.daily_price,
        p1_0.full_description,
        p1_0.image_link,
        p1_0.invoice_url,
        p1_0.link_1,
        p1_0.link_2,
        p1_0.name,
        p1_0.short_description,
        p1_0.specs,
        p1_0.stock,
        p1_0.updated_at,
        p1_0.warranty_date,
        p1_0.weekly_price 
    from
        products p1_0 
    where
        upper(p1_0.name)=upper(?)
2026-08-09T02:19:25.788+05:30 DEBUG 21664 --- [clickkaar-backend] [           main] org.hibernate.SQL                        : 
    select
        c1_0.id,
        c1_0.created_at,
        c1_0.description,
        c1_0.display_name,
        c1_0.name,
        c1_0.updated_at 
    from
        categories c1_0 
    where
        c1_0.id=?
2026-08-09T02:19:25.792+05:30 DEBUG 21664 --- [clickkaar-backend] [           main] org.hibernate.SQL                        : 
    select
        p1_0.id,
        p1_0.availability_status,
        p1_0.brand,
        p1_0.category_id,
        p1_0.created_at,
        p1_0.daily_price,
        p1_0.full_description,
        p1_0.image_link,
        p1_0.invoice_url,
        p1_0.link_1,
        p1_0.link_2,
        p1_0.name,
        p1_0.short_description,
        p1_0.specs,
        p1_0.stock,
        p1_0.updated_at,
        p1_0.warranty_date,
        p1_0.weekly_price 
    from
        products p1_0 
    where
        upper(p1_0.name)=upper(?)
2026-08-09T02:19:25.795+05:30 DEBUG 21664 --- [clickkaar-backend] [           main] org.hibernate.SQL                        : 
    select
        c1_0.id,
        c1_0.created_at,
        c1_0.description,
        c1_0.display_name,
        c1_0.name,
        c1_0.updated_at 
    from
        categories c1_0 
    where
        c1_0.id=?
2026-08-09T02:19:25.799+05:30 DEBUG 21664 --- [clickkaar-backend] [           main] org.hibernate.SQL                        : 
    select
        p1_0.id,
        p1_0.availability_status,
        p1_0.brand,
        p1_0.category_id,
        p1_0.created_at,
        p1_0.daily_price,
        p1_0.full_description,
        p1_0.image_link,
        p1_0.invoice_url,
        p1_0.link_1,
        p1_0.link_2,
        p1_0.name,
        p1_0.short_description,
        p1_0.specs,
        p1_0.stock,
        p1_0.updated_at,
        p1_0.warranty_date,
        p1_0.weekly_price 
    from
        products p1_0 
    where
        upper(p1_0.name)=upper(?)
2026-08-09T02:19:25.802+05:30 DEBUG 21664 --- [clickkaar-backend] [           main] org.hibernate.SQL                        : 
    select
        c1_0.id,
        c1_0.created_at,
        c1_0.description,
        c1_0.display_name,
        c1_0.name,
        c1_0.updated_at 
    from
        categories c1_0 
    where
        c1_0.id=?
2026-08-09T02:19:25.806+05:30 DEBUG 21664 --- [clickkaar-backend] [           main] org.hibernate.SQL                        : 
    select
        p1_0.id,
        p1_0.availability_status,
        p1_0.brand,
        p1_0.category_id,
        p1_0.created_at,
        p1_0.daily_price,
        p1_0.full_description,
        p1_0.image_link,
        p1_0.invoice_url,
        p1_0.link_1,
        p1_0.link_2,
        p1_0.name,
        p1_0.short_description,
        p1_0.specs,
        p1_0.stock,
        p1_0.updated_at,
        p1_0.warranty_date,
        p1_0.weekly_price 
    from
        products p1_0 
    where
        upper(p1_0.name)=upper(?)
2026-08-09T02:19:25.809+05:30 DEBUG 21664 --- [clickkaar-backend] [           main] org.hibernate.SQL                        : 
    select
        c1_0.id,
        c1_0.created_at,
        c1_0.description,
        c1_0.display_name,
        c1_0.name,
        c1_0.updated_at 
    from
        categories c1_0 
    where
        c1_0.id=?
2026-08-09T02:19:25.813+05:30 DEBUG 21664 --- [clickkaar-backend] [           main] org.hibernate.SQL                        : 
    select
        p1_0.id,
        p1_0.availability_status,
        p1_0.brand,
        p1_0.category_id,
        p1_0.created_at,
        p1_0.daily_price,
        p1_0.full_description,
        p1_0.image_link,
        p1_0.invoice_url,
        p1_0.link_1,
        p1_0.link_2,
        p1_0.name,
        p1_0.short_description,
        p1_0.specs,
        p1_0.stock,
        p1_0.updated_at,
        p1_0.warranty_date,
        p1_0.weekly_price 
    from
        products p1_0 
    where
        upper(p1_0.name)=upper(?)
2026-08-09T02:19:25.815+05:30 DEBUG 21664 --- [clickkaar-backend] [           main] org.hibernate.SQL                        : 
    select
        c1_0.id,
        c1_0.created_at,
        c1_0.description,
        c1_0.display_name,
        c1_0.name,
        c1_0.updated_at 
    from
        categories c1_0 
    where
        c1_0.id=?
2026-08-09T02:19:25.819+05:30 DEBUG 21664 --- [clickkaar-backend] [           main] org.hibernate.SQL                        : 
    select
        p1_0.id,
        p1_0.availability_status,
        p1_0.brand,
        p1_0.category_id,
        p1_0.created_at,
        p1_0.daily_price,
        p1_0.full_description,
        p1_0.image_link,
        p1_0.invoice_url,
        p1_0.link_1,
        p1_0.link_2,
        p1_0.name,
        p1_0.short_description,
        p1_0.specs,
        p1_0.stock,
        p1_0.updated_at,
        p1_0.warranty_date,
        p1_0.weekly_price 
    from
        products p1_0 
    where
        upper(p1_0.name)=upper(?)
2026-08-09T02:19:25.821+05:30 DEBUG 21664 --- [clickkaar-backend] [           main] org.hibernate.SQL                        : 
    select
        c1_0.id,
        c1_0.created_at,
        c1_0.description,
        c1_0.display_name,
        c1_0.name,
        c1_0.updated_at 
    from
        categories c1_0 
    where
        c1_0.id=?
2026-08-09T02:19:25.825+05:30 DEBUG 21664 --- [clickkaar-backend] [           main] org.hibernate.SQL                        : 
    select
        bp1_0.id,
        bp1_0.author_name,
        bp1_0.category,
        bp1_0.content,
        bp1_0.cover_image,
        bp1_0.created_at,
        bp1_0.publish_date,
        bp1_0.seo_description,
        bp1_0.seo_keywords,
        bp1_0.seo_title,
        bp1_0.slug,
        bp1_0.status,
        bp1_0.tags,
        bp1_0.title,
        bp1_0.updated_at 
    from
        blog_posts bp1_0 
    where
        bp1_0.slug=?
2026-08-09T02:19:25.830+05:30 DEBUG 21664 --- [clickkaar-backend] [           main] org.hibernate.SQL                        : 
    select
        bp1_0.id,
        bp1_0.author_name,
        bp1_0.category,
        bp1_0.content,
        bp1_0.cover_image,
        bp1_0.created_at,
        bp1_0.publish_date,
        bp1_0.seo_description,
        bp1_0.seo_keywords,
        bp1_0.seo_title,
        bp1_0.slug,
        bp1_0.status,
        bp1_0.tags,
        bp1_0.title,
        bp1_0.updated_at 
    from
        blog_posts bp1_0 
    where
        bp1_0.slug=?
2026-08-09T02:19:25.835+05:30 DEBUG 21664 --- [clickkaar-backend] [           main] org.hibernate.SQL                        : 
    select
        bp1_0.id,
        bp1_0.author_name,
        bp1_0.category,
        bp1_0.content,
        bp1_0.cover_image,
        bp1_0.created_at,
        bp1_0.publish_date,
        bp1_0.seo_description,
        bp1_0.seo_keywords,
        bp1_0.seo_title,
        bp1_0.slug,
        bp1_0.status,
        bp1_0.tags,
        bp1_0.title,
        bp1_0.updated_at 
    from
        blog_posts bp1_0 
    where
        bp1_0.slug=?
2026-08-09T02:19:25.839+05:30 DEBUG 21664 --- [clickkaar-backend] [           main] org.hibernate.SQL                        : 
    select
        bp1_0.id,
        bp1_0.author_name,
        bp1_0.category,
        bp1_0.content,
        bp1_0.cover_image,
        bp1_0.created_at,
        bp1_0.publish_date,
        bp1_0.seo_description,
        bp1_0.seo_keywords,
        bp1_0.seo_title,
        bp1_0.slug,
        bp1_0.status,
        bp1_0.tags,
        bp1_0.title,
        bp1_0.updated_at 
    from
        blog_posts bp1_0 
    where
        bp1_0.slug=?
2026-08-09T02:19:25.842+05:30 DEBUG 21664 --- [clickkaar-backend] [           main] org.hibernate.SQL                        : 
    select
        bp1_0.id,
        bp1_0.author_name,
        bp1_0.category,
        bp1_0.content,
        bp1_0.cover_image,
        bp1_0.created_at,
        bp1_0.publish_date,
        bp1_0.seo_description,
        bp1_0.seo_keywords,
        bp1_0.seo_title,
        bp1_0.slug,
        bp1_0.status,
        bp1_0.tags,
        bp1_0.title,
        bp1_0.updated_at 
    from
        blog_posts bp1_0 
    where
        bp1_0.slug=?
2026-08-09T02:19:25.852+05:30 DEBUG 21664 --- [clickkaar-backend] [           main] org.hibernate.SQL                        : 
    select
        count(*) 
    from
        faqs f1_0
2026-08-09T02:19:25.865+05:30 DEBUG 21664 --- [clickkaar-backend] [           main] org.hibernate.SQL                        : 
    select
        count(*) 
    from
        gallery_images gi1_0
2026-08-09T02:19:25.873+05:30 DEBUG 21664 --- [clickkaar-backend] [           main] org.hibernate.SQL                        : 
    select
        cr1_0.id 
    from
        customer_reviews cr1_0 
    where
        upper(cr1_0.name)=upper(?) 
        and upper(cr1_0.quote)=upper(?) 
    limit
        ?
2026-08-09T02:19:25.877+05:30 DEBUG 21664 --- [clickkaar-backend] [           main] org.hibernate.SQL                        : 
    select
        cr1_0.id 
    from
        customer_reviews cr1_0 
    where
        upper(cr1_0.name)=upper(?) 
        and upper(cr1_0.quote)=upper(?) 
    limit
        ?
2026-08-09T02:19:25.880+05:30 DEBUG 21664 --- [clickkaar-backend] [           main] org.hibernate.SQL                        : 
    select
        cr1_0.id 
    from
        customer_reviews cr1_0 
    where
        upper(cr1_0.name)=upper(?) 
        and upper(cr1_0.quote)=upper(?) 
    limit
        ?
2026-08-09T02:19:25.883+05:30 DEBUG 21664 --- [clickkaar-backend] [           main] org.hibernate.SQL                        : 
    select
        cr1_0.id 
    from
        customer_reviews cr1_0 
    where
        upper(cr1_0.name)=upper(?) 
        and upper(cr1_0.quote)=upper(?) 
    limit
        ?
2026-08-09T02:19:25.887+05:30 DEBUG 21664 --- [clickkaar-backend] [           main] org.hibernate.SQL                        : 
    select
        cr1_0.id 
    from
        customer_reviews cr1_0 
    where
        upper(cr1_0.name)=upper(?) 
        and upper(cr1_0.quote)=upper(?) 
    limit
        ?
2026-08-09T02:19:25.890+05:30 DEBUG 21664 --- [clickkaar-backend] [           main] org.hibernate.SQL                        : 
    select
        cr1_0.id 
    from
        customer_reviews cr1_0 
    where
        upper(cr1_0.name)=upper(?) 
        and upper(cr1_0.quote)=upper(?) 
    limit
        ?
2026-08-09T02:19:25.893+05:30 DEBUG 21664 --- [clickkaar-backend] [           main] org.hibernate.SQL                        : 
    select
        sc1_0.id,
        sc1_0.content,
        sc1_0.created_at,
        sc1_0.page_key,
        sc1_0.updated_at 
    from
        static_contents sc1_0 
    where
        sc1_0.page_key=?
2026-08-09T02:19:25.897+05:30 DEBUG 21664 --- [clickkaar-backend] [           main] org.hibernate.SQL                        : 
    select
        sc1_0.id,
        sc1_0.content,
        sc1_0.created_at,
        sc1_0.page_key,
        sc1_0.updated_at 
    from
        static_contents sc1_0 
    where
        sc1_0.page_key=?
2026-08-09T02:19:25.900+05:30 DEBUG 21664 --- [clickkaar-backend] [           main] org.hibernate.SQL                        : 
    select
        sc1_0.id,
        sc1_0.content,
        sc1_0.created_at,
        sc1_0.page_key,
        sc1_0.updated_at 
    from
        static_contents sc1_0 
    where
        sc1_0.page_key=?
2026-08-09T02:19:25.902+05:30 DEBUG 21664 --- [clickkaar-backend] [           main] org.hibernate.SQL                        : 
    select
        sc1_0.id,
        sc1_0.content,
        sc1_0.created_at,
        sc1_0.page_key,
        sc1_0.updated_at 
    from
        static_contents sc1_0 
    where
        sc1_0.page_key=?
2026-08-09T02:19:25.905+05:30 DEBUG 21664 --- [clickkaar-backend] [           main] org.hibernate.SQL                        : 
    select
        u1_0.id,
        u1_0.alternate_contact_number,
        u1_0.city,
        u1_0.company_bonafide_letter_document_name,
        u1_0.company_name,
        u1_0.country,
        u1_0.created_at,
        u1_0.current_address,
        u1_0.dob,
        u1_0.driving_license_document_name,
        u1_0.electricity_bill_document_name,
        u1_0.email,
        u1_0.enabled,
        u1_0.first_name,
        u1_0.full_name,
        u1_0.gender,
        u1_0.last_name,
        u1_0.mobile,
        u1_0.mobile_verified,
        u1_0.occupation,
        u1_0.password,
        u1_0.photo_document_name,
        u1_0.pincode,
        u1_0.rent_agreement_document_name,
        u1_0.residence_type,
        u1_0.social_media_profile,
        u1_0.state,
        u1_0.updated_at 
    from
        users u1_0 
    where
        u1_0.email=?
2026-08-09T02:19:25.907+05:30 DEBUG 21664 --- [clickkaar-backend] [           main] org.hibernate.SQL                        : 
    select
        r1_0.user_id,
        r1_1.id,
        r1_1.name 
    from
        user_roles r1_0 
    join
        roles r1_1 
            on r1_1.id=r1_0.role_id 
    where
        r1_0.user_id=?
2026-08-09T02:19:25.910+05:30 DEBUG 21664 --- [clickkaar-backend] [           main] org.hibernate.SQL                        : 
    select
        u1_0.id,
        u1_0.alternate_contact_number,
        u1_0.city,
        u1_0.company_bonafide_letter_document_name,
        u1_0.company_name,
        u1_0.country,
        u1_0.created_at,
        u1_0.current_address,
        u1_0.dob,
        u1_0.driving_license_document_name,
        u1_0.electricity_bill_document_name,
        u1_0.email,
        u1_0.enabled,
        u1_0.first_name,
        u1_0.full_name,
        u1_0.gender,
        u1_0.last_name,
        u1_0.mobile,
        u1_0.mobile_verified,
        u1_0.occupation,
        u1_0.password,
        u1_0.photo_document_name,
        u1_0.pincode,
        u1_0.rent_agreement_document_name,
        u1_0.residence_type,
        u1_0.social_media_profile,
        u1_0.state,
        u1_0.updated_at 
    from
        users u1_0 
    where
        u1_0.email=?
2026-08-09T02:19:25.913+05:30 DEBUG 21664 --- [clickkaar-backend] [           main] org.hibernate.SQL                        : 
    select
        r1_0.user_id,
        r1_1.id,
        r1_1.name 
    from
        user_roles r1_0 
    join
        roles r1_1 
            on r1_1.id=r1_0.role_id 
    where
        r1_0.user_id=?
2026-08-09T02:19:25.916+05:30 DEBUG 21664 --- [clickkaar-backend] [           main] org.hibernate.SQL                        : 
    select
        u1_0.id,
        u1_0.alternate_contact_number,
        u1_0.city,
        u1_0.company_bonafide_letter_document_name,
        u1_0.company_name,
        u1_0.country,
        u1_0.created_at,
        u1_0.current_address,
        u1_0.dob,
        u1_0.driving_license_document_name,
        u1_0.electricity_bill_document_name,
        u1_0.email,
        u1_0.enabled,
        u1_0.first_name,
        u1_0.full_name,
        u1_0.gender,
        u1_0.last_name,
        u1_0.mobile,
        u1_0.mobile_verified,
        u1_0.occupation,
        u1_0.password,
        u1_0.photo_document_name,
        u1_0.pincode,
        u1_0.rent_agreement_document_name,
        u1_0.residence_type,
        u1_0.social_media_profile,
        u1_0.state,
        u1_0.updated_at 
    from
        users u1_0 
    where
        u1_0.email=?
2026-08-09T02:19:25.919+05:30 DEBUG 21664 --- [clickkaar-backend] [           main] org.hibernate.SQL                        : 
    select
        r1_0.user_id,
        r1_1.id,
        r1_1.name 
    from
        user_roles r1_0 
    join
        roles r1_1 
            on r1_1.id=r1_0.role_id 
    where
        r1_0.user_id=?
2026-08-09T02:19:25.923+05:30 DEBUG 21664 --- [clickkaar-backend] [           main] org.hibernate.SQL                        : 
    select
        u1_0.id,
        u1_0.alternate_contact_number,
        u1_0.city,
        u1_0.company_bonafide_letter_document_name,
        u1_0.company_name,
        u1_0.country,
        u1_0.created_at,
        u1_0.current_address,
        u1_0.dob,
        u1_0.driving_license_document_name,
        u1_0.electricity_bill_document_name,
        u1_0.email,
        u1_0.enabled,
        u1_0.first_name,
        u1_0.full_name,
        u1_0.gender,
        u1_0.last_name,
        u1_0.mobile,
        u1_0.mobile_verified,
        u1_0.occupation,
        u1_0.password,
        u1_0.photo_document_name,
        u1_0.pincode,
        u1_0.rent_agreement_document_name,
        u1_0.residence_type,
        u1_0.social_media_profile,
        u1_0.state,
        u1_0.updated_at 
    from
        users u1_0 
    where
        u1_0.email=?
2026-08-09T02:19:25.925+05:30 DEBUG 21664 --- [clickkaar-backend] [           main] org.hibernate.SQL                        : 
    select
        r1_0.user_id,
        r1_1.id,
        r1_1.name 
    from
        user_roles r1_0 
    join
        roles r1_1 
            on r1_1.id=r1_0.role_id 
    where
        r1_0.user_id=?
2026-08-09T02:19:25.928+05:30 DEBUG 21664 --- [clickkaar-backend] [           main] org.hibernate.SQL                        : 
    select
        p1_0.id,
        p1_0.availability_status,
        p1_0.brand,
        p1_0.category_id,
        p1_0.created_at,
        p1_0.daily_price,
        p1_0.full_description,
        p1_0.image_link,
        p1_0.invoice_url,
        p1_0.link_1,
        p1_0.link_2,
        p1_0.name,
        p1_0.short_description,
        p1_0.specs,
        p1_0.stock,
        p1_0.updated_at,
        p1_0.warranty_date,
        p1_0.weekly_price 
    from
        products p1_0
2026-08-09T02:19:25.930+05:30 DEBUG 21664 --- [clickkaar-backend] [           main] org.hibernate.SQL                        : 
    select
        c1_0.id,
        c1_0.created_at,
        c1_0.description,
        c1_0.display_name,
        c1_0.name,
        c1_0.updated_at 
    from
        categories c1_0 
    where
        c1_0.id=?
2026-08-09T02:19:25.934+05:30 DEBUG 21664 --- [clickkaar-backend] [           main] org.hibernate.SQL                        : 
    select
        c1_0.id,
        c1_0.created_at,
        c1_0.description,
        c1_0.display_name,
        c1_0.name,
        c1_0.updated_at 
    from
        categories c1_0 
    where
        c1_0.id=?
2026-08-09T02:19:25.938+05:30 DEBUG 21664 --- [clickkaar-backend] [           main] org.hibernate.SQL                        : 
    select
        c1_0.id,
        c1_0.created_at,
        c1_0.description,
        c1_0.display_name,
        c1_0.name,
        c1_0.updated_at 
    from
        categories c1_0 
    where
        c1_0.id=?
2026-08-09T02:19:25.942+05:30 DEBUG 21664 --- [clickkaar-backend] [           main] org.hibernate.SQL                        : 
    select
        c1_0.id,
        c1_0.created_at,
        c1_0.description,
        c1_0.display_name,
        c1_0.name,
        c1_0.updated_at 
    from
        categories c1_0 
    where
        c1_0.id=?
2026-08-09T02:19:25.946+05:30 DEBUG 21664 --- [clickkaar-backend] [           main] org.hibernate.SQL                        : 
    select
        c1_0.id,
        c1_0.created_at,
        c1_0.description,
        c1_0.display_name,
        c1_0.name,
        c1_0.updated_at 
    from
        categories c1_0 
    where
        c1_0.id=?
2026-08-09T02:19:25.950+05:30 DEBUG 21664 --- [clickkaar-backend] [           main] org.hibernate.SQL                        : 
    select
        c1_0.id,
        c1_0.created_at,
        c1_0.description,
        c1_0.display_name,
        c1_0.name,
        c1_0.updated_at 
    from
        categories c1_0 
    where
        c1_0.id=?
2026-08-09T02:19:25.963+05:30 DEBUG 21664 --- [clickkaar-backend] [           main] org.hibernate.SQL                        : 
    select
        w1_0.id 
    from
        wishlists w1_0 
    join
        products p1_0 
            on p1_0.id=w1_0.product_id 
    where
        w1_0.user_id=? 
        and p1_0.id=? 
    limit
        ?
2026-08-09T02:19:25.970+05:30 DEBUG 21664 --- [clickkaar-backend] [           main] org.hibernate.SQL                        : 
    select
        w1_0.id 
    from
        wishlists w1_0 
    join
        products p1_0 
            on p1_0.id=w1_0.product_id 
    where
        w1_0.user_id=? 
        and p1_0.id=? 
    limit
        ?
2026-08-09T02:19:25.973+05:30 DEBUG 21664 --- [clickkaar-backend] [           main] org.hibernate.SQL                        : 
    select
        w1_0.id 
    from
        wishlists w1_0 
    join
        products p1_0 
            on p1_0.id=w1_0.product_id 
    where
        w1_0.user_id=? 
        and p1_0.id=? 
    limit
        ?
2026-08-09T02:19:25.977+05:30 DEBUG 21664 --- [clickkaar-backend] [           main] org.hibernate.SQL                        : 
    select
        w1_0.id 
    from
        wishlists w1_0 
    join
        products p1_0 
            on p1_0.id=w1_0.product_id 
    where
        w1_0.user_id=? 
        and p1_0.id=? 
    limit
        ?
2026-08-09T02:19:25.982+05:30 DEBUG 21664 --- [clickkaar-backend] [           main] org.hibernate.SQL                        : 
    select
        p1_0.id,
        p1_0.availability_status,
        p1_0.brand,
        p1_0.category_id,
        p1_0.created_at,
        p1_0.daily_price,
        p1_0.full_description,
        p1_0.image_link,
        p1_0.invoice_url,
        p1_0.link_1,
        p1_0.link_2,
        p1_0.name,
        p1_0.short_description,
        p1_0.specs,
        p1_0.stock,
        p1_0.updated_at,
        p1_0.warranty_date,
        p1_0.weekly_price 
    from
        products p1_0
2026-08-09T02:19:25.984+05:30 DEBUG 21664 --- [clickkaar-backend] [           main] org.hibernate.SQL                        : 
    select
        c1_0.id,
        c1_0.created_at,
        c1_0.description,
        c1_0.display_name,
        c1_0.name,
        c1_0.updated_at 
    from
        categories c1_0 
    where
        c1_0.id=?
2026-08-09T02:19:25.986+05:30 DEBUG 21664 --- [clickkaar-backend] [           main] org.hibernate.SQL                        : 
    select
        c1_0.id,
        c1_0.created_at,
        c1_0.description,
        c1_0.display_name,
        c1_0.name,
        c1_0.updated_at 
    from
        categories c1_0 
    where
        c1_0.id=?
2026-08-09T02:19:25.990+05:30 DEBUG 21664 --- [clickkaar-backend] [           main] org.hibernate.SQL                        : 
    select
        c1_0.id,
        c1_0.created_at,
        c1_0.description,
        c1_0.display_name,
        c1_0.name,
        c1_0.updated_at 
    from
        categories c1_0 
    where
        c1_0.id=?
2026-08-09T02:19:25.997+05:30 DEBUG 21664 --- [clickkaar-backend] [           main] org.hibernate.SQL                        : 
    select
        c1_0.id,
        c1_0.created_at,
        c1_0.description,
        c1_0.display_name,
        c1_0.name,
        c1_0.updated_at 
    from
        categories c1_0 
    where
        c1_0.id=?
2026-08-09T02:19:26.002+05:30 DEBUG 21664 --- [clickkaar-backend] [           main] org.hibernate.SQL                        : 
    select
        c1_0.id,
        c1_0.created_at,
        c1_0.description,
        c1_0.display_name,
        c1_0.name,
        c1_0.updated_at 
    from
        categories c1_0 
    where
        c1_0.id=?
2026-08-09T02:19:26.005+05:30 DEBUG 21664 --- [clickkaar-backend] [           main] org.hibernate.SQL                        : 
    select
        c1_0.id,
        c1_0.created_at,
        c1_0.description,
        c1_0.display_name,
        c1_0.name,
        c1_0.updated_at 
    from
        categories c1_0 
    where
        c1_0.id=?
2026-08-09T02:19:26.014+05:30 DEBUG 21664 --- [clickkaar-backend] [           main] org.hibernate.SQL                        : 
    select
        w1_0.id 
    from
        wishlists w1_0 
    join
        products p1_0 
            on p1_0.id=w1_0.product_id 
    where
        w1_0.user_id=? 
        and p1_0.id=? 
    limit
        ?
2026-08-09T02:19:26.018+05:30 DEBUG 21664 --- [clickkaar-backend] [           main] org.hibernate.SQL                        : 
    select
        w1_0.id 
    from
        wishlists w1_0 
    join
        products p1_0 
            on p1_0.id=w1_0.product_id 
    where
        w1_0.user_id=? 
        and p1_0.id=? 
    limit
        ?
2026-08-09T02:19:26.022+05:30 DEBUG 21664 --- [clickkaar-backend] [           main] org.hibernate.SQL                        : 
    select
        p1_0.id,
        p1_0.availability_status,
        p1_0.brand,
        p1_0.category_id,
        p1_0.created_at,
        p1_0.daily_price,
        p1_0.full_description,
        p1_0.image_link,
        p1_0.invoice_url,
        p1_0.link_1,
        p1_0.link_2,
        p1_0.name,
        p1_0.short_description,
        p1_0.specs,
        p1_0.stock,
        p1_0.updated_at,
        p1_0.warranty_date,
        p1_0.weekly_price 
    from
        products p1_0
2026-08-09T02:19:26.024+05:30 DEBUG 21664 --- [clickkaar-backend] [           main] org.hibernate.SQL                        : 
    select
        c1_0.id,
        c1_0.created_at,
        c1_0.description,
        c1_0.display_name,
        c1_0.name,
        c1_0.updated_at 
    from
        categories c1_0 
    where
        c1_0.id=?
2026-08-09T02:19:26.027+05:30 DEBUG 21664 --- [clickkaar-backend] [           main] org.hibernate.SQL                        : 
    select
        c1_0.id,
        c1_0.created_at,
        c1_0.description,
        c1_0.display_name,
        c1_0.name,
        c1_0.updated_at 
    from
        categories c1_0 
    where
        c1_0.id=?
2026-08-09T02:19:26.030+05:30 DEBUG 21664 --- [clickkaar-backend] [           main] org.hibernate.SQL                        : 
    select
        c1_0.id,
        c1_0.created_at,
        c1_0.description,
        c1_0.display_name,
        c1_0.name,
        c1_0.updated_at 
    from
        categories c1_0 
    where
        c1_0.id=?
2026-08-09T02:19:26.034+05:30 DEBUG 21664 --- [clickkaar-backend] [           main] org.hibernate.SQL                        : 
    select
        c1_0.id,
        c1_0.created_at,
        c1_0.description,
        c1_0.display_name,
        c1_0.name,
        c1_0.updated_at 
    from
        categories c1_0 
    where
        c1_0.id=?
2026-08-09T02:19:26.037+05:30 DEBUG 21664 --- [clickkaar-backend] [           main] org.hibernate.SQL                        : 
    select
        c1_0.id,
        c1_0.created_at,
        c1_0.description,
        c1_0.display_name,
        c1_0.name,
        c1_0.updated_at 
    from
        categories c1_0 
    where
        c1_0.id=?
2026-08-09T02:19:26.040+05:30 DEBUG 21664 --- [clickkaar-backend] [           main] org.hibernate.SQL                        : 
    select
        c1_0.id,
        c1_0.created_at,
        c1_0.description,
        c1_0.display_name,
        c1_0.name,
        c1_0.updated_at 
    from
        categories c1_0 
    where
        c1_0.id=?
2026-08-09T02:19:26.049+05:30 DEBUG 21664 --- [clickkaar-backend] [           main] org.hibernate.SQL                        : 
    select
        w1_0.id 
    from
        wishlists w1_0 
    join
        products p1_0 
            on p1_0.id=w1_0.product_id 
    where
        w1_0.user_id=? 
        and p1_0.id=? 
    limit
        ?
2026-08-09T02:19:26.055+05:30 DEBUG 21664 --- [clickkaar-backend] [           main] org.hibernate.SQL                        : 
    select
        b1_0.id 
    from
        bookings b1_0 
    where
        b1_0.booking_number=? 
    limit
        ?
2026-08-09T02:19:26.059+05:30 DEBUG 21664 --- [clickkaar-backend] [           main] org.hibernate.SQL                        : 
    select
        b1_0.id 
    from
        bookings b1_0 
    where
        b1_0.customer_id=? 
        and b1_0.rental_start_date=? 
        and b1_0.rental_end_date=? 
    limit
        ?
2026-08-09T02:19:26.063+05:30 DEBUG 21664 --- [clickkaar-backend] [           main] org.hibernate.SQL                        : 
    select
        b1_0.id 
    from
        bookings b1_0 
    where
        b1_0.booking_number=? 
    limit
        ?
2026-08-09T02:19:26.066+05:30 DEBUG 21664 --- [clickkaar-backend] [           main] org.hibernate.SQL                        : 
    select
        b1_0.id 
    from
        bookings b1_0 
    where
        b1_0.customer_id=? 
        and b1_0.rental_start_date=? 
        and b1_0.rental_end_date=? 
    limit
        ?
2026-08-09T02:19:26.069+05:30 DEBUG 21664 --- [clickkaar-backend] [           main] org.hibernate.SQL                        : 
    select
        b1_0.id 
    from
        bookings b1_0 
    where
        b1_0.booking_number=? 
    limit
        ?
2026-08-09T02:19:26.072+05:30 DEBUG 21664 --- [clickkaar-backend] [           main] org.hibernate.SQL                        : 
    select
        b1_0.id 
    from
        bookings b1_0 
    where
        b1_0.customer_id=? 
        and b1_0.rental_start_date=? 
        and b1_0.rental_end_date=? 
    limit
        ?
2026-08-09T02:19:26.075+05:30 DEBUG 21664 --- [clickkaar-backend] [           main] org.hibernate.SQL                        : 
    select
        b1_0.id 
    from
        bookings b1_0 
    where
        b1_0.booking_number=? 
    limit
        ?
2026-08-09T02:19:26.079+05:30 DEBUG 21664 --- [clickkaar-backend] [           main] org.hibernate.SQL                        : 
    select
        b1_0.id 
    from
        bookings b1_0 
    where
        b1_0.customer_id=? 
        and b1_0.rental_start_date=? 
        and b1_0.rental_end_date=? 
    limit
        ?
2026-08-09T02:19:26.081+05:30 DEBUG 21664 --- [clickkaar-backend] [           main] o.s.b.a.ApplicationAvailabilityBean      : Application availability state ReadinessState changed to ACCEPTING_TRAFFIC
2026-08-09T02:20:28.942+05:30  INFO 21664 --- [clickkaar-backend] [nio-8080-exec-1] o.a.c.c.C.[Tomcat].[localhost].[/]       : Initializing Spring DispatcherServlet 'dispatcherServlet'
2026-08-09T02:20:28.942+05:30  INFO 21664 --- [clickkaar-backend] [nio-8080-exec-1] o.s.web.servlet.DispatcherServlet        : Initializing Servlet 'dispatcherServlet'
2026-08-09T02:20:28.943+05:30 DEBUG 21664 --- [clickkaar-backend] [nio-8080-exec-1] o.s.web.servlet.DispatcherServlet        : Detected StandardServletMultipartResolver
2026-08-09T02:20:28.944+05:30 DEBUG 21664 --- [clickkaar-backend] [nio-8080-exec-1] o.s.web.servlet.DispatcherServlet        : Detected AcceptHeaderLocaleResolver
2026-08-09T02:20:28.944+05:30 DEBUG 21664 --- [clickkaar-backend] [nio-8080-exec-1] o.s.web.servlet.DispatcherServlet        : Detected FixedThemeResolver
2026-08-09T02:20:28.946+05:30 DEBUG 21664 --- [clickkaar-backend] [nio-8080-exec-1] o.s.web.servlet.DispatcherServlet        : Detected org.springframework.web.servlet.view.DefaultRequestToViewNameTranslator@614a720e
2026-08-09T02:20:28.947+05:30 DEBUG 21664 --- [clickkaar-backend] [nio-8080-exec-1] o.s.web.servlet.DispatcherServlet        : Detected org.springframework.web.servlet.support.SessionFlashMapManager@3cc9957d
2026-08-09T02:20:28.948+05:30 DEBUG 21664 --- [clickkaar-backend] [nio-8080-exec-1] o.s.web.servlet.DispatcherServlet        : enableLoggingRequestDetails='false': request parameters and headers will be masked to prevent unsafe logging of potentially sensitive data
2026-08-09T02:20:28.949+05:30  INFO 21664 --- [clickkaar-backend] [nio-8080-exec-1] o.s.web.servlet.DispatcherServlet        : Completed initialization in 6 ms
2026-08-09T02:20:28.997+05:30 DEBUG 21664 --- [clickkaar-backend] [nio-8080-exec-1] o.s.web.servlet.DispatcherServlet        : POST "/api/auth/login", parameters={}
2026-08-09T02:20:28.999+05:30 DEBUG 21664 --- [clickkaar-backend] [nio-8080-exec-1] s.w.s.m.m.a.RequestMappingHandlerMapping : Mapped to com.clickkaar.controller.AuthController#login(LoginRequest)
2026-08-09T02:20:29.132+05:30 DEBUG 21664 --- [clickkaar-backend] [nio-8080-exec-1] o.s.web.method.HandlerMethod             : Could not resolve parameter [0] in public com.clickkaar.dto.auth.AuthResponse com.clickkaar.controller.AuthController.login(com.clickkaar.dto.auth.LoginRequest): JSON parse error: Unexpected character ('e' (code 101)): was expecting double-quote to start field name
2026-08-09T02:20:29.134+05:30 DEBUG 21664 --- [clickkaar-backend] [nio-8080-exec-1] .m.m.a.ExceptionHandlerExceptionResolver : Using @ExceptionHandler com.clickkaar.exception.GlobalExceptionHandler#handleGeneric(Exception)
2026-08-09T02:20:29.165+05:30 DEBUG 21664 --- [clickkaar-backend] [nio-8080-exec-1] o.s.w.s.m.m.a.HttpEntityMethodProcessor  : Using 'application/json', given [*/*] and supported [application/json, application/*+json]
2026-08-09T02:20:29.170+05:30 DEBUG 21664 --- [clickkaar-backend] [nio-8080-exec-1] o.s.w.s.m.m.a.HttpEntityMethodProcessor  : Writing [ApiError[timestamp=2026-08-09T02:20:29.139302400, status=500, message=JSON parse error: Unexpected c (truncated)...]
2026-08-09T02:20:29.193+05:30 DEBUG 21664 --- [clickkaar-backend] [nio-8080-exec-1] .m.m.a.ExceptionHandlerExceptionResolver : Resolved [org.springframework.http.converter.HttpMessageNotReadableException: JSON parse error: Unexpected character ('e' (code 101)): was expecting double-quote to start field name]
2026-08-09T02:20:29.194+05:30 DEBUG 21664 --- [clickkaar-backend] [nio-8080-exec-1] o.s.web.servlet.DispatcherServlet        : Completed 500 INTERNAL_SERVER_ERROR
2026-08-09T02:20:34.844+05:30 DEBUG 21664 --- [clickkaar-backend] [nio-8080-exec-4] o.s.web.servlet.DispatcherServlet        : POST "/api/auth/login", parameters={}
2026-08-09T02:20:34.855+05:30 DEBUG 21664 --- [clickkaar-backend] [nio-8080-exec-4] s.w.s.m.m.a.RequestMappingHandlerMapping : Mapped to com.clickkaar.controller.AuthController#login(LoginRequest)
2026-08-09T02:20:34.856+05:30 DEBUG 21664 --- [clickkaar-backend] [nio-8080-exec-4] o.s.web.method.HandlerMethod             : Could not resolve parameter [0] in public com.clickkaar.dto.auth.AuthResponse com.clickkaar.controller.AuthController.login(com.clickkaar.dto.auth.LoginRequest): JSON parse error: Unexpected character ('e' (code 101)): was expecting double-quote to start field name
2026-08-09T02:20:34.856+05:30 DEBUG 21664 --- [clickkaar-backend] [nio-8080-exec-4] .m.m.a.ExceptionHandlerExceptionResolver : Using @ExceptionHandler com.clickkaar.exception.GlobalExceptionHandler#handleGeneric(Exception)
2026-08-09T02:20:34.857+05:30 DEBUG 21664 --- [clickkaar-backend] [nio-8080-exec-4] o.s.w.s.m.m.a.HttpEntityMethodProcessor  : Using 'application/json', given [*/*] and supported [application/json, application/*+json]
2026-08-09T02:20:34.857+05:30 DEBUG 21664 --- [clickkaar-backend] [nio-8080-exec-4] o.s.w.s.m.m.a.HttpEntityMethodProcessor  : Writing [ApiError[timestamp=2026-08-09T02:20:34.857301900, status=500, message=JSON parse error: Unexpected c (truncated)...]
2026-08-09T02:20:34.858+05:30 DEBUG 21664 --- [clickkaar-backend] [nio-8080-exec-4] .m.m.a.ExceptionHandlerExceptionResolver : Resolved [org.springframework.http.converter.HttpMessageNotReadableException: JSON parse error: Unexpected character ('e' (code 101)): was expecting double-quote to start field name]
2026-08-09T02:20:34.859+05:30 DEBUG 21664 --- [clickkaar-backend] [nio-8080-exec-4] o.s.web.servlet.DispatcherServlet        : Completed 500 INTERNAL_SERVER_ERROR
2026-08-09T02:20:41.306+05:30 DEBUG 21664 --- [clickkaar-backend] [nio-8080-exec-2] o.s.web.servlet.DispatcherServlet        : POST "/api/auth/login", parameters={}
2026-08-09T02:20:41.307+05:30 DEBUG 21664 --- [clickkaar-backend] [nio-8080-exec-2] s.w.s.m.m.a.RequestMappingHandlerMapping : Mapped to com.clickkaar.controller.AuthController#login(LoginRequest)
2026-08-09T02:20:41.308+05:30 DEBUG 21664 --- [clickkaar-backend] [nio-8080-exec-2] o.s.web.method.HandlerMethod             : Could not resolve parameter [0] in public com.clickkaar.dto.auth.AuthResponse com.clickkaar.controller.AuthController.login(com.clickkaar.dto.auth.LoginRequest): JSON parse error: Unexpected character ('e' (code 101)): was expecting double-quote to start field name
2026-08-09T02:20:41.309+05:30 DEBUG 21664 --- [clickkaar-backend] [nio-8080-exec-2] .m.m.a.ExceptionHandlerExceptionResolver : Using @ExceptionHandler com.clickkaar.exception.GlobalExceptionHandler#handleGeneric(Exception)
2026-08-09T02:20:41.310+05:30 DEBUG 21664 --- [clickkaar-backend] [nio-8080-exec-2] o.s.w.s.m.m.a.HttpEntityMethodProcessor  : Using 'application/json', given [*/*] and supported [application/json, application/*+json]
2026-08-09T02:20:41.310+05:30 DEBUG 21664 --- [clickkaar-backend] [nio-8080-exec-2] o.s.w.s.m.m.a.HttpEntityMethodProcessor  : Writing [ApiError[timestamp=2026-08-09T02:20:41.309158200, status=500, message=JSON parse error: Unexpected c (truncated)...]
2026-08-09T02:20:41.312+05:30 DEBUG 21664 --- [clickkaar-backend] [nio-8080-exec-2] .m.m.a.ExceptionHandlerExceptionResolver : Resolved [org.springframework.http.converter.HttpMessageNotReadableException: JSON parse error: Unexpected character ('e' (code 101)): was expecting double-quote to start field name]
2026-08-09T02:20:41.313+05:30 DEBUG 21664 --- [clickkaar-backend] [nio-8080-exec-2] o.s.web.servlet.DispatcherServlet        : Completed 500 INTERNAL_SERVER_ERROR
2026-08-09T02:20:57.155+05:30 DEBUG 21664 --- [clickkaar-backend] [nio-8080-exec-6] o.s.web.servlet.DispatcherServlet        : POST "/api/auth/login", parameters={}
2026-08-09T02:20:57.156+05:30 DEBUG 21664 --- [clickkaar-backend] [nio-8080-exec-6] s.w.s.m.m.a.RequestMappingHandlerMapping : Mapped to com.clickkaar.controller.AuthController#login(LoginRequest)
2026-08-09T02:20:57.165+05:30 DEBUG 21664 --- [clickkaar-backend] [nio-8080-exec-6] m.m.a.RequestResponseBodyMethodProcessor : Read "application/json;charset=UTF-8" to [LoginRequest[email=admin@clickkaar.com, password=Admin@123]]
2026-08-09T02:20:57.263+05:30 DEBUG 21664 --- [clickkaar-backend] [nio-8080-exec-6] org.hibernate.SQL                        : 
    select
        pr1_0.id 
    from
        pending_registrations pr1_0 
    where
        pr1_0.email=? 
    limit
        ?
2026-08-09T02:20:57.268+05:30 DEBUG 21664 --- [clickkaar-backend] [nio-8080-exec-6] org.hibernate.SQL                        : 
    select
        u1_0.id,
        u1_0.alternate_contact_number,
        u1_0.city,
        u1_0.company_bonafide_letter_document_name,
        u1_0.company_name,
        u1_0.country,
        u1_0.created_at,
        u1_0.current_address,
        u1_0.dob,
        u1_0.driving_license_document_name,
        u1_0.electricity_bill_document_name,
        u1_0.email,
        u1_0.enabled,
        u1_0.first_name,
        u1_0.full_name,
        u1_0.gender,
        u1_0.last_name,
        u1_0.mobile,
        u1_0.mobile_verified,
        u1_0.occupation,
        u1_0.password,
        u1_0.photo_document_name,
        u1_0.pincode,
        u1_0.rent_agreement_document_name,
        u1_0.residence_type,
        u1_0.social_media_profile,
        u1_0.state,
        u1_0.updated_at 
    from
        users u1_0 
    where
        u1_0.email=?
2026-08-09T02:20:57.271+05:30 DEBUG 21664 --- [clickkaar-backend] [nio-8080-exec-6] org.hibernate.SQL                        : 
    select
        r1_0.user_id,
        r1_1.id,
        r1_1.name 
    from
        user_roles r1_0 
    join
        roles r1_1 
            on r1_1.id=r1_0.role_id 
    where
        r1_0.user_id=?
2026-08-09T02:20:57.414+05:30 DEBUG 21664 --- [clickkaar-backend] [nio-8080-exec-6] org.hibernate.SQL                        : 
    select
        u1_0.id,
        u1_0.alternate_contact_number,
        u1_0.city,
        u1_0.company_bonafide_letter_document_name,
        u1_0.company_name,
        u1_0.country,
        u1_0.created_at,
        u1_0.current_address,
        u1_0.dob,
        u1_0.driving_license_document_name,
        u1_0.electricity_bill_document_name,
        u1_0.email,
        u1_0.enabled,
        u1_0.first_name,
        u1_0.full_name,
        u1_0.gender,
        u1_0.last_name,
        u1_0.mobile,
        u1_0.mobile_verified,
        u1_0.occupation,
        u1_0.password,
        u1_0.photo_document_name,
        u1_0.pincode,
        u1_0.rent_agreement_document_name,
        u1_0.residence_type,
        u1_0.social_media_profile,
        u1_0.state,
        u1_0.updated_at 
    from
        users u1_0 
    where
        u1_0.email=?
2026-08-09T02:20:57.427+05:30 DEBUG 21664 --- [clickkaar-backend] [nio-8080-exec-6] org.hibernate.SQL                        : 
    select
        r1_0.user_id,
        r1_1.id,
        r1_1.name 
    from
        user_roles r1_0 
    join
        roles r1_1 
            on r1_1.id=r1_0.role_id 
    where
        r1_0.user_id=?
2026-08-09T02:20:57.735+05:30 DEBUG 21664 --- [clickkaar-backend] [nio-8080-exec-6] m.m.a.RequestResponseBodyMethodProcessor : Using 'application/json', given [*/*] and supported [application/json, application/*+json]
2026-08-09T02:20:57.739+05:30 DEBUG 21664 --- [clickkaar-backend] [nio-8080-exec-6] m.m.a.RequestResponseBodyMethodProcessor : Writing [AuthResponse[token=eyJhbGciOiJIUzM4NCJ9.eyJzdWIiOiJhZG1pbkBjbGlja2thYXIuY29tIiwiaWF0IjoxNzg2MjIyMjU3 (truncated)...]
2026-08-09T02:20:57.744+05:30 DEBUG 21664 --- [clickkaar-backend] [nio-8080-exec-6] o.s.web.servlet.DispatcherServlet        : Completed 200 OK
2026-08-09T02:21:12.322+05:30 DEBUG 21664 --- [clickkaar-backend] [nio-8080-exec-8] o.s.web.servlet.DispatcherServlet        : POST "/api/auth/login", parameters={}
2026-08-09T02:21:12.323+05:30 DEBUG 21664 --- [clickkaar-backend] [nio-8080-exec-8] s.w.s.m.m.a.RequestMappingHandlerMapping : Mapped to com.clickkaar.controller.AuthController#login(LoginRequest)
2026-08-09T02:21:12.324+05:30 DEBUG 21664 --- [clickkaar-backend] [nio-8080-exec-8] m.m.a.RequestResponseBodyMethodProcessor : Read "application/json;charset=UTF-8" to [LoginRequest[email=admin@clickkaar.com, password=Admin@123]]
2026-08-09T02:21:12.326+05:30 DEBUG 21664 --- [clickkaar-backend] [nio-8080-exec-8] org.hibernate.SQL                        : 
    select
        pr1_0.id 
    from
        pending_registrations pr1_0 
    where
        pr1_0.email=? 
    limit
        ?
2026-08-09T02:21:12.329+05:30 DEBUG 21664 --- [clickkaar-backend] [nio-8080-exec-8] org.hibernate.SQL                        : 
    select
        u1_0.id,
        u1_0.alternate_contact_number,
        u1_0.city,
        u1_0.company_bonafide_letter_document_name,
        u1_0.company_name,
        u1_0.country,
        u1_0.created_at,
        u1_0.current_address,
        u1_0.dob,
        u1_0.driving_license_document_name,
        u1_0.electricity_bill_document_name,
        u1_0.email,
        u1_0.enabled,
        u1_0.first_name,
        u1_0.full_name,
        u1_0.gender,
        u1_0.last_name,
        u1_0.mobile,
        u1_0.mobile_verified,
        u1_0.occupation,
        u1_0.password,
        u1_0.photo_document_name,
        u1_0.pincode,
        u1_0.rent_agreement_document_name,
        u1_0.residence_type,
        u1_0.social_media_profile,
        u1_0.state,
        u1_0.updated_at 
    from
        users u1_0 
    where
        u1_0.email=?
2026-08-09T02:21:12.331+05:30 DEBUG 21664 --- [clickkaar-backend] [nio-8080-exec-8] org.hibernate.SQL                        : 
    select
        r1_0.user_id,
        r1_1.id,
        r1_1.name 
    from
        user_roles r1_0 
    join
        roles r1_1 
            on r1_1.id=r1_0.role_id 
    where
        r1_0.user_id=?
2026-08-09T02:21:12.336+05:30 DEBUG 21664 --- [clickkaar-backend] [nio-8080-exec-8] org.hibernate.SQL                        : 
    select
        u1_0.id,
        u1_0.alternate_contact_number,
        u1_0.city,
        u1_0.company_bonafide_letter_document_name,
        u1_0.company_name,
        u1_0.country,
        u1_0.created_at,
        u1_0.current_address,
        u1_0.dob,
        u1_0.driving_license_document_name,
        u1_0.electricity_bill_document_name,
        u1_0.email,
        u1_0.enabled,
        u1_0.first_name,
        u1_0.full_name,
        u1_0.gender,
        u1_0.last_name,
        u1_0.mobile,
        u1_0.mobile_verified,
        u1_0.occupation,
        u1_0.password,
        u1_0.photo_document_name,
        u1_0.pincode,
        u1_0.rent_agreement_document_name,
        u1_0.residence_type,
        u1_0.social_media_profile,
        u1_0.state,
        u1_0.updated_at 
    from
        users u1_0 
    where
        u1_0.email=?
2026-08-09T02:21:12.337+05:30 DEBUG 21664 --- [clickkaar-backend] [nio-8080-exec-8] org.hibernate.SQL                        : 
    select
        r1_0.user_id,
        r1_1.id,
        r1_1.name 
    from
        user_roles r1_0 
    join
        roles r1_1 
            on r1_1.id=r1_0.role_id 
    where
        r1_0.user_id=?
2026-08-09T02:21:12.478+05:30 DEBUG 21664 --- [clickkaar-backend] [nio-8080-exec-8] m.m.a.RequestResponseBodyMethodProcessor : Using 'application/json', given [*/*] and supported [application/json, application/*+json]
2026-08-09T02:21:12.479+05:30 DEBUG 21664 --- [clickkaar-backend] [nio-8080-exec-8] m.m.a.RequestResponseBodyMethodProcessor : Writing [AuthResponse[token=eyJhbGciOiJIUzM4NCJ9.eyJzdWIiOiJhZG1pbkBjbGlja2thYXIuY29tIiwiaWF0IjoxNzg2MjIyMjcy (truncated)...]
2026-08-09T02:21:12.479+05:30 DEBUG 21664 --- [clickkaar-backend] [nio-8080-exec-8] o.s.web.servlet.DispatcherServlet        : Completed 200 OK
2026-08-09T02:21:12.555+05:30 DEBUG 21664 --- [clickkaar-backend] [nio-8080-exec-9] org.hibernate.SQL                        : 
    select
        u1_0.id,
        u1_0.alternate_contact_number,
        u1_0.city,
        u1_0.company_bonafide_letter_document_name,
        u1_0.company_name,
        u1_0.country,
        u1_0.created_at,
        u1_0.current_address,
        u1_0.dob,
        u1_0.driving_license_document_name,
        u1_0.electricity_bill_document_name,
        u1_0.email,
        u1_0.enabled,
        u1_0.first_name,
        u1_0.full_name,
        u1_0.gender,
        u1_0.last_name,
        u1_0.mobile,
        u1_0.mobile_verified,
        u1_0.occupation,
        u1_0.password,
        u1_0.photo_document_name,
        u1_0.pincode,
        u1_0.rent_agreement_document_name,
        u1_0.residence_type,
        u1_0.social_media_profile,
        u1_0.state,
        u1_0.updated_at 
    from
        users u1_0 
    where
        u1_0.email=?
2026-08-09T02:21:12.557+05:30 DEBUG 21664 --- [clickkaar-backend] [nio-8080-exec-9] org.hibernate.SQL                        : 
    select
        r1_0.user_id,
        r1_1.id,
        r1_1.name 
    from
        user_roles r1_0 
    join
        roles r1_1 
            on r1_1.id=r1_0.role_id 
    where
        r1_0.user_id=?
2026-08-09T02:21:12.561+05:30 DEBUG 21664 --- [clickkaar-backend] [nio-8080-exec-9] o.s.web.servlet.DispatcherServlet        : GET "/api/admin/bookings", parameters={}
2026-08-09T02:21:12.561+05:30 DEBUG 21664 --- [clickkaar-backend] [nio-8080-exec-9] s.w.s.m.m.a.RequestMappingHandlerMapping : Mapped to com.clickkaar.controller.AdminController#bookings()
2026-08-09T02:21:12.582+05:30 DEBUG 21664 --- [clickkaar-backend] [nio-8080-exec-9] org.hibernate.SQL                        : 
    select
        b1_0.id,
        b1_0.booking_number,
        b1_0.created_at,
        b1_0.customer_id,
        b1_0.delivery_otp,
        b1_0.delivery_otp_verified,
        b1_0.rental_days,
        b1_0.rental_end_date,
        b1_0.rental_start_date,
        b1_0.status,
        b1_0.total_amount,
        b1_0.updated_at 
    from
        bookings b1_0
2026-08-09T02:21:12.585+05:30 DEBUG 21664 --- [clickkaar-backend] [nio-8080-exec-9] org.hibernate.SQL                        : 
    select
        u1_0.id,
        u1_0.alternate_contact_number,
        u1_0.city,
        u1_0.company_bonafide_letter_document_name,
        u1_0.company_name,
        u1_0.country,
        u1_0.created_at,
        u1_0.current_address,
        u1_0.dob,
        u1_0.driving_license_document_name,
        u1_0.electricity_bill_document_name,
        u1_0.email,
        u1_0.enabled,
        u1_0.first_name,
        u1_0.full_name,
        u1_0.gender,
        u1_0.last_name,
        u1_0.mobile,
        u1_0.mobile_verified,
        u1_0.occupation,
        u1_0.password,
        u1_0.photo_document_name,
        u1_0.pincode,
        u1_0.rent_agreement_document_name,
        u1_0.residence_type,
        r1_0.user_id,
        r1_1.id,
        r1_1.name,
        u1_0.social_media_profile,
        u1_0.state,
        u1_0.updated_at 
    from
        users u1_0 
    left join
        user_roles r1_0 
            on u1_0.id=r1_0.user_id 
    left join
        roles r1_1 
            on r1_1.id=r1_0.role_id 
    where
        u1_0.id=?
2026-08-09T02:21:12.587+05:30 DEBUG 21664 --- [clickkaar-backend] [nio-8080-exec-9] org.hibernate.SQL                        : 
    select
        u1_0.id,
        u1_0.alternate_contact_number,
        u1_0.city,
        u1_0.company_bonafide_letter_document_name,
        u1_0.company_name,
        u1_0.country,
        u1_0.created_at,
        u1_0.current_address,
        u1_0.dob,
        u1_0.driving_license_document_name,
        u1_0.electricity_bill_document_name,
        u1_0.email,
        u1_0.enabled,
        u1_0.first_name,
        u1_0.full_name,
        u1_0.gender,
        u1_0.last_name,
        u1_0.mobile,
        u1_0.mobile_verified,
        u1_0.occupation,
        u1_0.password,
        u1_0.photo_document_name,
        u1_0.pincode,
        u1_0.rent_agreement_document_name,
        u1_0.residence_type,
        r1_0.user_id,
        r1_1.id,
        r1_1.name,
        u1_0.social_media_profile,
        u1_0.state,
        u1_0.updated_at 
    from
        users u1_0 
    left join
        user_roles r1_0 
            on u1_0.id=r1_0.user_id 
    left join
        roles r1_1 
            on r1_1.id=r1_0.role_id 
    where
        u1_0.id=?
2026-08-09T02:21:12.589+05:30 DEBUG 21664 --- [clickkaar-backend] [nio-8080-exec-9] org.hibernate.SQL                        : 
    select
        u1_0.id,
        u1_0.alternate_contact_number,
        u1_0.city,
        u1_0.company_bonafide_letter_document_name,
        u1_0.company_name,
        u1_0.country,
        u1_0.created_at,
        u1_0.current_address,
        u1_0.dob,
        u1_0.driving_license_document_name,
        u1_0.electricity_bill_document_name,
        u1_0.email,
        u1_0.enabled,
        u1_0.first_name,
        u1_0.full_name,
        u1_0.gender,
        u1_0.last_name,
        u1_0.mobile,
        u1_0.mobile_verified,
        u1_0.occupation,
        u1_0.password,
        u1_0.photo_document_name,
        u1_0.pincode,
        u1_0.rent_agreement_document_name,
        u1_0.residence_type,
        r1_0.user_id,
        r1_1.id,
        r1_1.name,
        u1_0.social_media_profile,
        u1_0.state,
        u1_0.updated_at 
    from
        users u1_0 
    left join
        user_roles r1_0 
            on u1_0.id=r1_0.user_id 
    left join
        roles r1_1 
            on r1_1.id=r1_0.role_id 
    where
        u1_0.id=?
2026-08-09T02:21:12.591+05:30 DEBUG 21664 --- [clickkaar-backend] [nio-8080-exec-9] org.hibernate.SQL                        : 
    select
        u1_0.id,
        u1_0.alternate_contact_number,
        u1_0.city,
        u1_0.company_bonafide_letter_document_name,
        u1_0.company_name,
        u1_0.country,
        u1_0.created_at,
        u1_0.current_address,
        u1_0.dob,
        u1_0.driving_license_document_name,
        u1_0.electricity_bill_document_name,
        u1_0.email,
        u1_0.enabled,
        u1_0.first_name,
        u1_0.full_name,
        u1_0.gender,
        u1_0.last_name,
        u1_0.mobile,
        u1_0.mobile_verified,
        u1_0.occupation,
        u1_0.password,
        u1_0.photo_document_name,
        u1_0.pincode,
        u1_0.rent_agreement_document_name,
        u1_0.residence_type,
        r1_0.user_id,
        r1_1.id,
        r1_1.name,
        u1_0.social_media_profile,
        u1_0.state,
        u1_0.updated_at 
    from
        users u1_0 
    left join
        user_roles r1_0 
            on u1_0.id=r1_0.user_id 
    left join
        roles r1_1 
            on r1_1.id=r1_0.role_id 
    where
        u1_0.id=?
2026-08-09T02:21:12.593+05:30 DEBUG 21664 --- [clickkaar-backend] [nio-8080-exec-9] org.hibernate.SQL                        : 
    select
        u1_0.id,
        u1_0.alternate_contact_number,
        u1_0.city,
        u1_0.company_bonafide_letter_document_name,
        u1_0.company_name,
        u1_0.country,
        u1_0.created_at,
        u1_0.current_address,
        u1_0.dob,
        u1_0.driving_license_document_name,
        u1_0.electricity_bill_document_name,
        u1_0.email,
        u1_0.enabled,
        u1_0.first_name,
        u1_0.full_name,
        u1_0.gender,
        u1_0.last_name,
        u1_0.mobile,
        u1_0.mobile_verified,
        u1_0.occupation,
        u1_0.password,
        u1_0.photo_document_name,
        u1_0.pincode,
        u1_0.rent_agreement_document_name,
        u1_0.residence_type,
        r1_0.user_id,
        r1_1.id,
        r1_1.name,
        u1_0.social_media_profile,
        u1_0.state,
        u1_0.updated_at 
    from
        users u1_0 
    left join
        user_roles r1_0 
            on u1_0.id=r1_0.user_id 
    left join
        roles r1_1 
            on r1_1.id=r1_0.role_id 
    where
        u1_0.id=?
2026-08-09T02:21:12.599+05:30 DEBUG 21664 --- [clickkaar-backend] [nio-8080-exec-9] org.hibernate.SQL                        : 
    select
        p1_0.id,
        p1_0.amount,
        p1_0.booking_id,
        p1_0.created_at,
        p1_0.razorpay_order_id,
        p1_0.razorpay_payment_id,
        p1_0.razorpay_signature,
        p1_0.remark,
        p1_0.status,
        p1_0.type,
        p1_0.updated_at 
    from
        payments p1_0
2026-08-09T02:21:12.614+05:30 DEBUG 21664 --- [clickkaar-backend] [nio-8080-exec-9] org.hibernate.SQL                        : 
    select
        bn1_0.id,
        bn1_0.admin_id,
        bn1_0.booking_id,
        bn1_0.created_at,
        bn1_0.note,
        bn1_0.updated_at 
    from
        booking_notes bn1_0 
    where
        bn1_0.booking_id=?
2026-08-09T02:21:12.619+05:30 DEBUG 21664 --- [clickkaar-backend] [nio-8080-exec-9] org.hibernate.SQL                        : 
    select
        u1_0.id,
        u1_0.alternate_contact_number,
        u1_0.city,
        u1_0.company_bonafide_letter_document_name,
        u1_0.company_name,
        u1_0.country,
        u1_0.created_at,
        u1_0.current_address,
        u1_0.dob,
        u1_0.driving_license_document_name,
        u1_0.electricity_bill_document_name,
        u1_0.email,
        u1_0.enabled,
        u1_0.first_name,
        u1_0.full_name,
        u1_0.gender,
        u1_0.last_name,
        u1_0.mobile,
        u1_0.mobile_verified,
        u1_0.occupation,
        u1_0.password,
        u1_0.photo_document_name,
        u1_0.pincode,
        u1_0.rent_agreement_document_name,
        u1_0.residence_type,
        r1_0.user_id,
        r1_1.id,
        r1_1.name,
        u1_0.social_media_profile,
        u1_0.state,
        u1_0.updated_at 
    from
        users u1_0 
    left join
        user_roles r1_0 
            on u1_0.id=r1_0.user_id 
    left join
        roles r1_1 
            on r1_1.id=r1_0.role_id 
    where
        u1_0.id=?
2026-08-09T02:21:12.625+05:30 DEBUG 21664 --- [clickkaar-backend] [nio-8080-exec-9] org.hibernate.SQL                        : 
    select
        i1_0.booking_id,
        i1_0.id,
        i1_0.daily_price,
        i1_0.line_total,
        i1_0.product_id,
        p1_0.id,
        p1_0.availability_status,
        p1_0.brand,
        p1_0.category_id,
        c1_0.id,
        c1_0.created_at,
        c1_0.description,
        c1_0.display_name,
        c1_0.name,
        c1_0.updated_at,
        p1_0.created_at,
        p1_0.daily_price,
        p1_0.full_description,
        p1_0.image_link,
        p1_0.invoice_url,
        p1_0.link_1,
        p1_0.link_2,
        p1_0.name,
        p1_0.short_description,
        p1_0.specs,
        p1_0.stock,
        p1_0.updated_at,
        p1_0.warranty_date,
        p1_0.weekly_price 
    from
        booking_items i1_0 
    left join
        products p1_0 
            on p1_0.id=i1_0.product_id 
    left join
        categories c1_0 
            on c1_0.id=p1_0.category_id 
    where
        i1_0.booking_id=?
2026-08-09T02:21:12.633+05:30 DEBUG 21664 --- [clickkaar-backend] [nio-8080-exec-9] org.hibernate.SQL                        : 
    select
        p1_0.id,
        p1_0.amount,
        p1_0.booking_id,
        p1_0.created_at,
        p1_0.razorpay_order_id,
        p1_0.razorpay_payment_id,
        p1_0.razorpay_signature,
        p1_0.remark,
        p1_0.status,
        p1_0.type,
        p1_0.updated_at 
    from
        payments p1_0
2026-08-09T02:21:12.636+05:30 DEBUG 21664 --- [clickkaar-backend] [nio-8080-exec-9] org.hibernate.SQL                        : 
    select
        bn1_0.id,
        bn1_0.admin_id,
        bn1_0.booking_id,
        bn1_0.created_at,
        bn1_0.note,
        bn1_0.updated_at 
    from
        booking_notes bn1_0 
    where
        bn1_0.booking_id=?
2026-08-09T02:21:12.638+05:30 DEBUG 21664 --- [clickkaar-backend] [nio-8080-exec-9] org.hibernate.SQL                        : 
    select
        i1_0.booking_id,
        i1_0.id,
        i1_0.daily_price,
        i1_0.line_total,
        i1_0.product_id,
        p1_0.id,
        p1_0.availability_status,
        p1_0.brand,
        p1_0.category_id,
        c1_0.id,
        c1_0.created_at,
        c1_0.description,
        c1_0.display_name,
        c1_0.name,
        c1_0.updated_at,
        p1_0.created_at,
        p1_0.daily_price,
        p1_0.full_description,
        p1_0.image_link,
        p1_0.invoice_url,
        p1_0.link_1,
        p1_0.link_2,
        p1_0.name,
        p1_0.short_description,
        p1_0.specs,
        p1_0.stock,
        p1_0.updated_at,
        p1_0.warranty_date,
        p1_0.weekly_price 
    from
        booking_items i1_0 
    left join
        products p1_0 
            on p1_0.id=i1_0.product_id 
    left join
        categories c1_0 
            on c1_0.id=p1_0.category_id 
    where
        i1_0.booking_id=?
2026-08-09T02:21:12.641+05:30 DEBUG 21664 --- [clickkaar-backend] [nio-8080-exec-9] org.hibernate.SQL                        : 
    select
        p1_0.id,
        p1_0.amount,
        p1_0.booking_id,
        p1_0.created_at,
        p1_0.razorpay_order_id,
        p1_0.razorpay_payment_id,
        p1_0.razorpay_signature,
        p1_0.remark,
        p1_0.status,
        p1_0.type,
        p1_0.updated_at 
    from
        payments p1_0
2026-08-09T02:21:12.645+05:30 DEBUG 21664 --- [clickkaar-backend] [nio-8080-exec-9] org.hibernate.SQL                        : 
    select
        bn1_0.id,
        bn1_0.admin_id,
        bn1_0.booking_id,
        bn1_0.created_at,
        bn1_0.note,
        bn1_0.updated_at 
    from
        booking_notes bn1_0 
    where
        bn1_0.booking_id=?
2026-08-09T02:21:12.647+05:30 DEBUG 21664 --- [clickkaar-backend] [nio-8080-exec-9] org.hibernate.SQL                        : 
    select
        i1_0.booking_id,
        i1_0.id,
        i1_0.daily_price,
        i1_0.line_total,
        i1_0.product_id,
        p1_0.id,
        p1_0.availability_status,
        p1_0.brand,
        p1_0.category_id,
        c1_0.id,
        c1_0.created_at,
        c1_0.description,
        c1_0.display_name,
        c1_0.name,
        c1_0.updated_at,
        p1_0.created_at,
        p1_0.daily_price,
        p1_0.full_description,
        p1_0.image_link,
        p1_0.invoice_url,
        p1_0.link_1,
        p1_0.link_2,
        p1_0.name,
        p1_0.short_description,
        p1_0.specs,
        p1_0.stock,
        p1_0.updated_at,
        p1_0.warranty_date,
        p1_0.weekly_price 
    from
        booking_items i1_0 
    left join
        products p1_0 
            on p1_0.id=i1_0.product_id 
    left join
        categories c1_0 
            on c1_0.id=p1_0.category_id 
    where
        i1_0.booking_id=?
2026-08-09T02:21:12.649+05:30 DEBUG 21664 --- [clickkaar-backend] [nio-8080-exec-9] org.hibernate.SQL                        : 
    select
        p1_0.id,
        p1_0.amount,
        p1_0.booking_id,
        p1_0.created_at,
        p1_0.razorpay_order_id,
        p1_0.razorpay_payment_id,
        p1_0.razorpay_signature,
        p1_0.remark,
        p1_0.status,
        p1_0.type,
        p1_0.updated_at 
    from
        payments p1_0
2026-08-09T02:21:12.651+05:30 DEBUG 21664 --- [clickkaar-backend] [nio-8080-exec-9] org.hibernate.SQL                        : 
    select
        bn1_0.id,
        bn1_0.admin_id,
        bn1_0.booking_id,
        bn1_0.created_at,
        bn1_0.note,
        bn1_0.updated_at 
    from
        booking_notes bn1_0 
    where
        bn1_0.booking_id=?
2026-08-09T02:21:12.653+05:30 DEBUG 21664 --- [clickkaar-backend] [nio-8080-exec-9] org.hibernate.SQL                        : 
    select
        i1_0.booking_id,
        i1_0.id,
        i1_0.daily_price,
        i1_0.line_total,
        i1_0.product_id,
        p1_0.id,
        p1_0.availability_status,
        p1_0.brand,
        p1_0.category_id,
        c1_0.id,
        c1_0.created_at,
        c1_0.description,
        c1_0.display_name,
        c1_0.name,
        c1_0.updated_at,
        p1_0.created_at,
        p1_0.daily_price,
        p1_0.full_description,
        p1_0.image_link,
        p1_0.invoice_url,
        p1_0.link_1,
        p1_0.link_2,
        p1_0.name,
        p1_0.short_description,
        p1_0.specs,
        p1_0.stock,
        p1_0.updated_at,
        p1_0.warranty_date,
        p1_0.weekly_price 
    from
        booking_items i1_0 
    left join
        products p1_0 
            on p1_0.id=i1_0.product_id 
    left join
        categories c1_0 
            on c1_0.id=p1_0.category_id 
    where
        i1_0.booking_id=?
2026-08-09T02:21:12.655+05:30 DEBUG 21664 --- [clickkaar-backend] [nio-8080-exec-9] org.hibernate.SQL                        : 
    select
        p1_0.id,
        p1_0.amount,
        p1_0.booking_id,
        p1_0.created_at,
        p1_0.razorpay_order_id,
        p1_0.razorpay_payment_id,
        p1_0.razorpay_signature,
        p1_0.remark,
        p1_0.status,
        p1_0.type,
        p1_0.updated_at 
    from
        payments p1_0
2026-08-09T02:21:12.658+05:30 DEBUG 21664 --- [clickkaar-backend] [nio-8080-exec-9] org.hibernate.SQL                        : 
    select
        bn1_0.id,
        bn1_0.admin_id,
        bn1_0.booking_id,
        bn1_0.created_at,
        bn1_0.note,
        bn1_0.updated_at 
    from
        booking_notes bn1_0 
    where
        bn1_0.booking_id=?
2026-08-09T02:21:12.659+05:30 DEBUG 21664 --- [clickkaar-backend] [nio-8080-exec-9] org.hibernate.SQL                        : 
    select
        i1_0.booking_id,
        i1_0.id,
        i1_0.daily_price,
        i1_0.line_total,
        i1_0.product_id,
        p1_0.id,
        p1_0.availability_status,
        p1_0.brand,
        p1_0.category_id,
        c1_0.id,
        c1_0.created_at,
        c1_0.description,
        c1_0.display_name,
        c1_0.name,
        c1_0.updated_at,
        p1_0.created_at,
        p1_0.daily_price,
        p1_0.full_description,
        p1_0.image_link,
        p1_0.invoice_url,
        p1_0.link_1,
        p1_0.link_2,
        p1_0.name,
        p1_0.short_description,
        p1_0.specs,
        p1_0.stock,
        p1_0.updated_at,
        p1_0.warranty_date,
        p1_0.weekly_price 
    from
        booking_items i1_0 
    left join
        products p1_0 
            on p1_0.id=i1_0.product_id 
    left join
        categories c1_0 
            on c1_0.id=p1_0.category_id 
    where
        i1_0.booking_id=?
2026-08-09T02:21:12.663+05:30 DEBUG 21664 --- [clickkaar-backend] [nio-8080-exec-9] org.hibernate.SQL                        : 
    select
        p1_0.id,
        p1_0.amount,
        p1_0.booking_id,
        p1_0.created_at,
        p1_0.razorpay_order_id,
        p1_0.razorpay_payment_id,
        p1_0.razorpay_signature,
        p1_0.remark,
        p1_0.status,
        p1_0.type,
        p1_0.updated_at 
    from
        payments p1_0
2026-08-09T02:21:12.666+05:30 DEBUG 21664 --- [clickkaar-backend] [nio-8080-exec-9] org.hibernate.SQL                        : 
    select
        bn1_0.id,
        bn1_0.admin_id,
        bn1_0.booking_id,
        bn1_0.created_at,
        bn1_0.note,
        bn1_0.updated_at 
    from
        booking_notes bn1_0 
    where
        bn1_0.booking_id=?
2026-08-09T02:21:12.667+05:30 DEBUG 21664 --- [clickkaar-backend] [nio-8080-exec-9] org.hibernate.SQL                        : 
    select
        i1_0.booking_id,
        i1_0.id,
        i1_0.daily_price,
        i1_0.line_total,
        i1_0.product_id,
        p1_0.id,
        p1_0.availability_status,
        p1_0.brand,
        p1_0.category_id,
        c1_0.id,
        c1_0.created_at,
        c1_0.description,
        c1_0.display_name,
        c1_0.name,
        c1_0.updated_at,
        p1_0.created_at,
        p1_0.daily_price,
        p1_0.full_description,
        p1_0.image_link,
        p1_0.invoice_url,
        p1_0.link_1,
        p1_0.link_2,
        p1_0.name,
        p1_0.short_description,
        p1_0.specs,
        p1_0.stock,
        p1_0.updated_at,
        p1_0.warranty_date,
        p1_0.weekly_price 
    from
        booking_items i1_0 
    left join
        products p1_0 
            on p1_0.id=i1_0.product_id 
    left join
        categories c1_0 
            on c1_0.id=p1_0.category_id 
    where
        i1_0.booking_id=?
2026-08-09T02:21:12.670+05:30 DEBUG 21664 --- [clickkaar-backend] [nio-8080-exec-9] org.hibernate.SQL                        : 
    select
        p1_0.id,
        p1_0.amount,
        p1_0.booking_id,
        p1_0.created_at,
        p1_0.razorpay_order_id,
        p1_0.razorpay_payment_id,
        p1_0.razorpay_signature,
        p1_0.remark,
        p1_0.status,
        p1_0.type,
        p1_0.updated_at 
    from
        payments p1_0
2026-08-09T02:21:12.671+05:30 DEBUG 21664 --- [clickkaar-backend] [nio-8080-exec-9] org.hibernate.SQL                        : 
    select
        bn1_0.id,
        bn1_0.admin_id,
        bn1_0.booking_id,
        bn1_0.created_at,
        bn1_0.note,
        bn1_0.updated_at 
    from
        booking_notes bn1_0 
    where
        bn1_0.booking_id=?
2026-08-09T02:21:12.673+05:30 DEBUG 21664 --- [clickkaar-backend] [nio-8080-exec-9] org.hibernate.SQL                        : 
    select
        i1_0.booking_id,
        i1_0.id,
        i1_0.daily_price,
        i1_0.line_total,
        i1_0.product_id,
        p1_0.id,
        p1_0.availability_status,
        p1_0.brand,
        p1_0.category_id,
        c1_0.id,
        c1_0.created_at,
        c1_0.description,
        c1_0.display_name,
        c1_0.name,
        c1_0.updated_at,
        p1_0.created_at,
        p1_0.daily_price,
        p1_0.full_description,
        p1_0.image_link,
        p1_0.invoice_url,
        p1_0.link_1,
        p1_0.link_2,
        p1_0.name,
        p1_0.short_description,
        p1_0.specs,
        p1_0.stock,
        p1_0.updated_at,
        p1_0.warranty_date,
        p1_0.weekly_price 
    from
        booking_items i1_0 
    left join
        products p1_0 
            on p1_0.id=i1_0.product_id 
    left join
        categories c1_0 
            on c1_0.id=p1_0.category_id 
    where
        i1_0.booking_id=?
2026-08-09T02:21:12.676+05:30 DEBUG 21664 --- [clickkaar-backend] [nio-8080-exec-9] org.hibernate.SQL                        : 
    select
        p1_0.id,
        p1_0.amount,
        p1_0.booking_id,
        p1_0.created_at,
        p1_0.razorpay_order_id,
        p1_0.razorpay_payment_id,
        p1_0.razorpay_signature,
        p1_0.remark,
        p1_0.status,
        p1_0.type,
        p1_0.updated_at 
    from
        payments p1_0
2026-08-09T02:21:12.679+05:30 DEBUG 21664 --- [clickkaar-backend] [nio-8080-exec-9] org.hibernate.SQL                        : 
    select
        bn1_0.id,
        bn1_0.admin_id,
        bn1_0.booking_id,
        bn1_0.created_at,
        bn1_0.note,
        bn1_0.updated_at 
    from
        booking_notes bn1_0 
    where
        bn1_0.booking_id=?
2026-08-09T02:21:12.681+05:30 DEBUG 21664 --- [clickkaar-backend] [nio-8080-exec-9] org.hibernate.SQL                        : 
    select
        i1_0.booking_id,
        i1_0.id,
        i1_0.daily_price,
        i1_0.line_total,
        i1_0.product_id,
        p1_0.id,
        p1_0.availability_status,
        p1_0.brand,
        p1_0.category_id,
        c1_0.id,
        c1_0.created_at,
        c1_0.description,
        c1_0.display_name,
        c1_0.name,
        c1_0.updated_at,
        p1_0.created_at,
        p1_0.daily_price,
        p1_0.full_description,
        p1_0.image_link,
        p1_0.invoice_url,
        p1_0.link_1,
        p1_0.link_2,
        p1_0.name,
        p1_0.short_description,
        p1_0.specs,
        p1_0.stock,
        p1_0.updated_at,
        p1_0.warranty_date,
        p1_0.weekly_price 
    from
        booking_items i1_0 
    left join
        products p1_0 
            on p1_0.id=i1_0.product_id 
    left join
        categories c1_0 
            on c1_0.id=p1_0.category_id 
    where
        i1_0.booking_id=?
2026-08-09T02:21:12.684+05:30 DEBUG 21664 --- [clickkaar-backend] [nio-8080-exec-9] org.hibernate.SQL                        : 
    select
        p1_0.id,
        p1_0.amount,
        p1_0.booking_id,
        p1_0.created_at,
        p1_0.razorpay_order_id,
        p1_0.razorpay_payment_id,
        p1_0.razorpay_signature,
        p1_0.remark,
        p1_0.status,
        p1_0.type,
        p1_0.updated_at 
    from
        payments p1_0
2026-08-09T02:21:12.686+05:30 DEBUG 21664 --- [clickkaar-backend] [nio-8080-exec-9] org.hibernate.SQL                        : 
    select
        bn1_0.id,
        bn1_0.admin_id,
        bn1_0.booking_id,
        bn1_0.created_at,
        bn1_0.note,
        bn1_0.updated_at 
    from
        booking_notes bn1_0 
    where
        bn1_0.booking_id=?
2026-08-09T02:21:12.688+05:30 DEBUG 21664 --- [clickkaar-backend] [nio-8080-exec-9] org.hibernate.SQL                        : 
    select
        i1_0.booking_id,
        i1_0.id,
        i1_0.daily_price,
        i1_0.line_total,
        i1_0.product_id,
        p1_0.id,
        p1_0.availability_status,
        p1_0.brand,
        p1_0.category_id,
        c1_0.id,
        c1_0.created_at,
        c1_0.description,
        c1_0.display_name,
        c1_0.name,
        c1_0.updated_at,
        p1_0.created_at,
        p1_0.daily_price,
        p1_0.full_description,
        p1_0.image_link,
        p1_0.invoice_url,
        p1_0.link_1,
        p1_0.link_2,
        p1_0.name,
        p1_0.short_description,
        p1_0.specs,
        p1_0.stock,
        p1_0.updated_at,
        p1_0.warranty_date,
        p1_0.weekly_price 
    from
        booking_items i1_0 
    left join
        products p1_0 
            on p1_0.id=i1_0.product_id 
    left join
        categories c1_0 
            on c1_0.id=p1_0.category_id 
    where
        i1_0.booking_id=?
2026-08-09T02:21:12.691+05:30 DEBUG 21664 --- [clickkaar-backend] [nio-8080-exec-9] org.hibernate.SQL                        : 
    select
        p1_0.id,
        p1_0.amount,
        p1_0.booking_id,
        p1_0.created_at,
        p1_0.razorpay_order_id,
        p1_0.razorpay_payment_id,
        p1_0.razorpay_signature,
        p1_0.remark,
        p1_0.status,
        p1_0.type,
        p1_0.updated_at 
    from
        payments p1_0
2026-08-09T02:21:12.693+05:30 DEBUG 21664 --- [clickkaar-backend] [nio-8080-exec-9] org.hibernate.SQL                        : 
    select
        bn1_0.id,
        bn1_0.admin_id,
        bn1_0.booking_id,
        bn1_0.created_at,
        bn1_0.note,
        bn1_0.updated_at 
    from
        booking_notes bn1_0 
    where
        bn1_0.booking_id=?
2026-08-09T02:21:12.694+05:30 DEBUG 21664 --- [clickkaar-backend] [nio-8080-exec-9] org.hibernate.SQL                        : 
    select
        i1_0.booking_id,
        i1_0.id,
        i1_0.daily_price,
        i1_0.line_total,
        i1_0.product_id,
        p1_0.id,
        p1_0.availability_status,
        p1_0.brand,
        p1_0.category_id,
        c1_0.id,
        c1_0.created_at,
        c1_0.description,
        c1_0.display_name,
        c1_0.name,
        c1_0.updated_at,
        p1_0.created_at,
        p1_0.daily_price,
        p1_0.full_description,
        p1_0.image_link,
        p1_0.invoice_url,
        p1_0.link_1,
        p1_0.link_2,
        p1_0.name,
        p1_0.short_description,
        p1_0.specs,
        p1_0.stock,
        p1_0.updated_at,
        p1_0.warranty_date,
        p1_0.weekly_price 
    from
        booking_items i1_0 
    left join
        products p1_0 
            on p1_0.id=i1_0.product_id 
    left join
        categories c1_0 
            on c1_0.id=p1_0.category_id 
    where
        i1_0.booking_id=?
2026-08-09T02:21:12.697+05:30 DEBUG 21664 --- [clickkaar-backend] [nio-8080-exec-9] org.hibernate.SQL                        : 
    select
        p1_0.id,
        p1_0.amount,
        p1_0.booking_id,
        p1_0.created_at,
        p1_0.razorpay_order_id,
        p1_0.razorpay_payment_id,
        p1_0.razorpay_signature,
        p1_0.remark,
        p1_0.status,
        p1_0.type,
        p1_0.updated_at 
    from
        payments p1_0
2026-08-09T02:21:12.699+05:30 DEBUG 21664 --- [clickkaar-backend] [nio-8080-exec-9] org.hibernate.SQL                        : 
    select
        bn1_0.id,
        bn1_0.admin_id,
        bn1_0.booking_id,
        bn1_0.created_at,
        bn1_0.note,
        bn1_0.updated_at 
    from
        booking_notes bn1_0 
    where
        bn1_0.booking_id=?
2026-08-09T02:21:12.702+05:30 DEBUG 21664 --- [clickkaar-backend] [nio-8080-exec-9] org.hibernate.SQL                        : 
    select
        i1_0.booking_id,
        i1_0.id,
        i1_0.daily_price,
        i1_0.line_total,
        i1_0.product_id,
        p1_0.id,
        p1_0.availability_status,
        p1_0.brand,
        p1_0.category_id,
        c1_0.id,
        c1_0.created_at,
        c1_0.description,
        c1_0.display_name,
        c1_0.name,
        c1_0.updated_at,
        p1_0.created_at,
        p1_0.daily_price,
        p1_0.full_description,
        p1_0.image_link,
        p1_0.invoice_url,
        p1_0.link_1,
        p1_0.link_2,
        p1_0.name,
        p1_0.short_description,
        p1_0.specs,
        p1_0.stock,
        p1_0.updated_at,
        p1_0.warranty_date,
        p1_0.weekly_price 
    from
        booking_items i1_0 
    left join
        products p1_0 
            on p1_0.id=i1_0.product_id 
    left join
        categories c1_0 
            on c1_0.id=p1_0.category_id 
    where
        i1_0.booking_id=?
2026-08-09T02:21:12.704+05:30 DEBUG 21664 --- [clickkaar-backend] [nio-8080-exec-9] org.hibernate.SQL                        : 
    select
        p1_0.id,
        p1_0.amount,
        p1_0.booking_id,
        p1_0.created_at,
        p1_0.razorpay_order_id,
        p1_0.razorpay_payment_id,
        p1_0.razorpay_signature,
        p1_0.remark,
        p1_0.status,
        p1_0.type,
        p1_0.updated_at 
    from
        payments p1_0
2026-08-09T02:21:12.707+05:30 DEBUG 21664 --- [clickkaar-backend] [nio-8080-exec-9] org.hibernate.SQL                        : 
    select
        bn1_0.id,
        bn1_0.admin_id,
        bn1_0.booking_id,
        bn1_0.created_at,
        bn1_0.note,
        bn1_0.updated_at 
    from
        booking_notes bn1_0 
    where
        bn1_0.booking_id=?
2026-08-09T02:21:12.708+05:30 DEBUG 21664 --- [clickkaar-backend] [nio-8080-exec-9] org.hibernate.SQL                        : 
    select
        i1_0.booking_id,
        i1_0.id,
        i1_0.daily_price,
        i1_0.line_total,
        i1_0.product_id,
        p1_0.id,
        p1_0.availability_status,
        p1_0.brand,
        p1_0.category_id,
        c1_0.id,
        c1_0.created_at,
        c1_0.description,
        c1_0.display_name,
        c1_0.name,
        c1_0.updated_at,
        p1_0.created_at,
        p1_0.daily_price,
        p1_0.full_description,
        p1_0.image_link,
        p1_0.invoice_url,
        p1_0.link_1,
        p1_0.link_2,
        p1_0.name,
        p1_0.short_description,
        p1_0.specs,
        p1_0.stock,
        p1_0.updated_at,
        p1_0.warranty_date,
        p1_0.weekly_price 
    from
        booking_items i1_0 
    left join
        products p1_0 
            on p1_0.id=i1_0.product_id 
    left join
        categories c1_0 
            on c1_0.id=p1_0.category_id 
    where
        i1_0.booking_id=?
2026-08-09T02:21:12.711+05:30 DEBUG 21664 --- [clickkaar-backend] [nio-8080-exec-9] org.hibernate.SQL                        : 
    select
        p1_0.id,
        p1_0.amount,
        p1_0.booking_id,
        p1_0.created_at,
        p1_0.razorpay_order_id,
        p1_0.razorpay_payment_id,
        p1_0.razorpay_signature,
        p1_0.remark,
        p1_0.status,
        p1_0.type,
        p1_0.updated_at 
    from
        payments p1_0
2026-08-09T02:21:12.713+05:30 DEBUG 21664 --- [clickkaar-backend] [nio-8080-exec-9] org.hibernate.SQL                        : 
    select
        bn1_0.id,
        bn1_0.admin_id,
        bn1_0.booking_id,
        bn1_0.created_at,
        bn1_0.note,
        bn1_0.updated_at 
    from
        booking_notes bn1_0 
    where
        bn1_0.booking_id=?
2026-08-09T02:21:12.714+05:30 DEBUG 21664 --- [clickkaar-backend] [nio-8080-exec-9] org.hibernate.SQL                        : 
    select
        i1_0.booking_id,
        i1_0.id,
        i1_0.daily_price,
        i1_0.line_total,
        i1_0.product_id,
        p1_0.id,
        p1_0.availability_status,
        p1_0.brand,
        p1_0.category_id,
        c1_0.id,
        c1_0.created_at,
        c1_0.description,
        c1_0.display_name,
        c1_0.name,
        c1_0.updated_at,
        p1_0.created_at,
        p1_0.daily_price,
        p1_0.full_description,
        p1_0.image_link,
        p1_0.invoice_url,
        p1_0.link_1,
        p1_0.link_2,
        p1_0.name,
        p1_0.short_description,
        p1_0.specs,
        p1_0.stock,
        p1_0.updated_at,
        p1_0.warranty_date,
        p1_0.weekly_price 
    from
        booking_items i1_0 
    left join
        products p1_0 
            on p1_0.id=i1_0.product_id 
    left join
        categories c1_0 
            on c1_0.id=p1_0.category_id 
    where
        i1_0.booking_id=?
2026-08-09T02:21:12.717+05:30 DEBUG 21664 --- [clickkaar-backend] [nio-8080-exec-9] org.hibernate.SQL                        : 
    select
        p1_0.id,
        p1_0.amount,
        p1_0.booking_id,
        p1_0.created_at,
        p1_0.razorpay_order_id,
        p1_0.razorpay_payment_id,
        p1_0.razorpay_signature,
        p1_0.remark,
        p1_0.status,
        p1_0.type,
        p1_0.updated_at 
    from
        payments p1_0
2026-08-09T02:21:12.719+05:30 DEBUG 21664 --- [clickkaar-backend] [nio-8080-exec-9] org.hibernate.SQL                        : 
    select
        bn1_0.id,
        bn1_0.admin_id,
        bn1_0.booking_id,
        bn1_0.created_at,
        bn1_0.note,
        bn1_0.updated_at 
    from
        booking_notes bn1_0 
    where
        bn1_0.booking_id=?
2026-08-09T02:21:12.721+05:30 DEBUG 21664 --- [clickkaar-backend] [nio-8080-exec-9] org.hibernate.SQL                        : 
    select
        i1_0.booking_id,
        i1_0.id,
        i1_0.daily_price,
        i1_0.line_total,
        i1_0.product_id,
        p1_0.id,
        p1_0.availability_status,
        p1_0.brand,
        p1_0.category_id,
        c1_0.id,
        c1_0.created_at,
        c1_0.description,
        c1_0.display_name,
        c1_0.name,
        c1_0.updated_at,
        p1_0.created_at,
        p1_0.daily_price,
        p1_0.full_description,
        p1_0.image_link,
        p1_0.invoice_url,
        p1_0.link_1,
        p1_0.link_2,
        p1_0.name,
        p1_0.short_description,
        p1_0.specs,
        p1_0.stock,
        p1_0.updated_at,
        p1_0.warranty_date,
        p1_0.weekly_price 
    from
        booking_items i1_0 
    left join
        products p1_0 
            on p1_0.id=i1_0.product_id 
    left join
        categories c1_0 
            on c1_0.id=p1_0.category_id 
    where
        i1_0.booking_id=?
2026-08-09T02:21:12.726+05:30 DEBUG 21664 --- [clickkaar-backend] [nio-8080-exec-9] m.m.a.RequestResponseBodyMethodProcessor : Using 'application/json', given [*/*] and supported [application/json, application/*+json]
2026-08-09T02:21:12.733+05:30 DEBUG 21664 --- [clickkaar-backend] [nio-8080-exec-9] m.m.a.RequestResponseBodyMethodProcessor : Writing [[AdminBookingResponse[id=28, bookingNumber=ORD-260806-01, customer=Aarav Mehta, phone=9876543210, pr (truncated)...]
2026-08-09T02:21:12.754+05:30 DEBUG 21664 --- [clickkaar-backend] [nio-8080-exec-9] o.s.web.servlet.DispatcherServlet        : Completed 200 OK
