[INFO] Scanning for projects...
[INFO] 
[INFO] ------------------< com.clickkaar:clickkaar-backend >-------------------
[INFO] Building Clickkaar Backend 0.0.1-SNAPSHOT
[INFO] --------------------------------[ jar ]---------------------------------
[INFO] 
[INFO] >>> spring-boot-maven-plugin:3.3.5:run (default-cli) > test-compile @ clickkaar-backend >>>
[INFO] 
[INFO] --- maven-resources-plugin:3.3.1:resources (default-resources) @ clickkaar-backend ---
[INFO] Copying 3 resources from src\main\resources to target\classes
[INFO] Copying 0 resource from src\main\resources to target\classes
[INFO] 
[INFO] --- maven-compiler-plugin:3.13.0:compile (default-compile) @ clickkaar-backend ---
[INFO] Nothing to compile - all classes are up to date.
[INFO] 
[INFO] --- maven-resources-plugin:3.3.1:testResources (default-testResources) @ clickkaar-backend ---
[INFO] skip non existing resourceDirectory C:\click-Kaar\click-Kaar\backend\src\test\resources
[INFO] 
[INFO] --- maven-compiler-plugin:3.13.0:testCompile (default-testCompile) @ clickkaar-backend ---
[INFO] No sources to compile
[INFO] 
[INFO] <<< spring-boot-maven-plugin:3.3.5:run (default-cli) < test-compile @ clickkaar-backend <<<
[INFO] 
[INFO] 
[INFO] --- spring-boot-maven-plugin:3.3.5:run (default-cli) @ clickkaar-backend ---
[INFO] Attaching agents: []
Standard Commons Logging discovery in action with spring-jcl: please remove commons-logging.jar from classpath in order to avoid potential conflicts

  .   ____          _            __ _ _
 /\\ / ___'_ __ _ _(_)_ __  __ _ \ \ \ \
( ( )\___ | '_ | '_| | '_ \/ _` | \ \ \ \
 \\/  ___)| |_)| | | | | || (_| |  ) ) ) )
  '  |____| .__|_| |_|_| |_\__, | / / / /
 =========|_|==============|___/=/_/_/_/

 :: Spring Boot ::                (v3.3.5)

2026-08-06T01:50:26.190+05:30  INFO 3972 --- [clickkaar-backend] [           main] c.clickkaar.ClickkaarBackendApplication  : Starting ClickkaarBackendApplication using Java 17.0.12 with PID 3972 (C:\click-Kaar\click-Kaar\backend\target\classes started by jeet in C:\click-Kaar\click-Kaar\backend)
2026-08-06T01:50:26.193+05:30  INFO 3972 --- [clickkaar-backend] [           main] c.clickkaar.ClickkaarBackendApplication  : No active profile set, falling back to 1 default profile: "local"
2026-08-06T01:50:26.194+05:30 DEBUG 3972 --- [clickkaar-backend] [           main] o.s.boot.SpringApplication               : Loading source class com.clickkaar.ClickkaarBackendApplication
2026-08-06T01:50:26.248+05:30 DEBUG 3972 --- [clickkaar-backend] [           main] ConfigServletWebServerApplicationContext : Refreshing org.springframework.boot.web.servlet.context.AnnotationConfigServletWebServerApplicationContext@130e116b
2026-08-06T01:50:27.364+05:30  INFO 3972 --- [clickkaar-backend] [           main] .s.d.r.c.RepositoryConfigurationDelegate : Bootstrapping Spring Data JPA repositories in DEFAULT mode.
2026-08-06T01:50:27.389+05:30 DEBUG 3972 --- [clickkaar-backend] [           main] o.s.b.a.AutoConfigurationPackages        : @EnableAutoConfiguration was declared on a class in the package 'com.clickkaar'. Automatic @Repository and @Entity scanning is enabled.
2026-08-06T01:50:27.540+05:30  INFO 3972 --- [clickkaar-backend] [           main] .s.d.r.c.RepositoryConfigurationDelegate : Finished Spring Data repository scanning in 162 ms. Found 22 JPA repository interfaces.
2026-08-06T01:50:28.223+05:30 DEBUG 3972 --- [clickkaar-backend] [           main] .s.b.w.e.t.TomcatServletWebServerFactory : Code archive: C:\Users\jeet\.m2\repository\org\springframework\boot\spring-boot\3.3.5\spring-boot-3.3.5.jar
2026-08-06T01:50:28.235+05:30 DEBUG 3972 --- [clickkaar-backend] [           main] .s.b.w.e.t.TomcatServletWebServerFactory : Code archive: C:\Users\jeet\.m2\repository\org\springframework\boot\spring-boot\3.3.5\spring-boot-3.3.5.jar
2026-08-06T01:50:28.236+05:30 DEBUG 3972 --- [clickkaar-backend] [           main] .s.b.w.e.t.TomcatServletWebServerFactory : None of the document roots [src/main/webapp, public, static] point to a directory and will be ignored.
2026-08-06T01:50:28.255+05:30  INFO 3972 --- [clickkaar-backend] [           main] o.s.b.w.embedded.tomcat.TomcatWebServer  : Tomcat initialized with port 8080 (http)
2026-08-06T01:50:28.267+05:30  INFO 3972 --- [clickkaar-backend] [           main] o.apache.catalina.core.StandardService   : Starting service [Tomcat]
2026-08-06T01:50:28.268+05:30  INFO 3972 --- [clickkaar-backend] [           main] o.apache.catalina.core.StandardEngine    : Starting Servlet engine: [Apache Tomcat/10.1.31]
2026-08-06T01:50:28.365+05:30  INFO 3972 --- [clickkaar-backend] [           main] o.a.c.c.C.[Tomcat].[localhost].[/]       : Initializing Spring embedded WebApplicationContext
2026-08-06T01:50:28.365+05:30 DEBUG 3972 --- [clickkaar-backend] [           main] w.s.c.ServletWebServerApplicationContext : Published root WebApplicationContext as ServletContext attribute with name [org.springframework.web.context.WebApplicationContext.ROOT]
2026-08-06T01:50:28.366+05:30  INFO 3972 --- [clickkaar-backend] [           main] w.s.c.ServletWebServerApplicationContext : Root WebApplicationContext: initialization completed in 2118 ms
Standard Commons Logging discovery in action with spring-jcl: please remove commons-logging.jar from classpath in order to avoid potential conflicts
2026-08-06T01:50:28.515+05:30  INFO 3972 --- [clickkaar-backend] [           main] o.hibernate.jpa.internal.util.LogHelper  : HHH000204: Processing PersistenceUnitInfo [name: default]
2026-08-06T01:50:28.585+05:30  INFO 3972 --- [clickkaar-backend] [           main] org.hibernate.Version                    : HHH000412: Hibernate ORM core version 6.5.3.Final
2026-08-06T01:50:28.631+05:30  INFO 3972 --- [clickkaar-backend] [           main] o.h.c.internal.RegionFactoryInitiator    : HHH000026: Second-level cache disabled
2026-08-06T01:50:28.943+05:30  INFO 3972 --- [clickkaar-backend] [           main] o.s.o.j.p.SpringPersistenceUnitInfo      : No LoadTimeWeaver setup: ignoring JPA class transformer
2026-08-06T01:50:28.983+05:30  INFO 3972 --- [clickkaar-backend] [           main] com.zaxxer.hikari.HikariDataSource       : HikariPool-1 - Starting...
2026-08-06T01:50:29.128+05:30  INFO 3972 --- [clickkaar-backend] [           main] com.zaxxer.hikari.pool.HikariPool        : HikariPool-1 - Added connection com.mysql.cj.jdbc.ConnectionImpl@4345fd45
2026-08-06T01:50:29.130+05:30  INFO 3972 --- [clickkaar-backend] [           main] com.zaxxer.hikari.HikariDataSource       : HikariPool-1 - Start completed.
2026-08-06T01:50:29.183+05:30  WARN 3972 --- [clickkaar-backend] [           main] org.hibernate.orm.deprecation            : HHH90000025: MySQLDialect does not need to be specified explicitly using 'hibernate.dialect' (remove the property setting and it will be selected by default)
2026-08-06T01:50:30.693+05:30  INFO 3972 --- [clickkaar-backend] [           main] o.h.e.t.j.p.i.JtaPlatformInitiator       : HHH000489: No JTA platform available (set 'hibernate.transaction.jta.platform' to enable JTA platform integration)
2026-08-06T01:50:30.756+05:30 DEBUG 3972 --- [clickkaar-backend] [           main] org.hibernate.SQL                        : 
    alter table blog_posts 
       modify column content TEXT
2026-08-06T01:50:30.780+05:30 DEBUG 3972 --- [clickkaar-backend] [           main] org.hibernate.SQL                        : 
    alter table booking_notes 
       modify column note TEXT
2026-08-06T01:50:30.789+05:30 DEBUG 3972 --- [clickkaar-backend] [           main] org.hibernate.SQL                        : 
    alter table contact_messages 
       modify column message TEXT
2026-08-06T01:50:30.798+05:30 DEBUG 3972 --- [clickkaar-backend] [           main] org.hibernate.SQL                        : 
    alter table customer_reviews 
       modify column admin_reply TEXT
2026-08-06T01:50:30.851+05:30 DEBUG 3972 --- [clickkaar-backend] [           main] org.hibernate.SQL                        : 
    alter table customer_reviews 
       modify column quote TEXT not null
2026-08-06T01:50:30.861+05:30 DEBUG 3972 --- [clickkaar-backend] [           main] org.hibernate.SQL                        : 
    alter table faqs 
       modify column answer TEXT
2026-08-06T01:50:30.868+05:30 DEBUG 3972 --- [clickkaar-backend] [           main] org.hibernate.SQL                        : 
    alter table products 
       modify column full_description TEXT
2026-08-06T01:50:30.887+05:30 DEBUG 3972 --- [clickkaar-backend] [           main] org.hibernate.SQL                        : 
    alter table products 
       modify column specs TEXT
2026-08-06T01:50:30.906+05:30 DEBUG 3972 --- [clickkaar-backend] [           main] org.hibernate.SQL                        : 
    alter table static_contents 
       modify column content TEXT
2026-08-06T01:50:31.037+05:30  INFO 3972 --- [clickkaar-backend] [           main] j.LocalContainerEntityManagerFactoryBean : Initialized JPA EntityManagerFactory for persistence unit 'default'
2026-08-06T01:50:31.331+05:30 DEBUG 3972 --- [clickkaar-backend] [           main] o.s.b.w.s.ServletContextInitializerBeans : Mapping filters: springSecurityFilterChain urls=[/*] order=-100, characterEncodingFilter urls=[/*] order=-2147483648, formContentFilter urls=[/*] order=-9900, requestContextFilter urls=[/*] order=-105, jwtAuthenticationFilter urls=[/*] order=2147483647
2026-08-06T01:50:31.332+05:30 DEBUG 3972 --- [clickkaar-backend] [           main] o.s.b.w.s.ServletContextInitializerBeans : Mapping servlets: dispatcherServlet urls=[/]
2026-08-06T01:50:31.353+05:30 DEBUG 3972 --- [clickkaar-backend] [           main] o.s.b.w.s.f.OrderedRequestContextFilter  : Filter 'requestContextFilter' configured for use
2026-08-06T01:50:31.356+05:30 DEBUG 3972 --- [clickkaar-backend] [           main] s.b.w.s.f.OrderedCharacterEncodingFilter : Filter 'characterEncodingFilter' configured for use
2026-08-06T01:50:31.356+05:30 DEBUG 3972 --- [clickkaar-backend] [           main] .DelegatingFilterProxyRegistrationBean$1 : Filter 'springSecurityFilterChain' configured for use
2026-08-06T01:50:31.357+05:30 DEBUG 3972 --- [clickkaar-backend] [           main] o.s.b.w.s.f.OrderedFormContentFilter     : Filter 'formContentFilter' configured for use
2026-08-06T01:50:31.552+05:30  INFO 3972 --- [clickkaar-backend] [           main] o.s.d.j.r.query.QueryEnhancerFactory     : Hibernate is in classpath; If applicable, HQL parser will be used.
2026-08-06T01:50:32.220+05:30 DEBUG 3972 --- [clickkaar-backend] [           main] ySourcesPropertyResolver$DefaultResolver : Found key 'MAIL_PASSWORD' in PropertySource 'systemEnvironment' with value of type String
2026-08-06T01:50:32.231+05:30 DEBUG 3972 --- [clickkaar-backend] [           main] ySourcesPropertyResolver$DefaultResolver : Found key 'MAIL_USERNAME' in PropertySource 'systemEnvironment' with value of type String
2026-08-06T01:50:32.247+05:30 DEBUG 3972 --- [clickkaar-backend] [           main] ySourcesPropertyResolver$DefaultResolver : Found key 'MAIL_USERNAME' in PropertySource 'systemEnvironment' with value of type String
2026-08-06T01:50:32.247+05:30 DEBUG 3972 --- [clickkaar-backend] [           main] ySourcesPropertyResolver$DefaultResolver : Found key 'MAIL_PASSWORD' in PropertySource 'systemEnvironment' with value of type String
2026-08-06T01:50:32.318+05:30  INFO 3972 --- [clickkaar-backend] [           main] r$InitializeUserDetailsManagerConfigurer : Global AuthenticationManager configured with UserDetailsService bean with name customUserDetailsService
2026-08-06T01:50:32.322+05:30 DEBUG 3972 --- [clickkaar-backend] [           main] ySourcesPropertyResolver$DefaultResolver : Found key 'MAIL_USERNAME' in PropertySource 'systemEnvironment' with value of type String
2026-08-06T01:50:32.322+05:30 DEBUG 3972 --- [clickkaar-backend] [           main] ySourcesPropertyResolver$DefaultResolver : Found key 'MAIL_PASSWORD' in PropertySource 'systemEnvironment' with value of type String
2026-08-06T01:50:32.338+05:30 DEBUG 3972 --- [clickkaar-backend] [           main] ySourcesPropertyResolver$DefaultResolver : Found key 'MAIL_USERNAME' in PropertySource 'systemEnvironment' with value of type String
2026-08-06T01:50:32.338+05:30 DEBUG 3972 --- [clickkaar-backend] [           main] ySourcesPropertyResolver$DefaultResolver : Found key 'MAIL_PASSWORD' in PropertySource 'systemEnvironment' with value of type String
2026-08-06T01:50:32.669+05:30 DEBUG 3972 --- [clickkaar-backend] [           main] s.w.s.m.m.a.RequestMappingHandlerMapping : 86 mappings in 'requestMappingHandlerMapping'
2026-08-06T01:50:32.725+05:30 DEBUG 3972 --- [clickkaar-backend] [           main] o.s.w.s.handler.SimpleUrlHandlerMapping  : Patterns [/webjars/**, /**, /uploads/**, /swagger-ui*/*swagger-initializer.js, /swagger-ui*/**] in 'resourceHandlerMapping'
2026-08-06T01:50:32.837+05:30 DEBUG 3972 --- [clickkaar-backend] [           main] s.w.s.m.m.a.RequestMappingHandlerAdapter : ControllerAdvice beans: 0 @ModelAttribute, 0 @InitBinder, 1 RequestBodyAdvice, 1 ResponseBodyAdvice
2026-08-06T01:50:32.883+05:30 DEBUG 3972 --- [clickkaar-backend] [           main] .m.m.a.ExceptionHandlerExceptionResolver : ControllerAdvice beans: 2 @ExceptionHandler, 1 ResponseBodyAdvice
2026-08-06T01:50:33.092+05:30  INFO 3972 --- [clickkaar-backend] [           main] o.s.b.w.embedded.tomcat.TomcatWebServer  : Tomcat started on port 8080 (http) with context path '/'
2026-08-06T01:50:33.108+05:30 DEBUG 3972 --- [clickkaar-backend] [           main] .s.b.a.l.ConditionEvaluationReportLogger : 


============================
CONDITIONS EVALUATION REPORT
============================


Positive matches:
-----------------

   AopAutoConfiguration matched:
      - @ConditionalOnProperty (spring.aop.auto=true) matched (OnPropertyCondition)

   AopAutoConfiguration.AspectJAutoProxyingConfiguration matched:
      - @ConditionalOnClass found required class 'org.aspectj.weaver.Advice' (OnClassCondition)

   AopAutoConfiguration.AspectJAutoProxyingConfiguration.CglibAutoProxyConfiguration matched:
      - @ConditionalOnProperty (spring.aop.proxy-target-class=true) matched (OnPropertyCondition)

   ApplicationAvailabilityAutoConfiguration#applicationAvailability matched:
      - @ConditionalOnMissingBean (types: org.springframework.boot.availability.ApplicationAvailability; SearchStrategy: all) did not find any beans (OnBeanCondition)

   DataSeeder#seedClickkaarData matched:
      - @ConditionalOnProperty (app.seed.enabled=true) matched (OnPropertyCondition)

   DataSourceAutoConfiguration matched:
      - @ConditionalOnClass found required classes 'javax.sql.DataSource', 'org.springframework.jdbc.datasource.embedded.EmbeddedDatabaseType' (OnClassCondition)
      - @ConditionalOnMissingBean (types: io.r2dbc.spi.ConnectionFactory; SearchStrategy: all) did not find any beans (OnBeanCondition)

   DataSourceAutoConfiguration.PooledDataSourceConfiguration matched:
      - AnyNestedCondition 1 matched 1 did not; NestedCondition on DataSourceAutoConfiguration.PooledDataSourceCondition.PooledDataSourceAvailable PooledDataSource found supported DataSource; NestedCondition on DataSourceAutoConfiguration.PooledDataSourceCondition.ExplicitType @ConditionalOnProperty (spring.datasource.type) did not find property 'type' (DataSourceAutoConfiguration.PooledDataSourceCondition)
      - @ConditionalOnMissingBean (types: javax.sql.DataSource,javax.sql.XADataSource; SearchStrategy: all) did not find any beans (OnBeanCondition)

   DataSourceAutoConfiguration.PooledDataSourceConfiguration#jdbcConnectionDetails matched:
      - @ConditionalOnMissingBean (types: org.springframework.boot.autoconfigure.jdbc.JdbcConnectionDetails; SearchStrategy: all) did not find any beans (OnBeanCondition)

   DataSourceConfiguration.Hikari matched:
      - @ConditionalOnClass found required class 'com.zaxxer.hikari.HikariDataSource' (OnClassCondition)
      - @ConditionalOnProperty (spring.datasource.type=com.zaxxer.hikari.HikariDataSource) matched (OnPropertyCondition)
      - @ConditionalOnMissingBean (types: javax.sql.DataSource; SearchStrategy: all) did not find any beans (OnBeanCondition)

   DataSourceInitializationConfiguration matched:
      - @ConditionalOnClass found required class 'org.springframework.jdbc.datasource.init.DatabasePopulator' (OnClassCondition)
      - @ConditionalOnSingleCandidate (types: javax.sql.DataSource; SearchStrategy: all) found a single bean 'dataSource'; @ConditionalOnMissingBean (types: org.springframework.boot.autoconfigure.sql.init.SqlDataSourceScriptDatabaseInitializer,org.springframework.boot.autoconfigure.sql.init.SqlR2dbcScriptDatabaseInitializer; SearchStrategy: all) did not find any beans (OnBeanCondition)

   DataSourceJmxConfiguration matched:
      - @ConditionalOnProperty (spring.jmx.enabled=true) matched (OnPropertyCondition)

   DataSourceJmxConfiguration.Hikari matched:
      - @ConditionalOnClass found required class 'com.zaxxer.hikari.HikariDataSource' (OnClassCondition)
      - @ConditionalOnSingleCandidate (types: javax.sql.DataSource; SearchStrategy: all) found a single bean 'dataSource' (OnBeanCondition)

   DataSourcePoolMetadataProvidersConfiguration.HikariPoolDataSourceMetadataProviderConfiguration matched:
      - @ConditionalOnClass found required class 'com.zaxxer.hikari.HikariDataSource' (OnClassCondition)

   DataSourceTransactionManagerAutoConfiguration matched:
      - @ConditionalOnClass found required classes 'javax.sql.DataSource', 'org.springframework.jdbc.core.JdbcTemplate', 'org.springframework.transaction.TransactionManager' (OnClassCondition)

   DataSourceTransactionManagerAutoConfiguration.JdbcTransactionManagerConfiguration matched:
      - @ConditionalOnSingleCandidate (types: javax.sql.DataSource; SearchStrategy: all) found a single bean 'dataSource' (OnBeanCondition)

   DispatcherServletAutoConfiguration matched:
      - @ConditionalOnClass found required class 'org.springframework.web.servlet.DispatcherServlet' (OnClassCondition)
      - found 'session' scope (OnWebApplicationCondition)

   DispatcherServletAutoConfiguration.DispatcherServletConfiguration matched:
      - @ConditionalOnClass found required class 'jakarta.servlet.ServletRegistration' (OnClassCondition)
      - Default DispatcherServlet did not find dispatcher servlet beans (DispatcherServletAutoConfiguration.DefaultDispatcherServletCondition)

   DispatcherServletAutoConfiguration.DispatcherServletRegistrationConfiguration matched:
      - @ConditionalOnClass found required class 'jakarta.servlet.ServletRegistration' (OnClassCondition)
      - DispatcherServlet Registration did not find servlet registration bean (DispatcherServletAutoConfiguration.DispatcherServletRegistrationCondition)

   DispatcherServletAutoConfiguration.DispatcherServletRegistrationConfiguration#dispatcherServletRegistration matched:
      - @ConditionalOnBean (names: dispatcherServlet types: org.springframework.web.servlet.DispatcherServlet; SearchStrategy: all) found bean 'dispatcherServlet' (OnBeanCondition)

   EmbeddedWebServerFactoryCustomizerAutoConfiguration matched:
      - @ConditionalOnWebApplication (required) found 'session' scope (OnWebApplicationCondition)
      - @ConditionalOnWarDeployment the application is not deployed as a WAR file. (OnWarDeploymentCondition)

   EmbeddedWebServerFactoryCustomizerAutoConfiguration.TomcatWebServerFactoryCustomizerConfiguration matched:
      - @ConditionalOnClass found required classes 'org.apache.catalina.startup.Tomcat', 'org.apache.coyote.UpgradeProtocol' (OnClassCondition)

   ErrorMvcAutoConfiguration matched:
      - @ConditionalOnClass found required classes 'jakarta.servlet.Servlet', 'org.springframework.web.servlet.DispatcherServlet' (OnClassCondition)
      - found 'session' scope (OnWebApplicationCondition)

   ErrorMvcAutoConfiguration#basicErrorController matched:
      - @ConditionalOnMissingBean (types: org.springframework.boot.web.servlet.error.ErrorController; SearchStrategy: current) did not find any beans (OnBeanCondition)

   ErrorMvcAutoConfiguration#errorAttributes matched:
      - @ConditionalOnMissingBean (types: org.springframework.boot.web.servlet.error.ErrorAttributes; SearchStrategy: current) did not find any beans (OnBeanCondition)

   ErrorMvcAutoConfiguration.DefaultErrorViewResolverConfiguration#conventionErrorViewResolver matched:
      - @ConditionalOnBean (types: org.springframework.web.servlet.DispatcherServlet; SearchStrategy: all) found bean 'dispatcherServlet'; @ConditionalOnMissingBean (types: org.springframework.boot.autoconfigure.web.servlet.error.ErrorViewResolver; SearchStrategy: all) did not find any beans (OnBeanCondition)

   ErrorMvcAutoConfiguration.WhitelabelErrorViewConfiguration matched:
      - @ConditionalOnProperty (server.error.whitelabel.enabled) matched (OnPropertyCondition)
      - ErrorTemplate Missing did not find error template view (ErrorMvcAutoConfiguration.ErrorTemplateMissingCondition)

   ErrorMvcAutoConfiguration.WhitelabelErrorViewConfiguration#beanNameViewResolver matched:
      - @ConditionalOnMissingBean (types: org.springframework.web.servlet.view.BeanNameViewResolver; SearchStrategy: all) did not find any beans (OnBeanCondition)

   ErrorMvcAutoConfiguration.WhitelabelErrorViewConfiguration#defaultErrorView matched:
      - @ConditionalOnMissingBean (names: error; SearchStrategy: all) did not find any beans (OnBeanCondition)

   GenericCacheConfiguration matched:
      - Cache org.springframework.boot.autoconfigure.cache.GenericCacheConfiguration automatic cache type (CacheCondition)

   HibernateJpaAutoConfiguration matched:
      - @ConditionalOnClass found required classes 'org.springframework.orm.jpa.LocalContainerEntityManagerFactoryBean', 'jakarta.persistence.EntityManager', 'org.hibernate.engine.spi.SessionImplementor' (OnClassCondition)

   HibernateJpaConfiguration matched:
      - @ConditionalOnSingleCandidate (types: javax.sql.DataSource; SearchStrategy: all) found a single bean 'dataSource' (OnBeanCondition)

   HttpEncodingAutoConfiguration matched:
      - @ConditionalOnClass found required class 'org.springframework.web.filter.CharacterEncodingFilter' (OnClassCondition)
      - found 'session' scope (OnWebApplicationCondition)
      - @ConditionalOnProperty (server.servlet.encoding.enabled) matched (OnPropertyCondition)

   HttpEncodingAutoConfiguration#characterEncodingFilter matched:
      - @ConditionalOnMissingBean (types: org.springframework.web.filter.CharacterEncodingFilter; SearchStrategy: all) did not find any beans (OnBeanCondition)

   HttpMessageConvertersAutoConfiguration matched:
      - @ConditionalOnClass found required class 'org.springframework.http.converter.HttpMessageConverter' (OnClassCondition)
      - NoneNestedConditions 0 matched 1 did not; NestedCondition on HttpMessageConvertersAutoConfiguration.NotReactiveWebApplicationCondition.ReactiveWebApplication did not find reactive web application classes (HttpMessageConvertersAutoConfiguration.NotReactiveWebApplicationCondition)

   HttpMessageConvertersAutoConfiguration#messageConverters matched:
      - @ConditionalOnMissingBean (types: org.springframework.boot.autoconfigure.http.HttpMessageConverters; SearchStrategy: all) did not find any beans (OnBeanCondition)

   HttpMessageConvertersAutoConfiguration.StringHttpMessageConverterConfiguration matched:
      - @ConditionalOnClass found required class 'org.springframework.http.converter.StringHttpMessageConverter' (OnClassCondition)

   HttpMessageConvertersAutoConfiguration.StringHttpMessageConverterConfiguration#stringHttpMessageConverter matched:
      - @ConditionalOnMissingBean (types: org.springframework.http.converter.StringHttpMessageConverter; SearchStrategy: all) did not find any beans (OnBeanCondition)

   JacksonAutoConfiguration matched:
      - @ConditionalOnClass found required class 'com.fasterxml.jackson.databind.ObjectMapper' (OnClassCondition)

   JacksonAutoConfiguration.Jackson2ObjectMapperBuilderCustomizerConfiguration matched:
      - @ConditionalOnClass found required class 'org.springframework.http.converter.json.Jackson2ObjectMapperBuilder' (OnClassCondition)

   JacksonAutoConfiguration.JacksonObjectMapperBuilderConfiguration matched:
      - @ConditionalOnClass found required class 'org.springframework.http.converter.json.Jackson2ObjectMapperBuilder' (OnClassCondition)

   JacksonAutoConfiguration.JacksonObjectMapperBuilderConfiguration#jacksonObjectMapperBuilder matched:
      - @ConditionalOnMissingBean (types: org.springframework.http.converter.json.Jackson2ObjectMapperBuilder; SearchStrategy: all) did not find any beans (OnBeanCondition)

   JacksonAutoConfiguration.JacksonObjectMapperConfiguration matched:
      - @ConditionalOnClass found required class 'org.springframework.http.converter.json.Jackson2ObjectMapperBuilder' (OnClassCondition)

   JacksonAutoConfiguration.JacksonObjectMapperConfiguration#jacksonObjectMapper matched:
      - @ConditionalOnMissingBean (types: com.fasterxml.jackson.databind.ObjectMapper; SearchStrategy: all) did not find any beans (OnBeanCondition)

   JacksonAutoConfiguration.ParameterNamesModuleConfiguration matched:
      - @ConditionalOnClass found required class 'com.fasterxml.jackson.module.paramnames.ParameterNamesModule' (OnClassCondition)

   JacksonAutoConfiguration.ParameterNamesModuleConfiguration#parameterNamesModule matched:
      - @ConditionalOnMissingBean (types: com.fasterxml.jackson.module.paramnames.ParameterNamesModule; SearchStrategy: all) did not find any beans (OnBeanCondition)

   JacksonHttpMessageConvertersConfiguration.MappingJackson2HttpMessageConverterConfiguration matched:
      - @ConditionalOnClass found required class 'com.fasterxml.jackson.databind.ObjectMapper' (OnClassCondition)
      - @ConditionalOnProperty (spring.mvc.converters.preferred-json-mapper=jackson) matched (OnPropertyCondition)
      - @ConditionalOnBean (types: com.fasterxml.jackson.databind.ObjectMapper; SearchStrategy: all) found bean 'jacksonObjectMapper' (OnBeanCondition)

   JacksonHttpMessageConvertersConfiguration.MappingJackson2HttpMessageConverterConfiguration#mappingJackson2HttpMessageConverter matched:
      - @ConditionalOnMissingBean (types: org.springframework.http.converter.json.MappingJackson2HttpMessageConverter ignored: org.springframework.hateoas.server.mvc.TypeConstrainedMappingJackson2HttpMessageConverter,org.springframework.data.rest.webmvc.alps.AlpsJsonHttpMessageConverter; SearchStrategy: all) did not find any beans (OnBeanCondition)

   JdbcClientAutoConfiguration matched:
      - @ConditionalOnSingleCandidate (types: org.springframework.jdbc.core.namedparam.NamedParameterJdbcTemplate; SearchStrategy: all) found a single bean 'namedParameterJdbcTemplate'; @ConditionalOnMissingBean (types: org.springframework.jdbc.core.simple.JdbcClient; SearchStrategy: all) did not find any beans (OnBeanCondition)

   JdbcTemplateAutoConfiguration matched:
      - @ConditionalOnClass found required classes 'javax.sql.DataSource', 'org.springframework.jdbc.core.JdbcTemplate' (OnClassCondition)
      - @ConditionalOnSingleCandidate (types: javax.sql.DataSource; SearchStrategy: all) found a single bean 'dataSource' (OnBeanCondition)

   JdbcTemplateConfiguration matched:
      - @ConditionalOnMissingBean (types: org.springframework.jdbc.core.JdbcOperations; SearchStrategy: all) did not find any beans (OnBeanCondition)

   JpaBaseConfiguration#entityManagerFactory matched:
      - @ConditionalOnMissingBean (types: org.springframework.orm.jpa.LocalContainerEntityManagerFactoryBean,jakarta.persistence.EntityManagerFactory; SearchStrategy: all) did not find any beans (OnBeanCondition)

   JpaBaseConfiguration#entityManagerFactoryBuilder matched:
      - @ConditionalOnMissingBean (types: org.springframework.boot.orm.jpa.EntityManagerFactoryBuilder; SearchStrategy: all) did not find any beans (OnBeanCondition)

   JpaBaseConfiguration#jpaVendorAdapter matched:
      - @ConditionalOnMissingBean (types: org.springframework.orm.jpa.JpaVendorAdapter; SearchStrategy: all) did not find any beans (OnBeanCondition)

   JpaBaseConfiguration#transactionManager matched:
      - @ConditionalOnMissingBean (types: org.springframework.transaction.TransactionManager; SearchStrategy: all) did not find any beans (OnBeanCondition)

   JpaBaseConfiguration.PersistenceManagedTypesConfiguration matched:
      - @ConditionalOnMissingBean (types: org.springframework.orm.jpa.LocalContainerEntityManagerFactoryBean,jakarta.persistence.EntityManagerFactory; SearchStrategy: all) did not find any beans (OnBeanCondition)

   JpaBaseConfiguration.PersistenceManagedTypesConfiguration#persistenceManagedTypes matched:
      - @ConditionalOnMissingBean (types: org.springframework.orm.jpa.persistenceunit.PersistenceManagedTypes; SearchStrategy: all) did not find any beans (OnBeanCondition)

   JpaRepositoriesAutoConfiguration matched:
      - @ConditionalOnClass found required class 'org.springframework.data.jpa.repository.JpaRepository' (OnClassCondition)
      - @ConditionalOnProperty (spring.data.jpa.repositories.enabled=true) matched (OnPropertyCondition)
      - @ConditionalOnBean (types: javax.sql.DataSource; SearchStrategy: all) found bean 'dataSource'; @ConditionalOnMissingBean (types: org.springframework.data.jpa.repository.support.JpaRepositoryFactoryBean,org.springframework.data.jpa.repository.config.JpaRepositoryConfigExtension; SearchStrategy: all) did not find any beans (OnBeanCondition)

   JtaAutoConfiguration matched:
      - @ConditionalOnClass found required class 'jakarta.transaction.Transaction' (OnClassCondition)
      - @ConditionalOnProperty (spring.jta.enabled) matched (OnPropertyCondition)

   LifecycleAutoConfiguration#defaultLifecycleProcessor matched:
      - @ConditionalOnMissingBean (names: lifecycleProcessor; SearchStrategy: current) did not find any beans (OnBeanCondition)

   MailSenderAutoConfiguration matched:
      - @ConditionalOnClass found required classes 'jakarta.mail.internet.MimeMessage', 'jakarta.activation.MimeType', 'org.springframework.mail.MailSender' (OnClassCondition)
      - AnyNestedCondition 1 matched 1 did not; NestedCondition on MailSenderAutoConfiguration.MailSenderCondition.JndiNameProperty @ConditionalOnProperty (spring.mail.jndi-name) did not find property 'jndi-name'; NestedCondition on MailSenderAutoConfiguration.MailSenderCondition.HostProperty @ConditionalOnProperty (spring.mail.host) matched (MailSenderAutoConfiguration.MailSenderCondition)
      - @ConditionalOnMissingBean (types: org.springframework.mail.MailSender; SearchStrategy: all) did not find any beans (OnBeanCondition)

   MailSenderPropertiesConfiguration matched:
      - @ConditionalOnProperty (spring.mail.host) matched (OnPropertyCondition)

   MailSenderPropertiesConfiguration#mailSender matched:
      - @ConditionalOnMissingBean (types: org.springframework.mail.javamail.JavaMailSender; SearchStrategy: all) did not find any beans (OnBeanCondition)

   MultipartAutoConfiguration matched:
      - @ConditionalOnClass found required classes 'jakarta.servlet.Servlet', 'org.springframework.web.multipart.support.StandardServletMultipartResolver', 'jakarta.servlet.MultipartConfigElement' (OnClassCondition)
      - found 'session' scope (OnWebApplicationCondition)
      - @ConditionalOnProperty (spring.servlet.multipart.enabled) matched (OnPropertyCondition)

   MultipartAutoConfiguration#multipartConfigElement matched:
      - @ConditionalOnMissingBean (types: jakarta.servlet.MultipartConfigElement; SearchStrategy: all) did not find any beans (OnBeanCondition)

   MultipartAutoConfiguration#multipartResolver matched:
      - @ConditionalOnMissingBean (types: org.springframework.web.multipart.MultipartResolver; SearchStrategy: all) did not find any beans (OnBeanCondition)

   NamedParameterJdbcTemplateConfiguration matched:
      - @ConditionalOnSingleCandidate (types: org.springframework.jdbc.core.JdbcTemplate; SearchStrategy: all) found a single bean 'jdbcTemplate'; @ConditionalOnMissingBean (types: org.springframework.jdbc.core.namedparam.NamedParameterJdbcOperations; SearchStrategy: all) did not find any beans (OnBeanCondition)

   NoOpCacheConfiguration matched:
      - Cache org.springframework.boot.autoconfigure.cache.NoOpCacheConfiguration automatic cache type (CacheCondition)

   PersistenceExceptionTranslationAutoConfiguration matched:
      - @ConditionalOnClass found required class 'org.springframework.dao.annotation.PersistenceExceptionTranslationPostProcessor' (OnClassCondition)

   PersistenceExceptionTranslationAutoConfiguration#persistenceExceptionTranslationPostProcessor matched:
      - @ConditionalOnProperty (spring.dao.exceptiontranslation.enabled) matched (OnPropertyCondition)
      - @ConditionalOnMissingBean (types: org.springframework.dao.annotation.PersistenceExceptionTranslationPostProcessor; SearchStrategy: all) did not find any beans (OnBeanCondition)

   PropertyPlaceholderAutoConfiguration#propertySourcesPlaceholderConfigurer matched:
      - @ConditionalOnMissingBean (types: org.springframework.context.support.PropertySourcesPlaceholderConfigurer; SearchStrategy: current) did not find any beans (OnBeanCondition)

   RestClientAutoConfiguration matched:
      - @ConditionalOnClass found required class 'org.springframework.web.client.RestClient' (OnClassCondition)
      - NoneNestedConditions 0 matched 1 did not; NestedCondition on NotReactiveWebApplicationCondition.ReactiveWebApplication did not find reactive web application classes (NotReactiveWebApplicationCondition)

   RestClientAutoConfiguration#httpMessageConvertersRestClientCustomizer matched:
      - @ConditionalOnMissingBean (types: org.springframework.boot.autoconfigure.web.client.HttpMessageConvertersRestClientCustomizer; SearchStrategy: all) did not find any beans (OnBeanCondition)

   RestClientAutoConfiguration#restClientBuilder matched:
      - @ConditionalOnMissingBean (types: org.springframework.web.client.RestClient$Builder; SearchStrategy: all) did not find any beans (OnBeanCondition)

   RestClientAutoConfiguration#restClientBuilderConfigurer matched:
      - @ConditionalOnMissingBean (types: org.springframework.boot.autoconfigure.web.client.RestClientBuilderConfigurer; SearchStrategy: all) did not find any beans (OnBeanCondition)

   RestClientAutoConfiguration#restClientSsl matched:
      - @ConditionalOnBean (types: org.springframework.boot.ssl.SslBundles; SearchStrategy: all) found bean 'sslBundleRegistry'; @ConditionalOnMissingBean (types: org.springframework.boot.autoconfigure.web.client.RestClientSsl; SearchStrategy: all) did not find any beans (OnBeanCondition)

   RestTemplateAutoConfiguration matched:
      - @ConditionalOnClass found required class 'org.springframework.web.client.RestTemplate' (OnClassCondition)
      - NoneNestedConditions 0 matched 1 did not; NestedCondition on NotReactiveWebApplicationCondition.ReactiveWebApplication did not find reactive web application classes (NotReactiveWebApplicationCondition)

   RestTemplateAutoConfiguration#restTemplateBuilder matched:
      - @ConditionalOnMissingBean (types: org.springframework.boot.web.client.RestTemplateBuilder; SearchStrategy: all) did not find any beans (OnBeanCondition)

   SecurityAutoConfiguration matched:
      - @ConditionalOnClass found required class 'org.springframework.security.authentication.DefaultAuthenticationEventPublisher' (OnClassCondition)

   SecurityAutoConfiguration#authenticationEventPublisher matched:
      - @ConditionalOnMissingBean (types: org.springframework.security.authentication.AuthenticationEventPublisher; SearchStrategy: all) did not find any beans (OnBeanCondition)

   SecurityFilterAutoConfiguration matched:
      - @ConditionalOnClass found required classes 'org.springframework.security.web.context.AbstractSecurityWebApplicationInitializer', 'org.springframework.security.config.http.SessionCreationPolicy' (OnClassCondition)
      - found 'session' scope (OnWebApplicationCondition)

   SecurityFilterAutoConfiguration#securityFilterChainRegistration matched:
      - @ConditionalOnBean (names: springSecurityFilterChain; SearchStrategy: all) found bean 'springSecurityFilterChain' (OnBeanCondition)

   ServletWebServerFactoryAutoConfiguration matched:
      - @ConditionalOnClass found required class 'jakarta.servlet.ServletRequest' (OnClassCondition)
      - found 'session' scope (OnWebApplicationCondition)

   ServletWebServerFactoryAutoConfiguration#tomcatServletWebServerFactoryCustomizer matched:
      - @ConditionalOnClass found required class 'org.apache.catalina.startup.Tomcat' (OnClassCondition)

   ServletWebServerFactoryConfiguration.EmbeddedTomcat matched:
      - @ConditionalOnClass found required classes 'jakarta.servlet.Servlet', 'org.apache.catalina.startup.Tomcat', 'org.apache.coyote.UpgradeProtocol' (OnClassCondition)
      - @ConditionalOnMissingBean (types: org.springframework.boot.web.servlet.server.ServletWebServerFactory; SearchStrategy: current) did not find any beans (OnBeanCondition)

   SimpleCacheConfiguration matched:
      - Cache org.springframework.boot.autoconfigure.cache.SimpleCacheConfiguration automatic cache type (CacheCondition)

   SpringBootWebSecurityConfiguration matched:
      - found 'session' scope (OnWebApplicationCondition)

   SpringBootWebSecurityConfiguration.WebSecurityEnablerConfiguration matched:
      - @ConditionalOnClass found required class 'org.springframework.security.config.annotation.web.configuration.EnableWebSecurity' (OnClassCondition)
      - @ConditionalOnMissingBean (names: springSecurityFilterChain; SearchStrategy: all) did not find any beans (OnBeanCondition)

   SpringDataWebAutoConfiguration matched:
      - @ConditionalOnClass found required classes 'org.springframework.data.web.PageableHandlerMethodArgumentResolver', 'org.springframework.web.servlet.config.annotation.WebMvcConfigurer' (OnClassCondition)
      - found 'session' scope (OnWebApplicationCondition)
      - @ConditionalOnMissingBean (types: org.springframework.data.web.PageableHandlerMethodArgumentResolver; SearchStrategy: all) did not find any beans (OnBeanCondition)

   SpringDataWebAutoConfiguration#pageableCustomizer matched:
      - @ConditionalOnMissingBean (types: org.springframework.data.web.config.PageableHandlerMethodArgumentResolverCustomizer; SearchStrategy: all) did not find any beans (OnBeanCondition)

   SpringDataWebAutoConfiguration#sortCustomizer matched:
      - @ConditionalOnMissingBean (types: org.springframework.data.web.config.SortHandlerMethodArgumentResolverCustomizer; SearchStrategy: all) did not find any beans (OnBeanCondition)

   SpringDocConfigProperties matched:
      - @ConditionalOnProperty (springdoc.api-docs.enabled) matched (OnPropertyCondition)
      - @ConditionalOnBean (types: org.springdoc.core.configuration.SpringDocConfiguration; SearchStrategy: all) found bean 'org.springdoc.core.configuration.SpringDocConfiguration' (OnBeanCondition)

   SpringDocConfiguration matched:
      - @ConditionalOnWebApplication (required) found 'session' scope (OnWebApplicationCondition)
      - @ConditionalOnProperty (springdoc.api-docs.enabled) matched (OnPropertyCondition)

   SpringDocConfiguration#fileSupportConverter matched:
      - @ConditionalOnMissingBean (types: org.springdoc.core.converters.FileSupportConverter; SearchStrategy: all) did not find any beans (OnBeanCondition)

   SpringDocConfiguration#openAPIBuilder matched:
      - @ConditionalOnMissingBean (types: org.springdoc.core.service.OpenAPIService; SearchStrategy: all) did not find any beans (OnBeanCondition)

   SpringDocConfiguration#operationBuilder matched:
      - @ConditionalOnMissingBean (types: org.springdoc.core.service.OperationService; SearchStrategy: all) did not find any beans (OnBeanCondition)

   SpringDocConfiguration#parameterBuilder matched:
      - @ConditionalOnMissingBean (types: org.springdoc.core.service.GenericParameterService; SearchStrategy: all) did not find any beans (OnBeanCondition)

   SpringDocConfiguration#polymorphicModelConverter matched:
      - @ConditionalOnProperty (springdoc.model-converters.polymorphic-converter.enabled) matched (OnPropertyCondition)
      - @ConditionalOnMissingBean (types: org.springdoc.core.converters.PolymorphicModelConverter; SearchStrategy: all) did not find any beans (OnBeanCondition)

   SpringDocConfiguration#requestBodyBuilder matched:
      - @ConditionalOnMissingBean (types: org.springdoc.core.service.RequestBodyService; SearchStrategy: all) did not find any beans (OnBeanCondition)

   SpringDocConfiguration#responseSupportConverter matched:
      - @ConditionalOnMissingBean (types: org.springdoc.core.converters.ResponseSupportConverter; SearchStrategy: all) did not find any beans (OnBeanCondition)

   SpringDocConfiguration#schemaPropertyDeprecatingConverter matched:
      - @ConditionalOnProperty (springdoc.model-converters.deprecating-converter.enabled) matched (OnPropertyCondition)
      - @ConditionalOnMissingBean (types: org.springdoc.core.converters.SchemaPropertyDeprecatingConverter; SearchStrategy: all) did not find any beans (OnBeanCondition)

   SpringDocConfiguration#securityParser matched:
      - @ConditionalOnMissingBean (types: org.springdoc.core.service.SecurityService; SearchStrategy: all) did not find any beans (OnBeanCondition)

   SpringDocConfiguration#springDocCustomizers matched:
      - @ConditionalOnMissingBean (types: org.springdoc.core.customizers.SpringDocCustomizers; SearchStrategy: all) did not find any beans (OnBeanCondition)

   SpringDocConfiguration#springDocProviders matched:
      - @ConditionalOnMissingBean (types: org.springdoc.core.providers.SpringDocProviders; SearchStrategy: all) did not find any beans (OnBeanCondition)

   SpringDocConfiguration#springdocObjectMapperProvider matched:
      - @ConditionalOnMissingBean (types: org.springdoc.core.providers.ObjectMapperProvider; SearchStrategy: all) did not find any beans (OnBeanCondition)

   SpringDocConfiguration.QuerydslProvider matched:
      - @ConditionalOnClass found required class 'org.springframework.data.querydsl.binding.QuerydslBindingsFactory' (OnClassCondition)

   SpringDocConfiguration.QuerydslProvider#queryDslQuerydslPredicateOperationCustomizer matched:
      - @ConditionalOnMissingBean (types: org.springdoc.core.customizers.QuerydslPredicateOperationCustomizer; SearchStrategy: all) did not find any beans (OnBeanCondition)

   SpringDocConfiguration.SpringDocSpringDataWebPropertiesProvider matched:
      - @ConditionalOnClass found required class 'org.springframework.boot.autoconfigure.data.web.SpringDataWebProperties' (OnClassCondition)

   SpringDocConfiguration.SpringDocSpringDataWebPropertiesProvider#springDataWebPropertiesProvider matched:
      - @ConditionalOnMissingBean (types: org.springdoc.core.providers.SpringDataWebPropertiesProvider; SearchStrategy: all) did not find any beans (OnBeanCondition)

   SpringDocConfiguration.WebConversionServiceConfiguration matched:
      - @ConditionalOnClass found required class 'org.springframework.boot.autoconfigure.web.format.WebConversionService' (OnClassCondition)

   SpringDocKotlinConfiguration matched:
      - @ConditionalOnClass found required class 'kotlin.coroutines.Continuation' (OnClassCondition)
      - @ConditionalOnWebApplication (required) found 'session' scope (OnWebApplicationCondition)
      - @ConditionalOnProperty (springdoc.api-docs.enabled) matched (OnPropertyCondition)
      - @ConditionalOnExpression (#{${springdoc.api-docs.enabled:true} and ${springdoc.enable-kotlin:true}}) resulted in true (OnExpressionCondition)
      - @ConditionalOnBean (types: org.springdoc.core.configuration.SpringDocConfiguration; SearchStrategy: all) found bean 'org.springdoc.core.configuration.SpringDocConfiguration' (OnBeanCondition)

   SpringDocKotlinConfiguration#kotlinCoroutinesReturnTypeParser matched:
      - @ConditionalOnMissingBean (types: org.springdoc.core.parsers.KotlinCoroutinesReturnTypeParser; SearchStrategy: all) did not find any beans (OnBeanCondition)

   SpringDocKotlinConfiguration#nullableKotlinRequestParameterCustomizer matched:
      - @ConditionalOnProperty (springdoc.nullable-request-parameter-enabled) matched (OnPropertyCondition)
      - @ConditionalOnMissingBean (types: org.springdoc.core.customizers.ParameterCustomizer; SearchStrategy: all) did not find any beans (OnBeanCondition)

   SpringDocPageableConfiguration matched:
      - @ConditionalOnClass found required class 'org.springframework.data.domain.Pageable' (OnClassCondition)
      - @ConditionalOnWebApplication (required) found 'session' scope (OnWebApplicationCondition)
      - @ConditionalOnProperty (springdoc.api-docs.enabled) matched (OnPropertyCondition)
      - @ConditionalOnBean (types: org.springdoc.core.configuration.SpringDocConfiguration; SearchStrategy: all) found bean 'org.springdoc.core.configuration.SpringDocConfiguration' (OnBeanCondition)

   SpringDocPageableConfiguration#delegatingMethodParameterCustomizer matched:
      - @ConditionalOnMissingBean (types: org.springdoc.core.customizers.DelegatingMethodParameterCustomizer; SearchStrategy: all) did not find any beans (OnBeanCondition)

   SpringDocPageableConfiguration#pageOpenAPIConverter matched:
      - @ConditionalOnClass found required classes 'org.springframework.data.web.PagedModel', 'org.springframework.data.web.config.SpringDataWebSettings' (OnClassCondition)
      - @ConditionalOnMissingBean (types: org.springdoc.core.converters.PageOpenAPIConverter; SearchStrategy: all) did not find any beans (OnBeanCondition)

   SpringDocPageableConfiguration#pageableOpenAPIConverter matched:
      - @ConditionalOnProperty (springdoc.model-converters.pageable-converter.enabled) matched (OnPropertyCondition)
      - @ConditionalOnMissingBean (types: org.springdoc.core.converters.PageableOpenAPIConverter; SearchStrategy: all) did not find any beans (OnBeanCondition)

   SpringDocSecurityConfiguration matched:
      - @ConditionalOnClass found required class 'org.springframework.security.web.SecurityFilterChain' (OnClassCondition)
      - @ConditionalOnWebApplication (required) found 'session' scope (OnWebApplicationCondition)
      - @ConditionalOnExpression (#{${springdoc.api-docs.enabled:true} and ${springdoc.enable-spring-security:true}}) resulted in true (OnExpressionCondition)
      - @ConditionalOnBean (types: org.springdoc.core.configuration.SpringDocConfiguration; SearchStrategy: all) found bean 'org.springdoc.core.configuration.SpringDocConfiguration' (OnBeanCondition)

   SpringDocSecurityConfiguration.SpringSecurityLoginEndpointConfiguration matched:
      - @ConditionalOnClass found required class 'jakarta.servlet.Filter' (OnClassCondition)

   SpringDocSortConfiguration matched:
      - @ConditionalOnClass found required class 'org.springframework.data.domain.Sort' (OnClassCondition)
      - @ConditionalOnWebApplication (required) found 'session' scope (OnWebApplicationCondition)
      - @ConditionalOnProperty (springdoc.api-docs.enabled) matched (OnPropertyCondition)
      - @ConditionalOnBean (types: org.springdoc.core.configuration.SpringDocConfiguration; SearchStrategy: all) found bean 'org.springdoc.core.configuration.SpringDocConfiguration' (OnBeanCondition)

   SpringDocSortConfiguration#sortOpenAPIConverter matched:
      - @ConditionalOnProperty (springdoc.sort-converter.enabled) matched (OnPropertyCondition)
      - @ConditionalOnMissingBean (types: org.springdoc.core.converters.SortOpenAPIConverter; SearchStrategy: all) did not find any beans (OnBeanCondition)

   SpringDocUIConfiguration matched:
      - @ConditionalOnWebApplication (required) found 'session' scope (OnWebApplicationCondition)
      - @ConditionalOnBean (types: org.springdoc.core.configuration.SpringDocConfiguration; SearchStrategy: all) found bean 'org.springdoc.core.configuration.SpringDocConfiguration' (OnBeanCondition)

   SpringDocWebMvcConfiguration matched:
      - found 'session' scope (OnWebApplicationCondition)
      - @ConditionalOnProperty (springdoc.api-docs.enabled) matched (OnPropertyCondition)
      - @ConditionalOnBean (types: org.springdoc.core.configuration.SpringDocConfiguration; SearchStrategy: all) found bean 'org.springdoc.core.configuration.SpringDocConfiguration' (OnBeanCondition)

   SpringDocWebMvcConfiguration#openApiResource matched:
      - @ConditionalOnExpression (#{(${springdoc.use-management-port:false} == false ) and ${springdoc.enable-default-api-docs:true}}) resulted in true (OnExpressionCondition)
      - @ConditionalOnMissingBean (types: org.springdoc.webmvc.api.OpenApiWebMvcResource; SearchStrategy: all) did not find any beans (OnBeanCondition)

   SpringDocWebMvcConfiguration#requestBuilder matched:
      - @ConditionalOnMissingBean (types: org.springdoc.webmvc.core.service.RequestService; SearchStrategy: all) did not find any beans (OnBeanCondition)

   SpringDocWebMvcConfiguration#responseBuilder matched:
      - @ConditionalOnMissingBean (types: org.springdoc.core.service.GenericResponseService; SearchStrategy: all) did not find any beans (OnBeanCondition)

   SpringDocWebMvcConfiguration#springWebProvider matched:
      - @ConditionalOnMissingBean (types: org.springdoc.core.providers.SpringWebProvider; SearchStrategy: all) did not find any beans (OnBeanCondition)

   SpringDocWebMvcConfiguration.SpringDocWebMvcRouterConfiguration matched:
      - @ConditionalOnClass found required class 'org.springframework.web.servlet.function.RouterFunction' (OnClassCondition)

   SpringDocWebMvcConfiguration.SpringDocWebMvcRouterConfiguration#routerFunctionProvider matched:
      - @ConditionalOnMissingBean (types: org.springdoc.webmvc.core.providers.RouterFunctionWebMvcProvider; SearchStrategy: all) did not find any beans (OnBeanCondition)

   SqlInitializationAutoConfiguration matched:
      - @ConditionalOnProperty (spring.sql.init.enabled) matched (OnPropertyCondition)
      - NoneNestedConditions 0 matched 1 did not; NestedCondition on SqlInitializationAutoConfiguration.SqlInitializationModeCondition.ModeIsNever @ConditionalOnProperty (spring.sql.init.mode=never) did not find property 'mode' (SqlInitializationAutoConfiguration.SqlInitializationModeCondition)

   SslAutoConfiguration#sslBundleRegistry matched:
      - @ConditionalOnMissingBean (types: org.springframework.boot.ssl.SslBundleRegistry,org.springframework.boot.ssl.SslBundles; SearchStrategy: all) did not find any beans (OnBeanCondition)

   SwaggerConfig matched:
      - found 'session' scope (OnWebApplicationCondition)
      - @ConditionalOnProperty (springdoc.swagger-ui.enabled) matched (OnPropertyCondition)
      - @ConditionalOnBean (types: org.springdoc.core.configuration.SpringDocConfiguration; SearchStrategy: all) found bean 'org.springdoc.core.configuration.SpringDocConfiguration' (OnBeanCondition)

   SwaggerConfig#indexPageTransformer matched:
      - @ConditionalOnMissingBean (types: org.springdoc.webmvc.ui.SwaggerIndexTransformer; SearchStrategy: all) did not find any beans (OnBeanCondition)

   SwaggerConfig#swaggerConfigResource matched:
      - @ConditionalOnProperty (springdoc.use-management-port=false) matched (OnPropertyCondition)
      - @ConditionalOnMissingBean (types: org.springdoc.webmvc.ui.SwaggerConfigResource; SearchStrategy: all) did not find any beans (OnBeanCondition)

   SwaggerConfig#swaggerResourceResolver matched:
      - @ConditionalOnMissingBean (types: org.springdoc.webmvc.ui.SwaggerResourceResolver; SearchStrategy: all) did not find any beans (OnBeanCondition)

   SwaggerConfig#swaggerWebMvcConfigurer matched:
      - @ConditionalOnMissingBean (types: org.springdoc.webmvc.ui.SwaggerWebMvcConfigurer; SearchStrategy: all) did not find any beans (OnBeanCondition)

   SwaggerConfig#swaggerWelcome matched:
      - @ConditionalOnProperty (springdoc.use-management-port=false) matched (OnPropertyCondition)
      - @ConditionalOnMissingBean (types: org.springdoc.webmvc.ui.SwaggerWelcomeWebMvc; SearchStrategy: all) did not find any beans (OnBeanCondition)

   SwaggerUiConfigParameters matched:
      - @ConditionalOnProperty (springdoc.swagger-ui.enabled) matched (OnPropertyCondition)
      - @ConditionalOnBean (types: org.springdoc.core.configuration.SpringDocConfiguration; SearchStrategy: all) found bean 'org.springdoc.core.configuration.SpringDocConfiguration' (OnBeanCondition)

   SwaggerUiConfigProperties matched:
      - @ConditionalOnProperty (springdoc.swagger-ui.enabled) matched (OnPropertyCondition)
      - @ConditionalOnBean (types: org.springdoc.core.configuration.SpringDocConfiguration; SearchStrategy: all) found bean 'org.springdoc.core.configuration.SpringDocConfiguration' (OnBeanCondition)

   SwaggerUiOAuthProperties matched:
      - @ConditionalOnProperty (springdoc.swagger-ui.enabled) matched (OnPropertyCondition)
      - @ConditionalOnBean (types: org.springdoc.core.configuration.SpringDocConfiguration; SearchStrategy: all) found bean 'org.springdoc.core.configuration.SpringDocConfiguration' (OnBeanCondition)

   TaskExecutionAutoConfiguration matched:
      - @ConditionalOnClass found required class 'org.springframework.scheduling.concurrent.ThreadPoolTaskExecutor' (OnClassCondition)

   TaskExecutorConfigurations.SimpleAsyncTaskExecutorBuilderConfiguration#simpleAsyncTaskExecutorBuilder matched:
      - @ConditionalOnMissingBean (types: org.springframework.boot.task.SimpleAsyncTaskExecutorBuilder; SearchStrategy: all) did not find any beans (OnBeanCondition)
      - @ConditionalOnThreading found PLATFORM (OnThreadingCondition)

   TaskExecutorConfigurations.TaskExecutorBuilderConfiguration#taskExecutorBuilder matched:
      - @ConditionalOnMissingBean (types: org.springframework.boot.task.TaskExecutorBuilder; SearchStrategy: all) did not find any beans (OnBeanCondition)

   TaskExecutorConfigurations.TaskExecutorConfiguration matched:
      - @ConditionalOnMissingBean (types: java.util.concurrent.Executor; SearchStrategy: all) did not find any beans (OnBeanCondition)

   TaskExecutorConfigurations.TaskExecutorConfiguration#applicationTaskExecutor matched:
      - @ConditionalOnThreading found PLATFORM (OnThreadingCondition)

   TaskExecutorConfigurations.ThreadPoolTaskExecutorBuilderConfiguration#threadPoolTaskExecutorBuilder matched:
      - @ConditionalOnMissingBean (types: org.springframework.boot.task.TaskExecutorBuilder,org.springframework.boot.task.ThreadPoolTaskExecutorBuilder; SearchStrategy: all) did not find any beans (OnBeanCondition)

   TaskSchedulingAutoConfiguration matched:
      - @ConditionalOnClass found required class 'org.springframework.scheduling.concurrent.ThreadPoolTaskScheduler' (OnClassCondition)

   TaskSchedulingConfigurations.SimpleAsyncTaskSchedulerBuilderConfiguration#simpleAsyncTaskSchedulerBuilder matched:
      - @ConditionalOnMissingBean (types: org.springframework.boot.task.SimpleAsyncTaskSchedulerBuilder; SearchStrategy: all) did not find any beans (OnBeanCondition)
      - @ConditionalOnThreading found PLATFORM (OnThreadingCondition)

   TaskSchedulingConfigurations.TaskSchedulerBuilderConfiguration#taskSchedulerBuilder matched:
      - @ConditionalOnMissingBean (types: org.springframework.boot.task.TaskSchedulerBuilder; SearchStrategy: all) did not find any beans (OnBeanCondition)

   TaskSchedulingConfigurations.ThreadPoolTaskSchedulerBuilderConfiguration#threadPoolTaskSchedulerBuilder matched:
      - @ConditionalOnMissingBean (types: org.springframework.boot.task.TaskSchedulerBuilder,org.springframework.boot.task.ThreadPoolTaskSchedulerBuilder; SearchStrategy: all) did not find any beans (OnBeanCondition)

   TransactionAutoConfiguration matched:
      - @ConditionalOnClass found required class 'org.springframework.transaction.PlatformTransactionManager' (OnClassCondition)

   TransactionAutoConfiguration.EnableTransactionManagementConfiguration matched:
      - @ConditionalOnBean (types: org.springframework.transaction.TransactionManager; SearchStrategy: all) found bean 'transactionManager'; @ConditionalOnMissingBean (types: org.springframework.transaction.annotation.AbstractTransactionManagementConfiguration; SearchStrategy: all) did not find any beans (OnBeanCondition)

   TransactionAutoConfiguration.EnableTransactionManagementConfiguration.CglibAutoProxyConfiguration matched:
      - @ConditionalOnProperty (spring.aop.proxy-target-class=true) matched (OnPropertyCondition)

   TransactionAutoConfiguration.TransactionTemplateConfiguration matched:
      - @ConditionalOnSingleCandidate (types: org.springframework.transaction.PlatformTransactionManager; SearchStrategy: all) found a single bean 'transactionManager' (OnBeanCondition)

   TransactionAutoConfiguration.TransactionTemplateConfiguration#transactionTemplate matched:
      - @ConditionalOnMissingBean (types: org.springframework.transaction.support.TransactionOperations; SearchStrategy: all) did not find any beans (OnBeanCondition)

   TransactionManagerCustomizationAutoConfiguration matched:
      - @ConditionalOnClass found required class 'org.springframework.transaction.PlatformTransactionManager' (OnClassCondition)

   TransactionManagerCustomizationAutoConfiguration#platformTransactionManagerCustomizers matched:
      - @ConditionalOnMissingBean (types: org.springframework.boot.autoconfigure.transaction.TransactionManagerCustomizers; SearchStrategy: all) did not find any beans (OnBeanCondition)

   ValidationAutoConfiguration matched:
      - @ConditionalOnClass found required class 'jakarta.validation.executable.ExecutableValidator' (OnClassCondition)
      - @ConditionalOnResource found location classpath:META-INF/services/jakarta.validation.spi.ValidationProvider (OnResourceCondition)

   ValidationAutoConfiguration#defaultValidator matched:
      - @ConditionalOnMissingBean (types: jakarta.validation.Validator; SearchStrategy: all) did not find any beans (OnBeanCondition)

   ValidationAutoConfiguration#methodValidationPostProcessor matched:
      - @ConditionalOnMissingBean (types: org.springframework.validation.beanvalidation.MethodValidationPostProcessor; SearchStrategy: current) did not find any beans (OnBeanCondition)

   WebMvcAutoConfiguration matched:
      - @ConditionalOnClass found required classes 'jakarta.servlet.Servlet', 'org.springframework.web.servlet.DispatcherServlet', 'org.springframework.web.servlet.config.annotation.WebMvcConfigurer' (OnClassCondition)
      - found 'session' scope (OnWebApplicationCondition)
      - @ConditionalOnMissingBean (types: org.springframework.web.servlet.config.annotation.WebMvcConfigurationSupport; SearchStrategy: all) did not find any beans (OnBeanCondition)

   WebMvcAutoConfiguration#formContentFilter matched:
      - @ConditionalOnProperty (spring.mvc.formcontent.filter.enabled) matched (OnPropertyCondition)
      - @ConditionalOnMissingBean (types: org.springframework.web.filter.FormContentFilter; SearchStrategy: all) did not find any beans (OnBeanCondition)

   WebMvcAutoConfiguration.EnableWebMvcConfiguration#flashMapManager matched:
      - @ConditionalOnMissingBean (names: flashMapManager; SearchStrategy: all) did not find any beans (OnBeanCondition)

   WebMvcAutoConfiguration.EnableWebMvcConfiguration#localeResolver matched:
      - @ConditionalOnMissingBean (names: localeResolver; SearchStrategy: all) did not find any beans (OnBeanCondition)

   WebMvcAutoConfiguration.EnableWebMvcConfiguration#themeResolver matched:
      - @ConditionalOnMissingBean (names: themeResolver; SearchStrategy: all) did not find any beans (OnBeanCondition)

   WebMvcAutoConfiguration.WebMvcAutoConfigurationAdapter#defaultViewResolver matched:
      - @ConditionalOnMissingBean (types: org.springframework.web.servlet.view.InternalResourceViewResolver; SearchStrategy: all) did not find any beans (OnBeanCondition)

   WebMvcAutoConfiguration.WebMvcAutoConfigurationAdapter#requestContextFilter matched:
      - @ConditionalOnMissingBean (types: org.springframework.web.context.request.RequestContextListener,org.springframework.web.filter.RequestContextFilter; SearchStrategy: all) did not find any beans (OnBeanCondition)

   WebMvcAutoConfiguration.WebMvcAutoConfigurationAdapter#viewResolver matched:
      - @ConditionalOnBean (types: org.springframework.web.servlet.ViewResolver; SearchStrategy: all) found beans 'defaultViewResolver', 'beanNameViewResolver', 'mvcViewResolver'; @ConditionalOnMissingBean (names: viewResolver types: org.springframework.web.servlet.view.ContentNegotiatingViewResolver; SearchStrategy: all) did not find any beans (OnBeanCondition)

   WebSocketServletAutoConfiguration matched:
      - @ConditionalOnClass found required classes 'jakarta.servlet.Servlet', 'jakarta.websocket.server.ServerContainer' (OnClassCondition)
      - found 'session' scope (OnWebApplicationCondition)

   WebSocketServletAutoConfiguration.TomcatWebSocketConfiguration matched:
      - @ConditionalOnClass found required classes 'org.apache.catalina.startup.Tomcat', 'org.apache.tomcat.websocket.server.WsSci' (OnClassCondition)

   WebSocketServletAutoConfiguration.TomcatWebSocketConfiguration#websocketServletWebServerCustomizer matched:
      - @ConditionalOnMissingBean (names: websocketServletWebServerCustomizer; SearchStrategy: all) did not find any beans (OnBeanCondition)


Negative matches:
-----------------

   ActiveMQAutoConfiguration:
      Did not match:
         - @ConditionalOnClass did not find required class 'jakarta.jms.ConnectionFactory' (OnClassCondition)

   AopAutoConfiguration.AspectJAutoProxyingConfiguration.JdkDynamicAutoProxyConfiguration:
      Did not match:
         - @ConditionalOnProperty (spring.aop.proxy-target-class=false) did not find property 'proxy-target-class' (OnPropertyCondition)

   AopAutoConfiguration.ClassProxyingConfiguration:
      Did not match:
         - @ConditionalOnMissingClass found unwanted class 'org.aspectj.weaver.Advice' (OnClassCondition)

   ArtemisAutoConfiguration:
      Did not match:
         - @ConditionalOnClass did not find required class 'jakarta.jms.ConnectionFactory' (OnClassCondition)

   BatchAutoConfiguration:
      Did not match:
         - @ConditionalOnClass did not find required class 'org.springframework.batch.core.launch.JobLauncher' (OnClassCondition)

   Cache2kCacheConfiguration:
      Did not match:
         - @ConditionalOnClass did not find required class 'org.cache2k.Cache2kBuilder' (OnClassCondition)

   CacheAutoConfiguration:
      Did not match:
         - @ConditionalOnBean (types: org.springframework.cache.interceptor.CacheAspectSupport; SearchStrategy: all) did not find any beans of type org.springframework.cache.interceptor.CacheAspectSupport (OnBeanCondition)
      Matched:
         - @ConditionalOnClass found required class 'org.springframework.cache.CacheManager' (OnClassCondition)

   CacheAutoConfiguration.CacheManagerEntityManagerFactoryDependsOnPostProcessor:
      Did not match:
         - Ancestor org.springframework.boot.autoconfigure.cache.CacheAutoConfiguration did not match (ConditionEvaluationReport.AncestorsMatchedCondition)
      Matched:
         - @ConditionalOnClass found required class 'org.springframework.orm.jpa.LocalContainerEntityManagerFactoryBean' (OnClassCondition)

   CaffeineCacheConfiguration:
      Did not match:
         - @ConditionalOnClass did not find required class 'com.github.benmanes.caffeine.cache.Caffeine' (OnClassCondition)

   CassandraAutoConfiguration:
      Did not match:
         - @ConditionalOnClass did not find required class 'com.datastax.oss.driver.api.core.CqlSession' (OnClassCondition)

   CassandraDataAutoConfiguration:
      Did not match:
         - @ConditionalOnClass did not find required class 'com.datastax.oss.driver.api.core.CqlSession' (OnClassCondition)

   CassandraReactiveDataAutoConfiguration:
      Did not match:
         - @ConditionalOnClass did not find required class 'com.datastax.oss.driver.api.core.CqlSession' (OnClassCondition)

   CassandraReactiveRepositoriesAutoConfiguration:
      Did not match:
         - @ConditionalOnClass did not find required class 'org.springframework.data.cassandra.ReactiveSession' (OnClassCondition)

   CassandraRepositoriesAutoConfiguration:
      Did not match:
         - @ConditionalOnClass did not find required class 'com.datastax.oss.driver.api.core.CqlSession' (OnClassCondition)

   ClientHttpConnectorAutoConfiguration:
      Did not match:
         - @ConditionalOnClass did not find required class 'org.springframework.web.reactive.function.client.WebClient' (OnClassCondition)

   CodecsAutoConfiguration:
      Did not match:
         - @ConditionalOnClass did not find required class 'org.springframework.web.reactive.function.client.WebClient' (OnClassCondition)

   CouchbaseAutoConfiguration:
      Did not match:
         - @ConditionalOnClass did not find required class 'com.couchbase.client.java.Cluster' (OnClassCondition)

   CouchbaseCacheConfiguration:
      Did not match:
         - @ConditionalOnClass did not find required class 'com.couchbase.client.java.Cluster' (OnClassCondition)

   CouchbaseDataAutoConfiguration:
      Did not match:
         - @ConditionalOnClass did not find required class 'com.couchbase.client.java.Bucket' (OnClassCondition)

   CouchbaseReactiveDataAutoConfiguration:
      Did not match:
         - @ConditionalOnClass did not find required class 'com.couchbase.client.java.Cluster' (OnClassCondition)

   CouchbaseReactiveRepositoriesAutoConfiguration:
      Did not match:
         - @ConditionalOnClass did not find required class 'com.couchbase.client.java.Cluster' (OnClassCondition)

   CouchbaseRepositoriesAutoConfiguration:
      Did not match:
         - @ConditionalOnClass did not find required class 'com.couchbase.client.java.Bucket' (OnClassCondition)

   DataSourceAutoConfiguration.EmbeddedDatabaseConfiguration:
      Did not match:
         - EmbeddedDataSource spring.datasource.url is set (DataSourceAutoConfiguration.EmbeddedDatabaseCondition)

   DataSourceCheckpointRestoreConfiguration:
      Did not match:
         - @ConditionalOnClass did not find required class 'org.crac.Resource' (OnClassCondition)

   DataSourceConfiguration.Dbcp2:
      Did not match:
         - @ConditionalOnClass did not find required class 'org.apache.commons.dbcp2.BasicDataSource' (OnClassCondition)

   DataSourceConfiguration.Generic:
      Did not match:
         - @ConditionalOnProperty (spring.datasource.type) did not find property 'spring.datasource.type' (OnPropertyCondition)

   DataSourceConfiguration.OracleUcp:
      Did not match:
         - @ConditionalOnClass did not find required classes 'oracle.ucp.jdbc.PoolDataSourceImpl', 'oracle.jdbc.OracleConnection' (OnClassCondition)

   DataSourceConfiguration.Tomcat:
      Did not match:
         - @ConditionalOnClass did not find required class 'org.apache.tomcat.jdbc.pool.DataSource' (OnClassCondition)

   DataSourceJmxConfiguration.TomcatDataSourceJmxConfiguration:
      Did not match:
         - @ConditionalOnClass did not find required class 'org.apache.tomcat.jdbc.pool.DataSourceProxy' (OnClassCondition)

   DataSourcePoolMetadataProvidersConfiguration.CommonsDbcp2PoolDataSourceMetadataProviderConfiguration:
      Did not match:
         - @ConditionalOnClass did not find required class 'org.apache.commons.dbcp2.BasicDataSource' (OnClassCondition)

   DataSourcePoolMetadataProvidersConfiguration.OracleUcpPoolDataSourceMetadataProviderConfiguration:
      Did not match:
         - @ConditionalOnClass did not find required classes 'oracle.ucp.jdbc.PoolDataSource', 'oracle.jdbc.OracleConnection' (OnClassCondition)

   DataSourcePoolMetadataProvidersConfiguration.TomcatDataSourcePoolMetadataProviderConfiguration:
      Did not match:
         - @ConditionalOnClass did not find required class 'org.apache.tomcat.jdbc.pool.DataSource' (OnClassCondition)

   DataSourceTransactionManagerAutoConfiguration.JdbcTransactionManagerConfiguration#transactionManager:
      Did not match:
         - @ConditionalOnMissingBean (types: org.springframework.transaction.TransactionManager; SearchStrategy: all) found beans of type 'org.springframework.transaction.TransactionManager' transactionManager (OnBeanCondition)

   DispatcherServletAutoConfiguration.DispatcherServletConfiguration#multipartResolver:
      Did not match:
         - @ConditionalOnBean (types: org.springframework.web.multipart.MultipartResolver; SearchStrategy: all) did not find any beans of type org.springframework.web.multipart.MultipartResolver (OnBeanCondition)

   ElasticsearchClientAutoConfiguration:
      Did not match:
         - @ConditionalOnClass did not find required class 'co.elastic.clients.elasticsearch.ElasticsearchClient' (OnClassCondition)

   ElasticsearchDataAutoConfiguration:
      Did not match:
         - @ConditionalOnClass did not find required class 'org.springframework.data.elasticsearch.client.elc.ElasticsearchTemplate' (OnClassCondition)

   ElasticsearchRepositoriesAutoConfiguration:
      Did not match:
         - @ConditionalOnClass did not find required class 'org.springframework.data.elasticsearch.repository.ElasticsearchRepository' (OnClassCondition)

   ElasticsearchRestClientAutoConfiguration:
      Did not match:
         - @ConditionalOnClass did not find required class 'org.elasticsearch.client.RestClientBuilder' (OnClassCondition)

   EmbeddedLdapAutoConfiguration:
      Did not match:
         - @ConditionalOnClass did not find required class 'com.unboundid.ldap.listener.InMemoryDirectoryServer' (OnClassCondition)

   EmbeddedWebServerFactoryCustomizerAutoConfiguration.JettyWebServerFactoryCustomizerConfiguration:
      Did not match:
         - @ConditionalOnClass did not find required classes 'org.eclipse.jetty.server.Server', 'org.eclipse.jetty.util.Loader', 'org.eclipse.jetty.ee10.webapp.WebAppContext' (OnClassCondition)

   EmbeddedWebServerFactoryCustomizerAutoConfiguration.NettyWebServerFactoryCustomizerConfiguration:
      Did not match:
         - @ConditionalOnClass did not find required class 'reactor.netty.http.server.HttpServer' (OnClassCondition)

   EmbeddedWebServerFactoryCustomizerAutoConfiguration.TomcatWebServerFactoryCustomizerConfiguration#tomcatVirtualThreadsProtocolHandlerCustomizer:
      Did not match:
         - @ConditionalOnThreading did not find VIRTUAL (OnThreadingCondition)

   EmbeddedWebServerFactoryCustomizerAutoConfiguration.UndertowWebServerFactoryCustomizerConfiguration:
      Did not match:
         - @ConditionalOnClass did not find required classes 'io.undertow.Undertow', 'org.xnio.SslClientAuthMode' (OnClassCondition)

   ErrorWebFluxAutoConfiguration:
      Did not match:
         - @ConditionalOnClass did not find required class 'org.springframework.web.reactive.config.WebFluxConfigurer' (OnClassCondition)

   FlywayAutoConfiguration:
      Did not match:
         - @ConditionalOnClass did not find required class 'org.flywaydb.core.Flyway' (OnClassCondition)

   FreeMarkerAutoConfiguration:
      Did not match:
         - @ConditionalOnClass did not find required class 'freemarker.template.Configuration' (OnClassCondition)

   GraphQlAutoConfiguration:
      Did not match:
         - @ConditionalOnClass did not find required class 'graphql.GraphQL' (OnClassCondition)

   GraphQlQueryByExampleAutoConfiguration:
      Did not match:
         - @ConditionalOnClass did not find required class 'graphql.GraphQL' (OnClassCondition)

   GraphQlQuerydslAutoConfiguration:
      Did not match:
         - @ConditionalOnClass did not find required class 'com.querydsl.core.Query' (OnClassCondition)

   GraphQlRSocketAutoConfiguration:
      Did not match:
         - @ConditionalOnClass did not find required class 'graphql.GraphQL' (OnClassCondition)

   GraphQlReactiveQueryByExampleAutoConfiguration:
      Did not match:
         - @ConditionalOnClass did not find required class 'graphql.GraphQL' (OnClassCondition)

   GraphQlReactiveQuerydslAutoConfiguration:
      Did not match:
         - @ConditionalOnClass did not find required class 'com.querydsl.core.Query' (OnClassCondition)

   GraphQlWebFluxAutoConfiguration:
      Did not match:
         - @ConditionalOnClass did not find required class 'graphql.GraphQL' (OnClassCondition)

   GraphQlWebFluxSecurityAutoConfiguration:
      Did not match:
         - @ConditionalOnClass did not find required class 'graphql.GraphQL' (OnClassCondition)

   GraphQlWebMvcAutoConfiguration:
      Did not match:
         - @ConditionalOnClass did not find required class 'graphql.GraphQL' (OnClassCondition)

   GraphQlWebMvcSecurityAutoConfiguration:
      Did not match:
         - @ConditionalOnClass did not find required class 'graphql.GraphQL' (OnClassCondition)

   GroovyTemplateAutoConfiguration:
      Did not match:
         - @ConditionalOnClass did not find required class 'groovy.text.markup.MarkupTemplateEngine' (OnClassCondition)

   GsonAutoConfiguration:
      Did not match:
         - @ConditionalOnClass did not find required class 'com.google.gson.Gson' (OnClassCondition)

   GsonHttpMessageConvertersConfiguration:
      Did not match:
         - @ConditionalOnClass did not find required class 'com.google.gson.Gson' (OnClassCondition)

   H2ConsoleAutoConfiguration:
      Did not match:
         - @ConditionalOnProperty (spring.h2.console.enabled=true) found different value in property 'enabled' (OnPropertyCondition)
      Matched:
         - @ConditionalOnClass found required class 'org.h2.server.web.JakartaWebServlet' (OnClassCondition)
         - found 'session' scope (OnWebApplicationCondition)

   HazelcastAutoConfiguration:
      Did not match:
         - @ConditionalOnClass did not find required class 'com.hazelcast.core.HazelcastInstance' (OnClassCondition)

   HazelcastCacheConfiguration:
      Did not match:
         - @ConditionalOnClass did not find required class 'com.hazelcast.core.HazelcastInstance' (OnClassCondition)

   HazelcastJpaDependencyAutoConfiguration:
      Did not match:
         - @ConditionalOnClass did not find required class 'com.hazelcast.core.HazelcastInstance' (OnClassCondition)

   HttpHandlerAutoConfiguration:
      Did not match:
         - @ConditionalOnClass did not find required class 'org.springframework.web.reactive.DispatcherHandler' (OnClassCondition)

   HypermediaAutoConfiguration:
      Did not match:
         - @ConditionalOnClass did not find required class 'org.springframework.hateoas.EntityModel' (OnClassCondition)

   InfinispanCacheConfiguration:
      Did not match:
         - @ConditionalOnClass did not find required class 'org.infinispan.spring.embedded.provider.SpringEmbeddedCacheManager' (OnClassCondition)

   InfluxDbAutoConfiguration:
      Did not match:
         - @ConditionalOnClass did not find required class 'org.influxdb.InfluxDB' (OnClassCondition)

   IntegrationAutoConfiguration:
      Did not match:
         - @ConditionalOnClass did not find required class 'org.springframework.integration.config.EnableIntegration' (OnClassCondition)

   JCacheCacheConfiguration:
      Did not match:
         - @ConditionalOnClass did not find required class 'javax.cache.Caching' (OnClassCondition)

   JacksonHttpMessageConvertersConfiguration.MappingJackson2XmlHttpMessageConverterConfiguration:
      Did not match:
         - @ConditionalOnClass did not find required class 'com.fasterxml.jackson.dataformat.xml.XmlMapper' (OnClassCondition)

   JdbcRepositoriesAutoConfiguration:
      Did not match:
         - @ConditionalOnClass did not find required class 'org.springframework.data.jdbc.repository.config.AbstractJdbcConfiguration' (OnClassCondition)

   JerseyAutoConfiguration:
      Did not match:
         - @ConditionalOnClass did not find required class 'org.glassfish.jersey.server.spring.SpringComponentProvider' (OnClassCondition)

   JmsAutoConfiguration:
      Did not match:
         - @ConditionalOnClass did not find required class 'jakarta.jms.Message' (OnClassCondition)

   JmxAutoConfiguration:
      Did not match:
         - @ConditionalOnProperty (spring.jmx.enabled=true) did not find property 'enabled' (OnPropertyCondition)
      Matched:
         - @ConditionalOnClass found required class 'org.springframework.jmx.export.MBeanExporter' (OnClassCondition)

   JndiConnectionFactoryAutoConfiguration:
      Did not match:
         - @ConditionalOnClass did not find required class 'org.springframework.jms.core.JmsTemplate' (OnClassCondition)

   JndiDataSourceAutoConfiguration:
      Did not match:
         - @ConditionalOnProperty (spring.datasource.jndi-name) did not find property 'jndi-name' (OnPropertyCondition)
      Matched:
         - @ConditionalOnClass found required classes 'javax.sql.DataSource', 'org.springframework.jdbc.datasource.embedded.EmbeddedDatabaseType' (OnClassCondition)

   JndiJtaConfiguration:
      Did not match:
         - @ConditionalOnJndi JNDI environment is not available (OnJndiCondition)
      Matched:
         - @ConditionalOnClass found required class 'org.springframework.transaction.jta.JtaTransactionManager' (OnClassCondition)

   JooqAutoConfiguration:
      Did not match:
         - @ConditionalOnClass did not find required class 'org.jooq.DSLContext' (OnClassCondition)

   JpaBaseConfiguration.JpaWebConfiguration:
      Did not match:
         - @ConditionalOnProperty (spring.jpa.open-in-view=true) found different value in property 'open-in-view' (OnPropertyCondition)
      Matched:
         - @ConditionalOnClass found required class 'org.springframework.web.servlet.config.annotation.WebMvcConfigurer' (OnClassCondition)
         - found 'session' scope (OnWebApplicationCondition)

   JpaRepositoriesAutoConfiguration#entityManagerFactoryBootstrapExecutorCustomizer:
      Did not match:
         - AnyNestedCondition 0 matched 2 did not; NestedCondition on JpaRepositoriesAutoConfiguration.BootstrapExecutorCondition.LazyBootstrapMode @ConditionalOnProperty (spring.data.jpa.repositories.bootstrap-mode=lazy) did not find property 'bootstrap-mode'; NestedCondition on JpaRepositoriesAutoConfiguration.BootstrapExecutorCondition.DeferredBootstrapMode @ConditionalOnProperty (spring.data.jpa.repositories.bootstrap-mode=deferred) did not find property 'bootstrap-mode' (JpaRepositoriesAutoConfiguration.BootstrapExecutorCondition)

   JsonbAutoConfiguration:
      Did not match:
         - @ConditionalOnClass did not find required class 'jakarta.json.bind.Jsonb' (OnClassCondition)

   JsonbHttpMessageConvertersConfiguration:
      Did not match:
         - @ConditionalOnClass did not find required class 'jakarta.json.bind.Jsonb' (OnClassCondition)

   KafkaAutoConfiguration:
      Did not match:
         - @ConditionalOnClass did not find required class 'org.springframework.kafka.core.KafkaTemplate' (OnClassCondition)

   LdapAutoConfiguration:
      Did not match:
         - @ConditionalOnClass did not find required class 'org.springframework.ldap.core.ContextSource' (OnClassCondition)

   LdapRepositoriesAutoConfiguration:
      Did not match:
         - @ConditionalOnClass did not find required class 'org.springframework.data.ldap.repository.LdapRepository' (OnClassCondition)

   LiquibaseAutoConfiguration:
      Did not match:
         - @ConditionalOnClass did not find required class 'liquibase.change.DatabaseChange' (OnClassCondition)

   MailSenderJndiConfiguration:
      Did not match:
         - @ConditionalOnProperty (spring.mail.jndi-name) did not find property 'jndi-name' (OnPropertyCondition)
      Matched:
         - @ConditionalOnClass found required class 'jakarta.mail.Session' (OnClassCondition)

   MailSenderValidatorAutoConfiguration:
      Did not match:
         - @ConditionalOnProperty (spring.mail.test-connection) found different value in property 'test-connection' (OnPropertyCondition)

   MessageSourceAutoConfiguration:
      Did not match:
         - ResourceBundle did not find bundle with basename messages (MessageSourceAutoConfiguration.ResourceBundleCondition)

   MongoAutoConfiguration:
      Did not match:
         - @ConditionalOnClass did not find required class 'com.mongodb.client.MongoClient' (OnClassCondition)

   MongoDataAutoConfiguration:
      Did not match:
         - @ConditionalOnClass did not find required class 'com.mongodb.client.MongoClient' (OnClassCondition)

   MongoReactiveAutoConfiguration:
      Did not match:
         - @ConditionalOnClass did not find required class 'com.mongodb.reactivestreams.client.MongoClient' (OnClassCondition)

   MongoReactiveDataAutoConfiguration:
      Did not match:
         - @ConditionalOnClass did not find required class 'com.mongodb.reactivestreams.client.MongoClient' (OnClassCondition)

   MongoReactiveRepositoriesAutoConfiguration:
      Did not match:
         - @ConditionalOnClass did not find required class 'com.mongodb.reactivestreams.client.MongoClient' (OnClassCondition)

   MongoRepositoriesAutoConfiguration:
      Did not match:
         - @ConditionalOnClass did not find required class 'com.mongodb.client.MongoClient' (OnClassCondition)

   MultipleOpenApiSupportConfiguration:
      Did not match:
         - AnyNestedCondition 0 matched 2 did not; NestedCondition on MultipleOpenApiSupportCondition.OnActuatorDifferentPort @ConditionalOnProperty (springdoc.show-actuator) did not find property 'springdoc.show-actuator'; NestedCondition on MultipleOpenApiSupportCondition.OnMultipleOpenApiSupportCondition AnyNestedCondition 0 matched 3 did not; NestedCondition on MultipleOpenApiGroupsCondition.OnListGroupedOpenApiBean @ConditionalOnBean (types: org.springdoc.core.models.GroupedOpenApi; SearchStrategy: all) did not find any beans of type org.springdoc.core.models.GroupedOpenApi; NestedCondition on MultipleOpenApiGroupsCondition.OnGroupConfigProperty @ConditionalOnProperty (springdoc.group-configs[0].group) did not find property 'springdoc.group-configs[0].group'; NestedCondition on MultipleOpenApiGroupsCondition.OnGroupedOpenApiBean @ConditionalOnBean (types: org.springdoc.core.models.GroupedOpenApi; SearchStrategy: all) did not find any beans of type org.springdoc.core.models.GroupedOpenApi (MultipleOpenApiSupportCondition)
      Matched:
         - found 'session' scope (OnWebApplicationCondition)
         - @ConditionalOnProperty (springdoc.api-docs.enabled) matched (OnPropertyCondition)

   MultipleOpenApiSupportConfiguration.SpringDocWebMvcActuatorDifferentConfiguration:
      Did not match:
         - @ConditionalOnClass did not find required class 'org.springframework.boot.actuate.endpoint.web.servlet.WebMvcEndpointHandlerMapping' (OnClassCondition)
         - Ancestor org.springdoc.webmvc.core.configuration.MultipleOpenApiSupportConfiguration did not match (ConditionEvaluationReport.AncestorsMatchedCondition)

   MustacheAutoConfiguration:
      Did not match:
         - @ConditionalOnClass did not find required class 'com.samskivert.mustache.Mustache' (OnClassCondition)

   Neo4jAutoConfiguration:
      Did not match:
         - @ConditionalOnClass did not find required class 'org.neo4j.driver.Driver' (OnClassCondition)

   Neo4jDataAutoConfiguration:
      Did not match:
         - @ConditionalOnClass did not find required class 'org.neo4j.driver.Driver' (OnClassCondition)

   Neo4jReactiveDataAutoConfiguration:
      Did not match:
         - @ConditionalOnClass did not find required class 'org.neo4j.driver.Driver' (OnClassCondition)

   Neo4jReactiveRepositoriesAutoConfiguration:
      Did not match:
         - @ConditionalOnClass did not find required class 'org.neo4j.driver.Driver' (OnClassCondition)

   Neo4jRepositoriesAutoConfiguration:
      Did not match:
         - @ConditionalOnClass did not find required class 'org.neo4j.driver.Driver' (OnClassCondition)

   NettyAutoConfiguration:
      Did not match:
         - @ConditionalOnClass did not find required class 'io.netty.util.NettyRuntime' (OnClassCondition)

   OAuth2AuthorizationServerAutoConfiguration:
      Did not match:
         - @ConditionalOnClass did not find required class 'org.springframework.security.oauth2.server.authorization.OAuth2Authorization' (OnClassCondition)

   OAuth2AuthorizationServerJwtAutoConfiguration:
      Did not match:
         - @ConditionalOnClass did not find required class 'org.springframework.security.oauth2.server.authorization.OAuth2Authorization' (OnClassCondition)

   OAuth2ClientAutoConfiguration:
      Did not match:
         - @ConditionalOnClass did not find required class 'org.springframework.security.oauth2.client.registration.ClientRegistration' (OnClassCondition)

   OAuth2ResourceServerAutoConfiguration:
      Did not match:
         - @ConditionalOnClass did not find required class 'org.springframework.security.oauth2.server.resource.authentication.BearerTokenAuthenticationToken' (OnClassCondition)

   ProductSheetImporter:
      Did not match:
         - @ConditionalOnProperty (app.product-import.enabled=true) did not find property 'app.product-import.enabled' (OnPropertyCondition)

   ProjectInfoAutoConfiguration#buildProperties:
      Did not match:
         - @ConditionalOnResource did not find resource '${spring.info.build.location:classpath:META-INF/build-info.properties}' (OnResourceCondition)

   ProjectInfoAutoConfiguration#gitProperties:
      Did not match:
         - GitResource did not find git info at classpath:git.properties (ProjectInfoAutoConfiguration.GitResourceAvailableCondition)

   PulsarAutoConfiguration:
      Did not match:
         - @ConditionalOnClass did not find required class 'org.apache.pulsar.client.api.PulsarClient' (OnClassCondition)

   PulsarReactiveAutoConfiguration:
      Did not match:
         - @ConditionalOnClass did not find required class 'org.apache.pulsar.client.api.PulsarClient' (OnClassCondition)

   QuartzAutoConfiguration:
      Did not match:
         - @ConditionalOnClass did not find required class 'org.quartz.Scheduler' (OnClassCondition)

   R2dbcAutoConfiguration:
      Did not match:
         - @ConditionalOnClass did not find required class 'io.r2dbc.spi.ConnectionFactory' (OnClassCondition)

   R2dbcDataAutoConfiguration:
      Did not match:
         - @ConditionalOnClass did not find required class 'org.springframework.data.r2dbc.core.R2dbcEntityTemplate' (OnClassCondition)

   R2dbcInitializationConfiguration:
      Did not match:
         - @ConditionalOnClass did not find required classes 'io.r2dbc.spi.ConnectionFactory', 'org.springframework.r2dbc.connection.init.DatabasePopulator' (OnClassCondition)

   R2dbcRepositoriesAutoConfiguration:
      Did not match:
         - @ConditionalOnClass did not find required class 'io.r2dbc.spi.ConnectionFactory' (OnClassCondition)

   R2dbcTransactionManagerAutoConfiguration:
      Did not match:
         - @ConditionalOnClass did not find required class 'org.springframework.r2dbc.connection.R2dbcTransactionManager' (OnClassCondition)

   RSocketGraphQlClientAutoConfiguration:
      Did not match:
         - @ConditionalOnClass did not find required class 'graphql.GraphQL' (OnClassCondition)

   RSocketMessagingAutoConfiguration:
      Did not match:
         - @ConditionalOnClass did not find required class 'io.rsocket.RSocket' (OnClassCondition)

   RSocketRequesterAutoConfiguration:
      Did not match:
         - @ConditionalOnClass did not find required class 'io.rsocket.RSocket' (OnClassCondition)

   RSocketSecurityAutoConfiguration:
      Did not match:
         - @ConditionalOnClass did not find required class 'org.springframework.security.rsocket.core.SecuritySocketAcceptorInterceptor' (OnClassCondition)

   RSocketServerAutoConfiguration:
      Did not match:
         - @ConditionalOnClass did not find required class 'io.rsocket.core.RSocketServer' (OnClassCondition)

   RSocketStrategiesAutoConfiguration:
      Did not match:
         - @ConditionalOnClass did not find required class 'io.netty.buffer.PooledByteBufAllocator' (OnClassCondition)

   RabbitAutoConfiguration:
      Did not match:
         - @ConditionalOnClass did not find required class 'com.rabbitmq.client.Channel' (OnClassCondition)

   ReactiveElasticsearchClientAutoConfiguration:
      Did not match:
         - @ConditionalOnClass did not find required class 'co.elastic.clients.transport.ElasticsearchTransport' (OnClassCondition)

   ReactiveElasticsearchRepositoriesAutoConfiguration:
      Did not match:
         - @ConditionalOnClass did not find required class 'reactor.core.publisher.Mono' (OnClassCondition)

   ReactiveMultipartAutoConfiguration:
      Did not match:
         - @ConditionalOnClass did not find required class 'org.springframework.web.reactive.config.WebFluxConfigurer' (OnClassCondition)

   ReactiveOAuth2ClientAutoConfiguration:
      Did not match:
         - @ConditionalOnClass did not find required class 'reactor.core.publisher.Flux' (OnClassCondition)

   ReactiveOAuth2ResourceServerAutoConfiguration:
      Did not match:
         - @ConditionalOnWebApplication did not find reactive web application classes (OnWebApplicationCondition)

   ReactiveSecurityAutoConfiguration:
      Did not match:
         - @ConditionalOnClass did not find required class 'reactor.core.publisher.Flux' (OnClassCondition)

   ReactiveUserDetailsServiceAutoConfiguration:
      Did not match:
         - AnyNestedCondition 0 matched 2 did not; NestedCondition on ReactiveUserDetailsServiceAutoConfiguration.RSocketEnabledOrReactiveWebApplication.ReactiveWebApplicationCondition did not find reactive web application classes; NestedCondition on ReactiveUserDetailsServiceAutoConfiguration.RSocketEnabledOrReactiveWebApplication.RSocketSecurityEnabledCondition @ConditionalOnBean (types: org.springframework.messaging.rsocket.annotation.support.RSocketMessageHandler; SearchStrategy: all) did not find any beans of type org.springframework.messaging.rsocket.annotation.support.RSocketMessageHandler (ReactiveUserDetailsServiceAutoConfiguration.RSocketEnabledOrReactiveWebApplication)
      Matched:
         - @ConditionalOnClass found required class 'org.springframework.security.authentication.ReactiveAuthenticationManager' (OnClassCondition)
         - AnyNestedCondition 1 matched 2 did not; NestedCondition on ReactiveUserDetailsServiceAutoConfiguration.MissingAlternativeOrUserPropertiesConfigured.PasswordConfigured @ConditionalOnProperty (spring.security.user.password) did not find property 'password'; NestedCondition on ReactiveUserDetailsServiceAutoConfiguration.MissingAlternativeOrUserPropertiesConfigured.NameConfigured @ConditionalOnProperty (spring.security.user.name) did not find property 'name'; NestedCondition on ReactiveUserDetailsServiceAutoConfiguration.MissingAlternativeOrUserPropertiesConfigured.MissingAlternative @ConditionalOnMissingClass did not find unwanted classes 'org.springframework.security.oauth2.client.registration.ClientRegistrationRepository', 'org.springframework.security.oauth2.server.resource.introspection.ReactiveOpaqueTokenIntrospector' (ReactiveUserDetailsServiceAutoConfiguration.MissingAlternativeOrUserPropertiesConfigured)

   ReactiveWebServerFactoryAutoConfiguration:
      Did not match:
         - @ConditionalOnWebApplication did not find reactive web application classes (OnWebApplicationCondition)

   ReactorAutoConfiguration:
      Did not match:
         - @ConditionalOnClass did not find required class 'reactor.core.publisher.Hooks' (OnClassCondition)

   RedisAutoConfiguration:
      Did not match:
         - @ConditionalOnClass did not find required class 'org.springframework.data.redis.core.RedisOperations' (OnClassCondition)

   RedisCacheConfiguration:
      Did not match:
         - @ConditionalOnClass did not find required class 'org.springframework.data.redis.connection.RedisConnectionFactory' (OnClassCondition)

   RedisReactiveAutoConfiguration:
      Did not match:
         - @ConditionalOnClass did not find required class 'reactor.core.publisher.Flux' (OnClassCondition)

   RedisRepositoriesAutoConfiguration:
      Did not match:
         - @ConditionalOnClass did not find required class 'org.springframework.data.redis.repository.configuration.EnableRedisRepositories' (OnClassCondition)

   RepositoryRestMvcAutoConfiguration:
      Did not match:
         - @ConditionalOnClass did not find required class 'org.springframework.data.rest.webmvc.config.RepositoryRestMvcConfiguration' (OnClassCondition)

   Saml2RelyingPartyAutoConfiguration:
      Did not match:
         - @ConditionalOnClass did not find required class 'org.springframework.security.saml2.provider.service.registration.RelyingPartyRegistrationRepository' (OnClassCondition)

   SecurityDataConfiguration:
      Did not match:
         - @ConditionalOnClass did not find required class 'org.springframework.security.data.repository.query.SecurityEvaluationContextExtension' (OnClassCondition)

   SendGridAutoConfiguration:
      Did not match:
         - @ConditionalOnClass did not find required class 'com.sendgrid.SendGrid' (OnClassCondition)

   ServletWebServerFactoryAutoConfiguration.ForwardedHeaderFilterConfiguration:
      Did not match:
         - @ConditionalOnProperty (server.forward-headers-strategy=framework) did not find property 'server.forward-headers-strategy' (OnPropertyCondition)

   ServletWebServerFactoryConfiguration.EmbeddedJetty:
      Did not match:
         - @ConditionalOnClass did not find required classes 'org.eclipse.jetty.server.Server', 'org.eclipse.jetty.util.Loader', 'org.eclipse.jetty.ee10.webapp.WebAppContext' (OnClassCondition)

   ServletWebServerFactoryConfiguration.EmbeddedUndertow:
      Did not match:
         - @ConditionalOnClass did not find required classes 'io.undertow.Undertow', 'org.xnio.SslClientAuthMode' (OnClassCondition)

   SessionAutoConfiguration:
      Did not match:
         - @ConditionalOnClass did not find required class 'org.springframework.session.Session' (OnClassCondition)

   SpringApplicationAdminJmxAutoConfiguration:
      Did not match:
         - @ConditionalOnProperty (spring.application.admin.enabled=true) did not find property 'enabled' (OnPropertyCondition)

   SpringBootWebSecurityConfiguration.SecurityFilterChainConfiguration:
      Did not match:
         - AllNestedConditions 1 matched 1 did not; NestedCondition on DefaultWebSecurityCondition.Beans @ConditionalOnMissingBean (types: org.springframework.security.web.SecurityFilterChain; SearchStrategy: all) found beans of type 'org.springframework.security.web.SecurityFilterChain' securityFilterChain; NestedCondition on DefaultWebSecurityCondition.Classes @ConditionalOnClass found required classes 'org.springframework.security.web.SecurityFilterChain', 'org.springframework.security.config.annotation.web.builders.HttpSecurity' (DefaultWebSecurityCondition)

   SpringDocConfiguration#propertiesResolverForSchema:
      Did not match:
         - @ConditionalOnProperty (springdoc.api-docs.resolve-schema-properties) did not find property 'springdoc.api-docs.resolve-schema-properties' (OnPropertyCondition)

   SpringDocConfiguration#propertyCustomizingConverter:
      Did not match:
         - @ConditionalOnBean (types: org.springdoc.core.customizers.PropertyCustomizer; SearchStrategy: all) did not find any beans of type org.springdoc.core.customizers.PropertyCustomizer (OnBeanCondition)

   SpringDocConfiguration#springdocBeanFactoryPostProcessor:
      Did not match:
         - AnyNestedCondition 0 matched 2 did not; NestedCondition on CacheOrGroupedOpenApiCondition.OnCacheDisabled found non-matching nested conditions @ConditionalOnProperty (springdoc.cache.disabled) did not find property 'springdoc.cache.disabled'; NestedCondition on CacheOrGroupedOpenApiCondition.OnMultipleOpenApiSupportCondition AnyNestedCondition 0 matched 2 did not; NestedCondition on MultipleOpenApiSupportCondition.OnActuatorDifferentPort @ConditionalOnProperty (springdoc.show-actuator) did not find property 'springdoc.show-actuator'; NestedCondition on MultipleOpenApiSupportCondition.OnMultipleOpenApiSupportCondition AnyNestedCondition 0 matched 3 did not; NestedCondition on MultipleOpenApiGroupsCondition.OnListGroupedOpenApiBean @ConditionalOnBean (types: org.springdoc.core.models.GroupedOpenApi; SearchStrategy: all) did not find any beans of type org.springdoc.core.models.GroupedOpenApi; NestedCondition on MultipleOpenApiGroupsCondition.OnGroupConfigProperty @ConditionalOnProperty (springdoc.group-configs[0].group) did not find property 'springdoc.group-configs[0].group'; NestedCondition on MultipleOpenApiGroupsCondition.OnGroupedOpenApiBean @ConditionalOnBean (types: org.springdoc.core.models.GroupedOpenApi; SearchStrategy: all) did not find any beans of type org.springdoc.core.models.GroupedOpenApi (CacheOrGroupedOpenApiCondition)
      Matched:
         - @ConditionalOnClass found required class 'org.springframework.boot.context.properties.bind.BindResult' (OnClassCondition)

   SpringDocConfiguration#springdocBeanFactoryPostProcessor2:
      Did not match:
         - @ConditionalOnMissingClass found unwanted class 'org.springframework.boot.context.properties.bind.BindResult' (OnClassCondition)

   SpringDocConfiguration.SpringDocActuatorConfiguration:
      Did not match:
         - @ConditionalOnClass did not find required class 'org.springframework.boot.actuate.autoconfigure.endpoint.web.WebEndpointProperties' (OnClassCondition)

   SpringDocConfiguration.SpringDocRepositoryRestConfiguration:
      Did not match:
         - @ConditionalOnClass did not find required class 'org.springframework.data.rest.core.config.RepositoryRestConfiguration' (OnClassCondition)

   SpringDocConfiguration.SpringDocWebFluxSupportConfiguration:
      Did not match:
         - @ConditionalOnClass did not find required class 'reactor.core.publisher.Flux' (OnClassCondition)

   SpringDocDataRestConfiguration:
      Did not match:
         - @ConditionalOnClass did not find required class 'org.springframework.data.rest.core.config.RepositoryRestConfiguration' (OnClassCondition)

   SpringDocFunctionCatalogConfiguration:
      Did not match:
         - @ConditionalOnClass did not find required class 'org.springframework.cloud.function.web.function.FunctionEndpointInitializer' (OnClassCondition)

   SpringDocGroovyConfiguration:
      Did not match:
         - @ConditionalOnClass did not find required class 'groovy.lang.MetaClass' (OnClassCondition)

   SpringDocHateoasConfiguration:
      Did not match:
         - @ConditionalOnClass did not find required class 'org.springframework.hateoas.server.LinkRelationProvider' (OnClassCondition)

   SpringDocJacksonKotlinModuleConfiguration:
      Did not match:
         - @ConditionalOnClass did not find required class 'com.fasterxml.jackson.module.kotlin.KotlinModule' (OnClassCondition)

   SpringDocJavadocConfiguration:
      Did not match:
         - @ConditionalOnClass did not find required class 'com.github.therapi.runtimejavadoc.CommentFormatter' (OnClassCondition)

   SpringDocKotlinxConfiguration:
      Did not match:
         - @ConditionalOnClass did not find required class 'kotlinx.coroutines.flow.Flow' (OnClassCondition)

   SpringDocSecurityConfiguration.SpringDocSecurityOAuth2ClientConfiguration:
      Did not match:
         - @ConditionalOnClass did not find required class 'org.springframework.security.oauth2.client.annotation.RegisteredOAuth2AuthorizedClient' (OnClassCondition)

   SpringDocSecurityConfiguration.SpringDocSecurityOAuth2Configuration:
      Did not match:
         - @ConditionalOnClass did not find required class 'org.springframework.security.oauth2.server.authorization.OAuth2AuthorizationService' (OnClassCondition)

   SpringDocSecurityConfiguration.SpringSecurityLoginEndpointConfiguration#springSecurityLoginEndpointCustomiser:
      Did not match:
         - @ConditionalOnProperty (springdoc.show-login-endpoint) did not find property 'springdoc.show-login-endpoint' (OnPropertyCondition)

   SpringDocSortConfiguration#delegatingMethodParameterCustomizer:
      Did not match:
         - @ConditionalOnMissingBean (types: org.springdoc.core.customizers.DelegatingMethodParameterCustomizer; SearchStrategy: all) found beans of type 'org.springdoc.core.customizers.DelegatingMethodParameterCustomizer' delegatingMethodParameterCustomizer (OnBeanCondition)

   SpringDocWebMvcConfiguration.SpringDocWebMvcActuatorConfiguration:
      Did not match:
         - @ConditionalOnClass did not find required class 'org.springframework.boot.actuate.endpoint.web.servlet.WebMvcEndpointHandlerMapping' (OnClassCondition)

   SwaggerConfig#springWebProvider:
      Did not match:
         - @ConditionalOnMissingBean (types: org.springdoc.core.providers.SpringWebProvider; SearchStrategy: all) found beans of type 'org.springdoc.core.providers.SpringWebProvider' springWebProvider (OnBeanCondition)

   SwaggerConfig#swaggerUiConfigParameters:
      Did not match:
         - @ConditionalOnMissingBean (types: org.springdoc.core.properties.SwaggerUiConfigParameters; SearchStrategy: all) found beans of type 'org.springdoc.core.properties.SwaggerUiConfigParameters' org.springdoc.core.properties.SwaggerUiConfigParameters (OnBeanCondition)

   SwaggerConfig#swaggerUiHome:
      Did not match:
         - @ConditionalOnProperty (springdoc.swagger-ui.use-root-path=true) did not find property 'springdoc.swagger-ui.use-root-path' (OnPropertyCondition)

   SwaggerConfig.SwaggerActuatorWelcomeConfiguration:
      Did not match:
         - @ConditionalOnClass did not find required class 'org.springframework.boot.actuate.endpoint.web.servlet.WebMvcEndpointHandlerMapping' (OnClassCondition)

   TaskExecutorConfigurations.SimpleAsyncTaskExecutorBuilderConfiguration#simpleAsyncTaskExecutorBuilderVirtualThreads:
      Did not match:
         - @ConditionalOnMissingBean (types: org.springframework.boot.task.SimpleAsyncTaskExecutorBuilder; SearchStrategy: all) found beans of type 'org.springframework.boot.task.SimpleAsyncTaskExecutorBuilder' simpleAsyncTaskExecutorBuilder (OnBeanCondition)

   TaskExecutorConfigurations.TaskExecutorConfiguration#applicationTaskExecutorVirtualThreads:
      Did not match:
         - @ConditionalOnThreading did not find VIRTUAL (OnThreadingCondition)

   TaskSchedulingAutoConfiguration#scheduledBeanLazyInitializationExcludeFilter:
      Did not match:
         - @ConditionalOnBean (names: org.springframework.context.annotation.internalScheduledAnnotationProcessor; SearchStrategy: all) did not find any beans named org.springframework.context.annotation.internalScheduledAnnotationProcessor (OnBeanCondition)

   TaskSchedulingConfigurations.SimpleAsyncTaskSchedulerBuilderConfiguration#simpleAsyncTaskSchedulerBuilderVirtualThreads:
      Did not match:
         - @ConditionalOnMissingBean (types: org.springframework.boot.task.SimpleAsyncTaskSchedulerBuilder; SearchStrategy: all) found beans of type 'org.springframework.boot.task.SimpleAsyncTaskSchedulerBuilder' simpleAsyncTaskSchedulerBuilder (OnBeanCondition)

   TaskSchedulingConfigurations.TaskSchedulerConfiguration:
      Did not match:
         - @ConditionalOnBean (names: org.springframework.context.annotation.internalScheduledAnnotationProcessor; SearchStrategy: all) did not find any beans named org.springframework.context.annotation.internalScheduledAnnotationProcessor (OnBeanCondition)

   ThymeleafAutoConfiguration:
      Did not match:
         - @ConditionalOnClass did not find required class 'org.thymeleaf.spring6.SpringTemplateEngine' (OnClassCondition)

   TransactionAutoConfiguration#transactionalOperator:
      Did not match:
         - @ConditionalOnSingleCandidate (types: org.springframework.transaction.ReactiveTransactionManager; SearchStrategy: all) did not find any beans (OnBeanCondition)

   TransactionAutoConfiguration.AspectJTransactionManagementConfiguration:
      Did not match:
         - @ConditionalOnBean (types: org.springframework.transaction.aspectj.AbstractTransactionAspect; SearchStrategy: all) did not find any beans of type org.springframework.transaction.aspectj.AbstractTransactionAspect (OnBeanCondition)

   TransactionAutoConfiguration.EnableTransactionManagementConfiguration.JdkDynamicAutoProxyConfiguration:
      Did not match:
         - @ConditionalOnProperty (spring.aop.proxy-target-class=false) did not find property 'proxy-target-class' (OnPropertyCondition)

   UserDetailsServiceAutoConfiguration:
      Did not match:
         - @ConditionalOnMissingBean (types: org.springframework.security.authentication.AuthenticationManager,org.springframework.security.authentication.AuthenticationProvider,org.springframework.security.core.userdetails.UserDetailsService,org.springframework.security.authentication.AuthenticationManagerResolver,org.springframework.security.oauth2.jwt.JwtDecoder; SearchStrategy: all) found beans of type 'org.springframework.security.authentication.AuthenticationManager' authenticationManager and found beans of type 'org.springframework.security.core.userdetails.UserDetailsService' customUserDetailsService (OnBeanCondition)
      Matched:
         - @ConditionalOnClass found required class 'org.springframework.security.authentication.AuthenticationManager' (OnClassCondition)
         - AnyNestedCondition 1 matched 2 did not; NestedCondition on UserDetailsServiceAutoConfiguration.MissingAlternativeOrUserPropertiesConfigured.PasswordConfigured @ConditionalOnProperty (spring.security.user.password) did not find property 'password'; NestedCondition on UserDetailsServiceAutoConfiguration.MissingAlternativeOrUserPropertiesConfigured.NameConfigured @ConditionalOnProperty (spring.security.user.name) did not find property 'name'; NestedCondition on UserDetailsServiceAutoConfiguration.MissingAlternativeOrUserPropertiesConfigured.MissingAlternative @ConditionalOnMissingClass did not find unwanted classes 'org.springframework.security.oauth2.client.registration.ClientRegistrationRepository', 'org.springframework.security.oauth2.server.resource.introspection.OpaqueTokenIntrospector', 'org.springframework.security.saml2.provider.service.registration.RelyingPartyRegistrationRepository' (UserDetailsServiceAutoConfiguration.MissingAlternativeOrUserPropertiesConfigured)

   WebClientAutoConfiguration:
      Did not match:
         - @ConditionalOnClass did not find required class 'org.springframework.web.reactive.function.client.WebClient' (OnClassCondition)

   WebFluxAutoConfiguration:
      Did not match:
         - @ConditionalOnClass did not find required class 'org.springframework.web.reactive.config.WebFluxConfigurer' (OnClassCondition)

   WebMvcAutoConfiguration#hiddenHttpMethodFilter:
      Did not match:
         - @ConditionalOnProperty (spring.mvc.hiddenmethod.filter.enabled) did not find property 'enabled' (OnPropertyCondition)

   WebMvcAutoConfiguration.ProblemDetailsErrorHandlingConfiguration:
      Did not match:
         - @ConditionalOnProperty (spring.mvc.problemdetails.enabled=true) did not find property 'enabled' (OnPropertyCondition)

   WebMvcAutoConfiguration.ResourceChainCustomizerConfiguration:
      Did not match:
         - @ConditionalOnEnabledResourceChain did not find class org.webjars.WebJarAssetLocator (OnEnabledResourceChainCondition)

   WebMvcAutoConfiguration.WebMvcAutoConfigurationAdapter#beanNameViewResolver:
      Did not match:
         - @ConditionalOnMissingBean (types: org.springframework.web.servlet.view.BeanNameViewResolver; SearchStrategy: all) found beans of type 'org.springframework.web.servlet.view.BeanNameViewResolver' beanNameViewResolver (OnBeanCondition)

   WebServiceTemplateAutoConfiguration:
      Did not match:
         - @ConditionalOnClass did not find required class 'org.springframework.oxm.Marshaller' (OnClassCondition)

   WebServicesAutoConfiguration:
      Did not match:
         - @ConditionalOnClass did not find required class 'org.springframework.ws.transport.http.MessageDispatcherServlet' (OnClassCondition)

   WebSessionIdResolverAutoConfiguration:
      Did not match:
         - @ConditionalOnClass did not find required class 'reactor.core.publisher.Mono' (OnClassCondition)

   WebSocketMessagingAutoConfiguration:
      Did not match:
         - @ConditionalOnClass did not find required class 'org.springframework.web.socket.config.annotation.WebSocketMessageBrokerConfigurer' (OnClassCondition)

   WebSocketReactiveAutoConfiguration:
      Did not match:
         - @ConditionalOnWebApplication did not find reactive web application classes (OnWebApplicationCondition)

   WebSocketServletAutoConfiguration.JettyWebSocketConfiguration:
      Did not match:
         - @ConditionalOnClass did not find required class 'org.eclipse.jetty.ee10.websocket.jakarta.server.config.JakartaWebSocketServletContainerInitializer' (OnClassCondition)

   WebSocketServletAutoConfiguration.UndertowWebSocketConfiguration:
      Did not match:
         - @ConditionalOnClass did not find required class 'io.undertow.websockets.jsr.Bootstrap' (OnClassCondition)

   XADataSourceAutoConfiguration:
      Did not match:
         - @ConditionalOnBean (types: org.springframework.boot.jdbc.XADataSourceWrapper; SearchStrategy: all) did not find any beans of type org.springframework.boot.jdbc.XADataSourceWrapper (OnBeanCondition)
      Matched:
         - @ConditionalOnClass found required classes 'javax.sql.DataSource', 'jakarta.transaction.TransactionManager', 'org.springframework.jdbc.datasource.embedded.EmbeddedDatabaseType' (OnClassCondition)


Exclusions:
-----------

    None


Unconditional classes:
----------------------

    org.springframework.boot.autoconfigure.context.ConfigurationPropertiesAutoConfiguration

    org.springframework.boot.autoconfigure.ssl.SslAutoConfiguration

    org.springframework.boot.autoconfigure.context.PropertyPlaceholderAutoConfiguration

    org.springframework.boot.autoconfigure.context.LifecycleAutoConfiguration

    org.springdoc.core.configuration.SpringDocSpecPropertiesConfiguration

    org.springframework.boot.autoconfigure.availability.ApplicationAvailabilityAutoConfiguration

    org.springframework.boot.autoconfigure.info.ProjectInfoAutoConfiguration



2026-08-06T01:50:33.111+05:30  INFO 3972 --- [clickkaar-backend] [           main] c.clickkaar.ClickkaarBackendApplication  : Started ClickkaarBackendApplication in 7.397 seconds (process running for 7.94)
2026-08-06T01:50:33.111+05:30 DEBUG 3972 --- [clickkaar-backend] [           main] o.s.b.a.ApplicationAvailabilityBean      : Application availability state LivenessState changed to CORRECT
2026-08-06T01:50:33.114+05:30 DEBUG 3972 --- [clickkaar-backend] [           main] o.s.jdbc.core.JdbcTemplate               : Executing SQL statement [alter table bookings modify status varchar(32) not null]
2026-08-06T01:50:33.139+05:30  INFO 3972 --- [clickkaar-backend] [           main] c.clickkaar.config.DatabaseSchemaFixer   : Ensured bookings.status can store all booking statuses
2026-08-06T01:50:33.140+05:30 DEBUG 3972 --- [clickkaar-backend] [           main] o.s.jdbc.core.JdbcTemplate               : Executing SQL statement [alter table otps modify mobile varchar(255) null]
2026-08-06T01:50:33.147+05:30 DEBUG 3972 --- [clickkaar-backend] [           main] o.s.jdbc.core.JdbcTemplate               : Executing SQL statement [alter table otps modify email varchar(255) null]
2026-08-06T01:50:33.155+05:30  INFO 3972 --- [clickkaar-backend] [           main] c.clickkaar.config.DatabaseSchemaFixer   : Ensured otps.email and otps.mobile can be nullable
2026-08-06T01:50:33.253+05:30 DEBUG 3972 --- [clickkaar-backend] [           main] org.hibernate.SQL                        : 
    select
        r1_0.id,
        r1_0.name 
    from
        roles r1_0 
    where
        r1_0.name=?
2026-08-06T01:50:33.268+05:30 DEBUG 3972 --- [clickkaar-backend] [           main] org.hibernate.SQL                        : 
    select
        r1_0.id,
        r1_0.name 
    from
        roles r1_0 
    where
        r1_0.name=?
2026-08-06T01:50:33.270+05:30 DEBUG 3972 --- [clickkaar-backend] [           main] org.hibernate.SQL                        : 
    select
        r1_0.id,
        r1_0.name 
    from
        roles r1_0 
    where
        r1_0.name=?
2026-08-06T01:50:33.271+05:30 DEBUG 3972 --- [clickkaar-backend] [           main] org.hibernate.SQL                        : 
    select
        r1_0.id,
        r1_0.name 
    from
        roles r1_0 
    where
        r1_0.name=?
2026-08-06T01:50:33.273+05:30 DEBUG 3972 --- [clickkaar-backend] [           main] org.hibernate.SQL                        : 
    select
        r1_0.id,
        r1_0.name 
    from
        roles r1_0 
    where
        r1_0.name=?
2026-08-06T01:50:33.275+05:30 DEBUG 3972 --- [clickkaar-backend] [           main] org.hibernate.SQL                        : 
    select
        r1_0.id,
        r1_0.name 
    from
        roles r1_0 
    where
        r1_0.name=?
2026-08-06T01:50:33.278+05:30 DEBUG 3972 --- [clickkaar-backend] [           main] org.hibernate.SQL                        : 
    select
        u1_0.id,
        u1_0.alternate_contact_number,
        u1_0.city,
        u1_0.company_bonafide_letter_document_name,
        u1_0.company_name,
        u1_0.country,
        u1_0.created_at,
        u1_0.current_address,
        u1_0.dob,
        u1_0.driving_license_document_name,
        u1_0.electricity_bill_document_name,
        u1_0.email,
        u1_0.enabled,
        u1_0.first_name,
        u1_0.full_name,
        u1_0.gender,
        u1_0.last_name,
        u1_0.mobile,
        u1_0.mobile_verified,
        u1_0.occupation,
        u1_0.password,
        u1_0.photo_document_name,
        u1_0.pincode,
        u1_0.rent_agreement_document_name,
        u1_0.residence_type,
        u1_0.social_media_profile,
        u1_0.state,
        u1_0.updated_at 
    from
        users u1_0 
    where
        u1_0.email=?
2026-08-06T01:50:33.291+05:30 DEBUG 3972 --- [clickkaar-backend] [           main] org.hibernate.SQL                        : 
    select
        r1_0.user_id,
        r1_1.id,
        r1_1.name 
    from
        user_roles r1_0 
    join
        roles r1_1 
            on r1_1.id=r1_0.role_id 
    where
        r1_0.user_id=?
2026-08-06T01:50:33.297+05:30 DEBUG 3972 --- [clickkaar-backend] [           main] org.hibernate.SQL                        : 
    select
        u1_0.id,
        u1_0.alternate_contact_number,
        u1_0.city,
        u1_0.company_bonafide_letter_document_name,
        u1_0.company_name,
        u1_0.country,
        u1_0.created_at,
        u1_0.current_address,
        u1_0.dob,
        u1_0.driving_license_document_name,
        u1_0.electricity_bill_document_name,
        u1_0.email,
        u1_0.enabled,
        u1_0.first_name,
        u1_0.full_name,
        u1_0.gender,
        u1_0.last_name,
        u1_0.mobile,
        u1_0.mobile_verified,
        u1_0.occupation,
        u1_0.password,
        u1_0.photo_document_name,
        u1_0.pincode,
        u1_0.rent_agreement_document_name,
        u1_0.residence_type,
        u1_0.social_media_profile,
        u1_0.state,
        u1_0.updated_at 
    from
        users u1_0 
    where
        u1_0.email=?
2026-08-06T01:50:33.298+05:30 DEBUG 3972 --- [clickkaar-backend] [           main] org.hibernate.SQL                        : 
    select
        r1_0.user_id,
        r1_1.id,
        r1_1.name 
    from
        user_roles r1_0 
    join
        roles r1_1 
            on r1_1.id=r1_0.role_id 
    where
        r1_0.user_id=?
2026-08-06T01:50:33.301+05:30 DEBUG 3972 --- [clickkaar-backend] [           main] org.hibernate.SQL                        : 
    select
        u1_0.id,
        u1_0.alternate_contact_number,
        u1_0.city,
        u1_0.company_bonafide_letter_document_name,
        u1_0.company_name,
        u1_0.country,
        u1_0.created_at,
        u1_0.current_address,
        u1_0.dob,
        u1_0.driving_license_document_name,
        u1_0.electricity_bill_document_name,
        u1_0.email,
        u1_0.enabled,
        u1_0.first_name,
        u1_0.full_name,
        u1_0.gender,
        u1_0.last_name,
        u1_0.mobile,
        u1_0.mobile_verified,
        u1_0.occupation,
        u1_0.password,
        u1_0.photo_document_name,
        u1_0.pincode,
        u1_0.rent_agreement_document_name,
        u1_0.residence_type,
        u1_0.social_media_profile,
        u1_0.state,
        u1_0.updated_at 
    from
        users u1_0 
    where
        u1_0.email=?
2026-08-06T01:50:33.302+05:30 DEBUG 3972 --- [clickkaar-backend] [           main] org.hibernate.SQL                        : 
    select
        r1_0.user_id,
        r1_1.id,
        r1_1.name 
    from
        user_roles r1_0 
    join
        roles r1_1 
            on r1_1.id=r1_0.role_id 
    where
        r1_0.user_id=?
2026-08-06T01:50:33.305+05:30 DEBUG 3972 --- [clickkaar-backend] [           main] org.hibernate.SQL                        : 
    select
        u1_0.id,
        u1_0.alternate_contact_number,
        u1_0.city,
        u1_0.company_bonafide_letter_document_name,
        u1_0.company_name,
        u1_0.country,
        u1_0.created_at,
        u1_0.current_address,
        u1_0.dob,
        u1_0.driving_license_document_name,
        u1_0.electricity_bill_document_name,
        u1_0.email,
        u1_0.enabled,
        u1_0.first_name,
        u1_0.full_name,
        u1_0.gender,
        u1_0.last_name,
        u1_0.mobile,
        u1_0.mobile_verified,
        u1_0.occupation,
        u1_0.password,
        u1_0.photo_document_name,
        u1_0.pincode,
        u1_0.rent_agreement_document_name,
        u1_0.residence_type,
        u1_0.social_media_profile,
        u1_0.state,
        u1_0.updated_at 
    from
        users u1_0 
    where
        u1_0.email=?
2026-08-06T01:50:33.306+05:30 DEBUG 3972 --- [clickkaar-backend] [           main] org.hibernate.SQL                        : 
    select
        r1_0.user_id,
        r1_1.id,
        r1_1.name 
    from
        user_roles r1_0 
    join
        roles r1_1 
            on r1_1.id=r1_0.role_id 
    where
        r1_0.user_id=?
2026-08-06T01:50:33.309+05:30 DEBUG 3972 --- [clickkaar-backend] [           main] org.hibernate.SQL                        : 
    select
        c1_0.id,
        c1_0.created_at,
        c1_0.description,
        c1_0.display_name,
        c1_0.name,
        c1_0.updated_at 
    from
        categories c1_0 
    where
        c1_0.name=?
2026-08-06T01:50:33.312+05:30 DEBUG 3972 --- [clickkaar-backend] [           main] org.hibernate.SQL                        : 
    select
        c1_0.id,
        c1_0.created_at,
        c1_0.description,
        c1_0.display_name,
        c1_0.name,
        c1_0.updated_at 
    from
        categories c1_0 
    where
        c1_0.name=?
2026-08-06T01:50:33.314+05:30 DEBUG 3972 --- [clickkaar-backend] [           main] org.hibernate.SQL                        : 
    select
        c1_0.id,
        c1_0.created_at,
        c1_0.description,
        c1_0.display_name,
        c1_0.name,
        c1_0.updated_at 
    from
        categories c1_0 
    where
        c1_0.name=?
2026-08-06T01:50:33.316+05:30 DEBUG 3972 --- [clickkaar-backend] [           main] org.hibernate.SQL                        : 
    select
        c1_0.id,
        c1_0.created_at,
        c1_0.description,
        c1_0.display_name,
        c1_0.name,
        c1_0.updated_at 
    from
        categories c1_0 
    where
        c1_0.name=?
2026-08-06T01:50:33.318+05:30 DEBUG 3972 --- [clickkaar-backend] [           main] org.hibernate.SQL                        : 
    select
        c1_0.id,
        c1_0.created_at,
        c1_0.description,
        c1_0.display_name,
        c1_0.name,
        c1_0.updated_at 
    from
        categories c1_0 
    where
        c1_0.name=?
2026-08-06T01:50:33.320+05:30 DEBUG 3972 --- [clickkaar-backend] [           main] org.hibernate.SQL                        : 
    select
        c1_0.id,
        c1_0.created_at,
        c1_0.description,
        c1_0.display_name,
        c1_0.name,
        c1_0.updated_at 
    from
        categories c1_0 
    where
        c1_0.name=?
2026-08-06T01:50:33.326+05:30 DEBUG 3972 --- [clickkaar-backend] [           main] org.hibernate.SQL                        : 
    select
        p1_0.id,
        p1_0.availability_status,
        p1_0.brand,
        p1_0.category_id,
        p1_0.created_at,
        p1_0.daily_price,
        p1_0.full_description,
        p1_0.image_link,
        p1_0.invoice_url,
        p1_0.link_1,
        p1_0.link_2,
        p1_0.name,
        p1_0.short_description,
        p1_0.specs,
        p1_0.stock,
        p1_0.updated_at,
        p1_0.warranty_date,
        p1_0.weekly_price 
    from
        products p1_0 
    where
        upper(p1_0.name)=upper(?)
2026-08-06T01:50:33.334+05:30 DEBUG 3972 --- [clickkaar-backend] [           main] org.hibernate.SQL                        : 
    select
        c1_0.id,
        c1_0.created_at,
        c1_0.description,
        c1_0.display_name,
        c1_0.name,
        c1_0.updated_at 
    from
        categories c1_0 
    where
        c1_0.id=?
2026-08-06T01:50:33.338+05:30 DEBUG 3972 --- [clickkaar-backend] [           main] org.hibernate.SQL                        : 
    select
        p1_0.id,
        p1_0.availability_status,
        p1_0.brand,
        p1_0.category_id,
        p1_0.created_at,
        p1_0.daily_price,
        p1_0.full_description,
        p1_0.image_link,
        p1_0.invoice_url,
        p1_0.link_1,
        p1_0.link_2,
        p1_0.name,
        p1_0.short_description,
        p1_0.specs,
        p1_0.stock,
        p1_0.updated_at,
        p1_0.warranty_date,
        p1_0.weekly_price 
    from
        products p1_0 
    where
        upper(p1_0.name)=upper(?)
2026-08-06T01:50:33.340+05:30 DEBUG 3972 --- [clickkaar-backend] [           main] org.hibernate.SQL                        : 
    select
        c1_0.id,
        c1_0.created_at,
        c1_0.description,
        c1_0.display_name,
        c1_0.name,
        c1_0.updated_at 
    from
        categories c1_0 
    where
        c1_0.id=?
2026-08-06T01:50:33.342+05:30 DEBUG 3972 --- [clickkaar-backend] [           main] org.hibernate.SQL                        : 
    select
        p1_0.id,
        p1_0.availability_status,
        p1_0.brand,
        p1_0.category_id,
        p1_0.created_at,
        p1_0.daily_price,
        p1_0.full_description,
        p1_0.image_link,
        p1_0.invoice_url,
        p1_0.link_1,
        p1_0.link_2,
        p1_0.name,
        p1_0.short_description,
        p1_0.specs,
        p1_0.stock,
        p1_0.updated_at,
        p1_0.warranty_date,
        p1_0.weekly_price 
    from
        products p1_0 
    where
        upper(p1_0.name)=upper(?)
2026-08-06T01:50:33.343+05:30 DEBUG 3972 --- [clickkaar-backend] [           main] org.hibernate.SQL                        : 
    select
        c1_0.id,
        c1_0.created_at,
        c1_0.description,
        c1_0.display_name,
        c1_0.name,
        c1_0.updated_at 
    from
        categories c1_0 
    where
        c1_0.id=?
2026-08-06T01:50:33.345+05:30 DEBUG 3972 --- [clickkaar-backend] [           main] org.hibernate.SQL                        : 
    select
        p1_0.id,
        p1_0.availability_status,
        p1_0.brand,
        p1_0.category_id,
        p1_0.created_at,
        p1_0.daily_price,
        p1_0.full_description,
        p1_0.image_link,
        p1_0.invoice_url,
        p1_0.link_1,
        p1_0.link_2,
        p1_0.name,
        p1_0.short_description,
        p1_0.specs,
        p1_0.stock,
        p1_0.updated_at,
        p1_0.warranty_date,
        p1_0.weekly_price 
    from
        products p1_0 
    where
        upper(p1_0.name)=upper(?)
2026-08-06T01:50:33.346+05:30 DEBUG 3972 --- [clickkaar-backend] [           main] org.hibernate.SQL                        : 
    select
        c1_0.id,
        c1_0.created_at,
        c1_0.description,
        c1_0.display_name,
        c1_0.name,
        c1_0.updated_at 
    from
        categories c1_0 
    where
        c1_0.id=?
2026-08-06T01:50:33.349+05:30 DEBUG 3972 --- [clickkaar-backend] [           main] org.hibernate.SQL                        : 
    select
        p1_0.id,
        p1_0.availability_status,
        p1_0.brand,
        p1_0.category_id,
        p1_0.created_at,
        p1_0.daily_price,
        p1_0.full_description,
        p1_0.image_link,
        p1_0.invoice_url,
        p1_0.link_1,
        p1_0.link_2,
        p1_0.name,
        p1_0.short_description,
        p1_0.specs,
        p1_0.stock,
        p1_0.updated_at,
        p1_0.warranty_date,
        p1_0.weekly_price 
    from
        products p1_0 
    where
        upper(p1_0.name)=upper(?)
2026-08-06T01:50:33.350+05:30 DEBUG 3972 --- [clickkaar-backend] [           main] org.hibernate.SQL                        : 
    select
        c1_0.id,
        c1_0.created_at,
        c1_0.description,
        c1_0.display_name,
        c1_0.name,
        c1_0.updated_at 
    from
        categories c1_0 
    where
        c1_0.id=?
2026-08-06T01:50:33.353+05:30 DEBUG 3972 --- [clickkaar-backend] [           main] org.hibernate.SQL                        : 
    select
        p1_0.id,
        p1_0.availability_status,
        p1_0.brand,
        p1_0.category_id,
        p1_0.created_at,
        p1_0.daily_price,
        p1_0.full_description,
        p1_0.image_link,
        p1_0.invoice_url,
        p1_0.link_1,
        p1_0.link_2,
        p1_0.name,
        p1_0.short_description,
        p1_0.specs,
        p1_0.stock,
        p1_0.updated_at,
        p1_0.warranty_date,
        p1_0.weekly_price 
    from
        products p1_0 
    where
        upper(p1_0.name)=upper(?)
2026-08-06T01:50:33.354+05:30 DEBUG 3972 --- [clickkaar-backend] [           main] org.hibernate.SQL                        : 
    select
        c1_0.id,
        c1_0.created_at,
        c1_0.description,
        c1_0.display_name,
        c1_0.name,
        c1_0.updated_at 
    from
        categories c1_0 
    where
        c1_0.id=?
2026-08-06T01:50:33.356+05:30 DEBUG 3972 --- [clickkaar-backend] [           main] org.hibernate.SQL                        : 
    select
        p1_0.id,
        p1_0.availability_status,
        p1_0.brand,
        p1_0.category_id,
        p1_0.created_at,
        p1_0.daily_price,
        p1_0.full_description,
        p1_0.image_link,
        p1_0.invoice_url,
        p1_0.link_1,
        p1_0.link_2,
        p1_0.name,
        p1_0.short_description,
        p1_0.specs,
        p1_0.stock,
        p1_0.updated_at,
        p1_0.warranty_date,
        p1_0.weekly_price 
    from
        products p1_0 
    where
        upper(p1_0.name)=upper(?)
2026-08-06T01:50:33.357+05:30 DEBUG 3972 --- [clickkaar-backend] [           main] org.hibernate.SQL                        : 
    select
        c1_0.id,
        c1_0.created_at,
        c1_0.description,
        c1_0.display_name,
        c1_0.name,
        c1_0.updated_at 
    from
        categories c1_0 
    where
        c1_0.id=?
2026-08-06T01:50:33.359+05:30 DEBUG 3972 --- [clickkaar-backend] [           main] org.hibernate.SQL                        : 
    select
        p1_0.id,
        p1_0.availability_status,
        p1_0.brand,
        p1_0.category_id,
        p1_0.created_at,
        p1_0.daily_price,
        p1_0.full_description,
        p1_0.image_link,
        p1_0.invoice_url,
        p1_0.link_1,
        p1_0.link_2,
        p1_0.name,
        p1_0.short_description,
        p1_0.specs,
        p1_0.stock,
        p1_0.updated_at,
        p1_0.warranty_date,
        p1_0.weekly_price 
    from
        products p1_0 
    where
        upper(p1_0.name)=upper(?)
2026-08-06T01:50:33.360+05:30 DEBUG 3972 --- [clickkaar-backend] [           main] org.hibernate.SQL                        : 
    select
        c1_0.id,
        c1_0.created_at,
        c1_0.description,
        c1_0.display_name,
        c1_0.name,
        c1_0.updated_at 
    from
        categories c1_0 
    where
        c1_0.id=?
2026-08-06T01:50:33.363+05:30 DEBUG 3972 --- [clickkaar-backend] [           main] org.hibernate.SQL                        : 
    select
        bp1_0.id,
        bp1_0.author_name,
        bp1_0.category,
        bp1_0.content,
        bp1_0.cover_image,
        bp1_0.created_at,
        bp1_0.publish_date,
        bp1_0.seo_description,
        bp1_0.seo_keywords,
        bp1_0.seo_title,
        bp1_0.slug,
        bp1_0.status,
        bp1_0.tags,
        bp1_0.title,
        bp1_0.updated_at 
    from
        blog_posts bp1_0 
    where
        bp1_0.slug=?
2026-08-06T01:50:33.366+05:30 DEBUG 3972 --- [clickkaar-backend] [           main] org.hibernate.SQL                        : 
    select
        bp1_0.id,
        bp1_0.author_name,
        bp1_0.category,
        bp1_0.content,
        bp1_0.cover_image,
        bp1_0.created_at,
        bp1_0.publish_date,
        bp1_0.seo_description,
        bp1_0.seo_keywords,
        bp1_0.seo_title,
        bp1_0.slug,
        bp1_0.status,
        bp1_0.tags,
        bp1_0.title,
        bp1_0.updated_at 
    from
        blog_posts bp1_0 
    where
        bp1_0.slug=?
2026-08-06T01:50:33.368+05:30 DEBUG 3972 --- [clickkaar-backend] [           main] org.hibernate.SQL                        : 
    select
        bp1_0.id,
        bp1_0.author_name,
        bp1_0.category,
        bp1_0.content,
        bp1_0.cover_image,
        bp1_0.created_at,
        bp1_0.publish_date,
        bp1_0.seo_description,
        bp1_0.seo_keywords,
        bp1_0.seo_title,
        bp1_0.slug,
        bp1_0.status,
        bp1_0.tags,
        bp1_0.title,
        bp1_0.updated_at 
    from
        blog_posts bp1_0 
    where
        bp1_0.slug=?
2026-08-06T01:50:33.370+05:30 DEBUG 3972 --- [clickkaar-backend] [           main] org.hibernate.SQL                        : 
    select
        bp1_0.id,
        bp1_0.author_name,
        bp1_0.category,
        bp1_0.content,
        bp1_0.cover_image,
        bp1_0.created_at,
        bp1_0.publish_date,
        bp1_0.seo_description,
        bp1_0.seo_keywords,
        bp1_0.seo_title,
        bp1_0.slug,
        bp1_0.status,
        bp1_0.tags,
        bp1_0.title,
        bp1_0.updated_at 
    from
        blog_posts bp1_0 
    where
        bp1_0.slug=?
2026-08-06T01:50:33.372+05:30 DEBUG 3972 --- [clickkaar-backend] [           main] org.hibernate.SQL                        : 
    select
        bp1_0.id,
        bp1_0.author_name,
        bp1_0.category,
        bp1_0.content,
        bp1_0.cover_image,
        bp1_0.created_at,
        bp1_0.publish_date,
        bp1_0.seo_description,
        bp1_0.seo_keywords,
        bp1_0.seo_title,
        bp1_0.slug,
        bp1_0.status,
        bp1_0.tags,
        bp1_0.title,
        bp1_0.updated_at 
    from
        blog_posts bp1_0 
    where
        bp1_0.slug=?
2026-08-06T01:50:33.388+05:30 DEBUG 3972 --- [clickkaar-backend] [           main] org.hibernate.SQL                        : 
    select
        count(*) 
    from
        faqs f1_0
2026-08-06T01:50:33.393+05:30 DEBUG 3972 --- [clickkaar-backend] [           main] org.hibernate.SQL                        : 
    select
        count(*) 
    from
        gallery_images gi1_0
2026-08-06T01:50:33.400+05:30 DEBUG 3972 --- [clickkaar-backend] [           main] org.hibernate.SQL                        : 
    select
        cr1_0.id 
    from
        customer_reviews cr1_0 
    where
        upper(cr1_0.name)=upper(?) 
        and upper(cr1_0.quote)=upper(?) 
    limit
        ?
2026-08-06T01:50:33.403+05:30 DEBUG 3972 --- [clickkaar-backend] [           main] org.hibernate.SQL                        : 
    select
        cr1_0.id 
    from
        customer_reviews cr1_0 
    where
        upper(cr1_0.name)=upper(?) 
        and upper(cr1_0.quote)=upper(?) 
    limit
        ?
2026-08-06T01:50:33.405+05:30 DEBUG 3972 --- [clickkaar-backend] [           main] org.hibernate.SQL                        : 
    select
        cr1_0.id 
    from
        customer_reviews cr1_0 
    where
        upper(cr1_0.name)=upper(?) 
        and upper(cr1_0.quote)=upper(?) 
    limit
        ?
2026-08-06T01:50:33.407+05:30 DEBUG 3972 --- [clickkaar-backend] [           main] org.hibernate.SQL                        : 
    select
        cr1_0.id 
    from
        customer_reviews cr1_0 
    where
        upper(cr1_0.name)=upper(?) 
        and upper(cr1_0.quote)=upper(?) 
    limit
        ?
2026-08-06T01:50:33.408+05:30 DEBUG 3972 --- [clickkaar-backend] [           main] org.hibernate.SQL                        : 
    select
        cr1_0.id 
    from
        customer_reviews cr1_0 
    where
        upper(cr1_0.name)=upper(?) 
        and upper(cr1_0.quote)=upper(?) 
    limit
        ?
2026-08-06T01:50:33.410+05:30 DEBUG 3972 --- [clickkaar-backend] [           main] org.hibernate.SQL                        : 
    select
        cr1_0.id 
    from
        customer_reviews cr1_0 
    where
        upper(cr1_0.name)=upper(?) 
        and upper(cr1_0.quote)=upper(?) 
    limit
        ?
2026-08-06T01:50:33.412+05:30 DEBUG 3972 --- [clickkaar-backend] [           main] org.hibernate.SQL                        : 
    select
        sc1_0.id,
        sc1_0.content,
        sc1_0.created_at,
        sc1_0.page_key,
        sc1_0.updated_at 
    from
        static_contents sc1_0 
    where
        sc1_0.page_key=?
2026-08-06T01:50:33.415+05:30 DEBUG 3972 --- [clickkaar-backend] [           main] org.hibernate.SQL                        : 
    select
        sc1_0.id,
        sc1_0.content,
        sc1_0.created_at,
        sc1_0.page_key,
        sc1_0.updated_at 
    from
        static_contents sc1_0 
    where
        sc1_0.page_key=?
2026-08-06T01:50:33.417+05:30 DEBUG 3972 --- [clickkaar-backend] [           main] org.hibernate.SQL                        : 
    select
        sc1_0.id,
        sc1_0.content,
        sc1_0.created_at,
        sc1_0.page_key,
        sc1_0.updated_at 
    from
        static_contents sc1_0 
    where
        sc1_0.page_key=?
2026-08-06T01:50:33.419+05:30 DEBUG 3972 --- [clickkaar-backend] [           main] org.hibernate.SQL                        : 
    select
        sc1_0.id,
        sc1_0.content,
        sc1_0.created_at,
        sc1_0.page_key,
        sc1_0.updated_at 
    from
        static_contents sc1_0 
    where
        sc1_0.page_key=?
2026-08-06T01:50:33.420+05:30 DEBUG 3972 --- [clickkaar-backend] [           main] org.hibernate.SQL                        : 
    select
        u1_0.id,
        u1_0.alternate_contact_number,
        u1_0.city,
        u1_0.company_bonafide_letter_document_name,
        u1_0.company_name,
        u1_0.country,
        u1_0.created_at,
        u1_0.current_address,
        u1_0.dob,
        u1_0.driving_license_document_name,
        u1_0.electricity_bill_document_name,
        u1_0.email,
        u1_0.enabled,
        u1_0.first_name,
        u1_0.full_name,
        u1_0.gender,
        u1_0.last_name,
        u1_0.mobile,
        u1_0.mobile_verified,
        u1_0.occupation,
        u1_0.password,
        u1_0.photo_document_name,
        u1_0.pincode,
        u1_0.rent_agreement_document_name,
        u1_0.residence_type,
        u1_0.social_media_profile,
        u1_0.state,
        u1_0.updated_at 
    from
        users u1_0 
    where
        u1_0.email=?
2026-08-06T01:50:33.421+05:30 DEBUG 3972 --- [clickkaar-backend] [           main] org.hibernate.SQL                        : 
    select
        r1_0.user_id,
        r1_1.id,
        r1_1.name 
    from
        user_roles r1_0 
    join
        roles r1_1 
            on r1_1.id=r1_0.role_id 
    where
        r1_0.user_id=?
2026-08-06T01:50:33.423+05:30 DEBUG 3972 --- [clickkaar-backend] [           main] org.hibernate.SQL                        : 
    select
        u1_0.id,
        u1_0.alternate_contact_number,
        u1_0.city,
        u1_0.company_bonafide_letter_document_name,
        u1_0.company_name,
        u1_0.country,
        u1_0.created_at,
        u1_0.current_address,
        u1_0.dob,
        u1_0.driving_license_document_name,
        u1_0.electricity_bill_document_name,
        u1_0.email,
        u1_0.enabled,
        u1_0.first_name,
        u1_0.full_name,
        u1_0.gender,
        u1_0.last_name,
        u1_0.mobile,
        u1_0.mobile_verified,
        u1_0.occupation,
        u1_0.password,
        u1_0.photo_document_name,
        u1_0.pincode,
        u1_0.rent_agreement_document_name,
        u1_0.residence_type,
        u1_0.social_media_profile,
        u1_0.state,
        u1_0.updated_at 
    from
        users u1_0 
    where
        u1_0.email=?
2026-08-06T01:50:33.424+05:30 DEBUG 3972 --- [clickkaar-backend] [           main] org.hibernate.SQL                        : 
    select
        r1_0.user_id,
        r1_1.id,
        r1_1.name 
    from
        user_roles r1_0 
    join
        roles r1_1 
            on r1_1.id=r1_0.role_id 
    where
        r1_0.user_id=?
2026-08-06T01:50:33.426+05:30 DEBUG 3972 --- [clickkaar-backend] [           main] org.hibernate.SQL                        : 
    select
        u1_0.id,
        u1_0.alternate_contact_number,
        u1_0.city,
        u1_0.company_bonafide_letter_document_name,
        u1_0.company_name,
        u1_0.country,
        u1_0.created_at,
        u1_0.current_address,
        u1_0.dob,
        u1_0.driving_license_document_name,
        u1_0.electricity_bill_document_name,
        u1_0.email,
        u1_0.enabled,
        u1_0.first_name,
        u1_0.full_name,
        u1_0.gender,
        u1_0.last_name,
        u1_0.mobile,
        u1_0.mobile_verified,
        u1_0.occupation,
        u1_0.password,
        u1_0.photo_document_name,
        u1_0.pincode,
        u1_0.rent_agreement_document_name,
        u1_0.residence_type,
        u1_0.social_media_profile,
        u1_0.state,
        u1_0.updated_at 
    from
        users u1_0 
    where
        u1_0.email=?
2026-08-06T01:50:33.427+05:30 DEBUG 3972 --- [clickkaar-backend] [           main] org.hibernate.SQL                        : 
    select
        r1_0.user_id,
        r1_1.id,
        r1_1.name 
    from
        user_roles r1_0 
    join
        roles r1_1 
            on r1_1.id=r1_0.role_id 
    where
        r1_0.user_id=?
2026-08-06T01:50:33.429+05:30 DEBUG 3972 --- [clickkaar-backend] [           main] org.hibernate.SQL                        : 
    select
        u1_0.id,
        u1_0.alternate_contact_number,
        u1_0.city,
        u1_0.company_bonafide_letter_document_name,
        u1_0.company_name,
        u1_0.country,
        u1_0.created_at,
        u1_0.current_address,
        u1_0.dob,
        u1_0.driving_license_document_name,
        u1_0.electricity_bill_document_name,
        u1_0.email,
        u1_0.enabled,
        u1_0.first_name,
        u1_0.full_name,
        u1_0.gender,
        u1_0.last_name,
        u1_0.mobile,
        u1_0.mobile_verified,
        u1_0.occupation,
        u1_0.password,
        u1_0.photo_document_name,
        u1_0.pincode,
        u1_0.rent_agreement_document_name,
        u1_0.residence_type,
        u1_0.social_media_profile,
        u1_0.state,
        u1_0.updated_at 
    from
        users u1_0 
    where
        u1_0.email=?
2026-08-06T01:50:33.430+05:30 DEBUG 3972 --- [clickkaar-backend] [           main] org.hibernate.SQL                        : 
    select
        r1_0.user_id,
        r1_1.id,
        r1_1.name 
    from
        user_roles r1_0 
    join
        roles r1_1 
            on r1_1.id=r1_0.role_id 
    where
        r1_0.user_id=?
2026-08-06T01:50:33.434+05:30 DEBUG 3972 --- [clickkaar-backend] [           main] org.hibernate.SQL                        : 
    select
        p1_0.id,
        p1_0.availability_status,
        p1_0.brand,
        p1_0.category_id,
        p1_0.created_at,
        p1_0.daily_price,
        p1_0.full_description,
        p1_0.image_link,
        p1_0.invoice_url,
        p1_0.link_1,
        p1_0.link_2,
        p1_0.name,
        p1_0.short_description,
        p1_0.specs,
        p1_0.stock,
        p1_0.updated_at,
        p1_0.warranty_date,
        p1_0.weekly_price 
    from
        products p1_0
2026-08-06T01:50:33.435+05:30 DEBUG 3972 --- [clickkaar-backend] [           main] org.hibernate.SQL                        : 
    select
        c1_0.id,
        c1_0.created_at,
        c1_0.description,
        c1_0.display_name,
        c1_0.name,
        c1_0.updated_at 
    from
        categories c1_0 
    where
        c1_0.id=?
2026-08-06T01:50:33.437+05:30 DEBUG 3972 --- [clickkaar-backend] [           main] org.hibernate.SQL                        : 
    select
        c1_0.id,
        c1_0.created_at,
        c1_0.description,
        c1_0.display_name,
        c1_0.name,
        c1_0.updated_at 
    from
        categories c1_0 
    where
        c1_0.id=?
2026-08-06T01:50:33.441+05:30 DEBUG 3972 --- [clickkaar-backend] [           main] org.hibernate.SQL                        : 
    select
        c1_0.id,
        c1_0.created_at,
        c1_0.description,
        c1_0.display_name,
        c1_0.name,
        c1_0.updated_at 
    from
        categories c1_0 
    where
        c1_0.id=?
2026-08-06T01:50:33.443+05:30 DEBUG 3972 --- [clickkaar-backend] [           main] org.hibernate.SQL                        : 
    select
        c1_0.id,
        c1_0.created_at,
        c1_0.description,
        c1_0.display_name,
        c1_0.name,
        c1_0.updated_at 
    from
        categories c1_0 
    where
        c1_0.id=?
2026-08-06T01:50:33.446+05:30 DEBUG 3972 --- [clickkaar-backend] [           main] org.hibernate.SQL                        : 
    select
        c1_0.id,
        c1_0.created_at,
        c1_0.description,
        c1_0.display_name,
        c1_0.name,
        c1_0.updated_at 
    from
        categories c1_0 
    where
        c1_0.id=?
2026-08-06T01:50:33.447+05:30 DEBUG 3972 --- [clickkaar-backend] [           main] org.hibernate.SQL                        : 
    select
        c1_0.id,
        c1_0.created_at,
        c1_0.description,
        c1_0.display_name,
        c1_0.name,
        c1_0.updated_at 
    from
        categories c1_0 
    where
        c1_0.id=?
2026-08-06T01:50:33.454+05:30 DEBUG 3972 --- [clickkaar-backend] [           main] org.hibernate.SQL                        : 
    select
        w1_0.id 
    from
        wishlists w1_0 
    where
        w1_0.user_id=? 
        and w1_0.product_id=? 
    limit
        ?
2026-08-06T01:50:33.458+05:30 DEBUG 3972 --- [clickkaar-backend] [           main] org.hibernate.SQL                        : 
    select
        w1_0.id 
    from
        wishlists w1_0 
    where
        w1_0.user_id=? 
        and w1_0.product_id=? 
    limit
        ?
2026-08-06T01:50:33.459+05:30 DEBUG 3972 --- [clickkaar-backend] [           main] org.hibernate.SQL                        : 
    select
        w1_0.id 
    from
        wishlists w1_0 
    where
        w1_0.user_id=? 
        and w1_0.product_id=? 
    limit
        ?
2026-08-06T01:50:33.461+05:30 DEBUG 3972 --- [clickkaar-backend] [           main] org.hibernate.SQL                        : 
    select
        w1_0.id 
    from
        wishlists w1_0 
    where
        w1_0.user_id=? 
        and w1_0.product_id=? 
    limit
        ?
2026-08-06T01:50:33.463+05:30 DEBUG 3972 --- [clickkaar-backend] [           main] org.hibernate.SQL                        : 
    select
        p1_0.id,
        p1_0.availability_status,
        p1_0.brand,
        p1_0.category_id,
        p1_0.created_at,
        p1_0.daily_price,
        p1_0.full_description,
        p1_0.image_link,
        p1_0.invoice_url,
        p1_0.link_1,
        p1_0.link_2,
        p1_0.name,
        p1_0.short_description,
        p1_0.specs,
        p1_0.stock,
        p1_0.updated_at,
        p1_0.warranty_date,
        p1_0.weekly_price 
    from
        products p1_0
2026-08-06T01:50:33.464+05:30 DEBUG 3972 --- [clickkaar-backend] [           main] org.hibernate.SQL                        : 
    select
        c1_0.id,
        c1_0.created_at,
        c1_0.description,
        c1_0.display_name,
        c1_0.name,
        c1_0.updated_at 
    from
        categories c1_0 
    where
        c1_0.id=?
2026-08-06T01:50:33.466+05:30 DEBUG 3972 --- [clickkaar-backend] [           main] org.hibernate.SQL                        : 
    select
        c1_0.id,
        c1_0.created_at,
        c1_0.description,
        c1_0.display_name,
        c1_0.name,
        c1_0.updated_at 
    from
        categories c1_0 
    where
        c1_0.id=?
2026-08-06T01:50:33.468+05:30 DEBUG 3972 --- [clickkaar-backend] [           main] org.hibernate.SQL                        : 
    select
        c1_0.id,
        c1_0.created_at,
        c1_0.description,
        c1_0.display_name,
        c1_0.name,
        c1_0.updated_at 
    from
        categories c1_0 
    where
        c1_0.id=?
2026-08-06T01:50:33.469+05:30 DEBUG 3972 --- [clickkaar-backend] [           main] org.hibernate.SQL                        : 
    select
        c1_0.id,
        c1_0.created_at,
        c1_0.description,
        c1_0.display_name,
        c1_0.name,
        c1_0.updated_at 
    from
        categories c1_0 
    where
        c1_0.id=?
2026-08-06T01:50:33.472+05:30 DEBUG 3972 --- [clickkaar-backend] [           main] org.hibernate.SQL                        : 
    select
        c1_0.id,
        c1_0.created_at,
        c1_0.description,
        c1_0.display_name,
        c1_0.name,
        c1_0.updated_at 
    from
        categories c1_0 
    where
        c1_0.id=?
2026-08-06T01:50:33.473+05:30 DEBUG 3972 --- [clickkaar-backend] [           main] org.hibernate.SQL                        : 
    select
        c1_0.id,
        c1_0.created_at,
        c1_0.description,
        c1_0.display_name,
        c1_0.name,
        c1_0.updated_at 
    from
        categories c1_0 
    where
        c1_0.id=?
2026-08-06T01:50:33.478+05:30 DEBUG 3972 --- [clickkaar-backend] [           main] org.hibernate.SQL                        : 
    select
        w1_0.id 
    from
        wishlists w1_0 
    where
        w1_0.user_id=? 
        and w1_0.product_id=? 
    limit
        ?
2026-08-06T01:50:33.479+05:30 DEBUG 3972 --- [clickkaar-backend] [           main] org.hibernate.SQL                        : 
    select
        w1_0.id 
    from
        wishlists w1_0 
    where
        w1_0.user_id=? 
        and w1_0.product_id=? 
    limit
        ?
2026-08-06T01:50:33.481+05:30 DEBUG 3972 --- [clickkaar-backend] [           main] org.hibernate.SQL                        : 
    select
        p1_0.id,
        p1_0.availability_status,
        p1_0.brand,
        p1_0.category_id,
        p1_0.created_at,
        p1_0.daily_price,
        p1_0.full_description,
        p1_0.image_link,
        p1_0.invoice_url,
        p1_0.link_1,
        p1_0.link_2,
        p1_0.name,
        p1_0.short_description,
        p1_0.specs,
        p1_0.stock,
        p1_0.updated_at,
        p1_0.warranty_date,
        p1_0.weekly_price 
    from
        products p1_0
2026-08-06T01:50:33.482+05:30 DEBUG 3972 --- [clickkaar-backend] [           main] org.hibernate.SQL                        : 
    select
        c1_0.id,
        c1_0.created_at,
        c1_0.description,
        c1_0.display_name,
        c1_0.name,
        c1_0.updated_at 
    from
        categories c1_0 
    where
        c1_0.id=?
2026-08-06T01:50:33.484+05:30 DEBUG 3972 --- [clickkaar-backend] [           main] org.hibernate.SQL                        : 
    select
        c1_0.id,
        c1_0.created_at,
        c1_0.description,
        c1_0.display_name,
        c1_0.name,
        c1_0.updated_at 
    from
        categories c1_0 
    where
        c1_0.id=?
2026-08-06T01:50:33.485+05:30 DEBUG 3972 --- [clickkaar-backend] [           main] org.hibernate.SQL                        : 
    select
        c1_0.id,
        c1_0.created_at,
        c1_0.description,
        c1_0.display_name,
        c1_0.name,
        c1_0.updated_at 
    from
        categories c1_0 
    where
        c1_0.id=?
2026-08-06T01:50:33.487+05:30 DEBUG 3972 --- [clickkaar-backend] [           main] org.hibernate.SQL                        : 
    select
        c1_0.id,
        c1_0.created_at,
        c1_0.description,
        c1_0.display_name,
        c1_0.name,
        c1_0.updated_at 
    from
        categories c1_0 
    where
        c1_0.id=?
2026-08-06T01:50:33.489+05:30 DEBUG 3972 --- [clickkaar-backend] [           main] org.hibernate.SQL                        : 
    select
        c1_0.id,
        c1_0.created_at,
        c1_0.description,
        c1_0.display_name,
        c1_0.name,
        c1_0.updated_at 
    from
        categories c1_0 
    where
        c1_0.id=?
2026-08-06T01:50:33.491+05:30 DEBUG 3972 --- [clickkaar-backend] [           main] org.hibernate.SQL                        : 
    select
        c1_0.id,
        c1_0.created_at,
        c1_0.description,
        c1_0.display_name,
        c1_0.name,
        c1_0.updated_at 
    from
        categories c1_0 
    where
        c1_0.id=?
2026-08-06T01:50:33.495+05:30 DEBUG 3972 --- [clickkaar-backend] [           main] org.hibernate.SQL                        : 
    select
        w1_0.id 
    from
        wishlists w1_0 
    where
        w1_0.user_id=? 
        and w1_0.product_id=? 
    limit
        ?
2026-08-06T01:50:33.497+05:30 DEBUG 3972 --- [clickkaar-backend] [           main] org.hibernate.SQL                        : 
    select
        b1_0.id 
    from
        bookings b1_0 
    where
        b1_0.booking_number=? 
    limit
        ?
2026-08-06T01:50:33.499+05:30 DEBUG 3972 --- [clickkaar-backend] [           main] org.hibernate.SQL                        : 
    select
        b1_0.id 
    from
        bookings b1_0 
    where
        b1_0.booking_number=? 
    limit
        ?
2026-08-06T01:50:33.501+05:30 DEBUG 3972 --- [clickkaar-backend] [           main] org.hibernate.SQL                        : 
    select
        b1_0.id 
    from
        bookings b1_0 
    where
        b1_0.booking_number=? 
    limit
        ?
2026-08-06T01:50:33.503+05:30 DEBUG 3972 --- [clickkaar-backend] [           main] org.hibernate.SQL                        : 
    select
        b1_0.id 
    from
        bookings b1_0 
    where
        b1_0.booking_number=? 
    limit
        ?
2026-08-06T01:50:33.504+05:30 DEBUG 3972 --- [clickkaar-backend] [           main] o.s.b.a.ApplicationAvailabilityBean      : Application availability state ReadinessState changed to ACCEPTING_TRAFFIC
2026-08-06T01:50:40.991+05:30  INFO 3972 --- [clickkaar-backend] [nio-8080-exec-1] o.a.c.c.C.[Tomcat].[localhost].[/]       : Initializing Spring DispatcherServlet 'dispatcherServlet'
2026-08-06T01:50:41.002+05:30  INFO 3972 --- [clickkaar-backend] [nio-8080-exec-1] o.s.web.servlet.DispatcherServlet        : Initializing Servlet 'dispatcherServlet'
2026-08-06T01:50:41.003+05:30 DEBUG 3972 --- [clickkaar-backend] [nio-8080-exec-1] o.s.web.servlet.DispatcherServlet        : Detected StandardServletMultipartResolver
2026-08-06T01:50:41.003+05:30 DEBUG 3972 --- [clickkaar-backend] [nio-8080-exec-1] o.s.web.servlet.DispatcherServlet        : Detected AcceptHeaderLocaleResolver
2026-08-06T01:50:41.003+05:30 DEBUG 3972 --- [clickkaar-backend] [nio-8080-exec-1] o.s.web.servlet.DispatcherServlet        : Detected FixedThemeResolver
2026-08-06T01:50:41.005+05:30 DEBUG 3972 --- [clickkaar-backend] [nio-8080-exec-1] o.s.web.servlet.DispatcherServlet        : Detected org.springframework.web.servlet.view.DefaultRequestToViewNameTranslator@1a4bc0df
2026-08-06T01:50:41.005+05:30 DEBUG 3972 --- [clickkaar-backend] [nio-8080-exec-1] o.s.web.servlet.DispatcherServlet        : Detected org.springframework.web.servlet.support.SessionFlashMapManager@4a3e3ce3
2026-08-06T01:50:41.005+05:30 DEBUG 3972 --- [clickkaar-backend] [nio-8080-exec-1] o.s.web.servlet.DispatcherServlet        : enableLoggingRequestDetails='false': request parameters and headers will be masked to prevent unsafe logging of potentially sensitive data
2026-08-06T01:50:41.006+05:30  INFO 3972 --- [clickkaar-backend] [nio-8080-exec-1] o.s.web.servlet.DispatcherServlet        : Completed initialization in 3 ms
2026-08-06T01:50:41.032+05:30 DEBUG 3972 --- [clickkaar-backend] [nio-8080-exec-1] o.s.web.servlet.DispatcherServlet        : GET "/api/health", parameters={}
2026-08-06T01:50:41.033+05:30 DEBUG 3972 --- [clickkaar-backend] [nio-8080-exec-1] s.w.s.m.m.a.RequestMappingHandlerMapping : Mapped to com.clickkaar.controller.HealthController#health()
2026-08-06T01:50:41.059+05:30 DEBUG 3972 --- [clickkaar-backend] [nio-8080-exec-1] m.m.a.RequestResponseBodyMethodProcessor : Using 'application/json', given [*/*] and supported [application/json, application/*+json]
2026-08-06T01:50:41.060+05:30 DEBUG 3972 --- [clickkaar-backend] [nio-8080-exec-1] m.m.a.RequestResponseBodyMethodProcessor : Writing [{service=clickkaar-backend, status=UP, timestamp=2026-08-05T20:20:41.042931600Z}]
2026-08-06T01:50:41.076+05:30 DEBUG 3972 --- [clickkaar-backend] [nio-8080-exec-1] o.s.web.servlet.DispatcherServlet        : Completed 200 OK
2026-08-06T01:50:52.196+05:30 DEBUG 3972 --- [clickkaar-backend] [nio-8080-exec-4] o.s.web.servlet.DispatcherServlet        : GET "/api/health", parameters={}
2026-08-06T01:50:52.196+05:30 DEBUG 3972 --- [clickkaar-backend] [nio-8080-exec-4] s.w.s.m.m.a.RequestMappingHandlerMapping : Mapped to com.clickkaar.controller.HealthController#health()
2026-08-06T01:50:52.197+05:30 DEBUG 3972 --- [clickkaar-backend] [nio-8080-exec-4] m.m.a.RequestResponseBodyMethodProcessor : Using 'application/json', given [*/*] and supported [application/json, application/*+json]
2026-08-06T01:50:52.197+05:30 DEBUG 3972 --- [clickkaar-backend] [nio-8080-exec-4] m.m.a.RequestResponseBodyMethodProcessor : Writing [{service=clickkaar-backend, status=UP, timestamp=2026-08-05T20:20:52.196218900Z}]
2026-08-06T01:50:52.198+05:30 DEBUG 3972 --- [clickkaar-backend] [nio-8080-exec-4] o.s.web.servlet.DispatcherServlet        : Completed 200 OK
2026-08-06T01:50:59.842+05:30 DEBUG 3972 --- [clickkaar-backend] [nio-8080-exec-9] o.s.web.servlet.DispatcherServlet        : POST "/api/auth/forgot-password", parameters={}
2026-08-06T01:50:59.842+05:30 DEBUG 3972 --- [clickkaar-backend] [nio-8080-exec-9] s.w.s.m.m.a.RequestMappingHandlerMapping : Mapped to com.clickkaar.controller.AuthController#forgotPassword(ForgotPasswordRequest)
2026-08-06T01:50:59.902+05:30 DEBUG 3972 --- [clickkaar-backend] [nio-8080-exec-9] m.m.a.RequestResponseBodyMethodProcessor : Read "application/json;charset=UTF-8" to [ForgotPasswordRequest[email=aarav@example.com]]
2026-08-06T01:50:59.958+05:30 DEBUG 3972 --- [clickkaar-backend] [nio-8080-exec-9] org.hibernate.SQL                        : 
    select
        u1_0.id,
        u1_0.alternate_contact_number,
        u1_0.city,
        u1_0.company_bonafide_letter_document_name,
        u1_0.company_name,
        u1_0.country,
        u1_0.created_at,
        u1_0.current_address,
        u1_0.dob,
        u1_0.driving_license_document_name,
        u1_0.electricity_bill_document_name,
        u1_0.email,
        u1_0.enabled,
        u1_0.first_name,
        u1_0.full_name,
        u1_0.gender,
        u1_0.last_name,
        u1_0.mobile,
        u1_0.mobile_verified,
        u1_0.occupation,
        u1_0.password,
        u1_0.photo_document_name,
        u1_0.pincode,
        u1_0.rent_agreement_document_name,
        u1_0.residence_type,
        u1_0.social_media_profile,
        u1_0.state,
        u1_0.updated_at 
    from
        users u1_0 
    where
        u1_0.email=?
2026-08-06T01:50:59.960+05:30 DEBUG 3972 --- [clickkaar-backend] [nio-8080-exec-9] org.hibernate.SQL                        : 
    select
        r1_0.user_id,
        r1_1.id,
        r1_1.name 
    from
        user_roles r1_0 
    join
        roles r1_1 
            on r1_1.id=r1_0.role_id 
    where
        r1_0.user_id=?
2026-08-06T01:50:59.977+05:30 DEBUG 3972 --- [clickkaar-backend] [nio-8080-exec-9] org.hibernate.SQL                        : 
    insert 
    into
        otps
        (code, created_at, email, expires_at, mobile, purpose, updated_at, used) 
    values
        (?, ?, ?, ?, ?, ?, ?, ?)
2026-08-06T01:51:05.542+05:30  INFO 3972 --- [clickkaar-backend] [nio-8080-exec-9] com.clickkaar.service.AuthService        : Password reset email sent to aarav@example.com
2026-08-06T01:51:05.552+05:30 DEBUG 3972 --- [clickkaar-backend] [nio-8080-exec-9] m.m.a.RequestResponseBodyMethodProcessor : Using 'text/plain', given [*/*] and supported [text/plain, */*, application/json, application/*+json]
2026-08-06T01:51:05.553+05:30 DEBUG 3972 --- [clickkaar-backend] [nio-8080-exec-9] m.m.a.RequestResponseBodyMethodProcessor : Writing ["Password reset code sent to your email."]
2026-08-06T01:51:05.554+05:30 DEBUG 3972 --- [clickkaar-backend] [nio-8080-exec-9] o.s.web.servlet.DispatcherServlet        : Completed 200 OK
2026-08-06T01:52:41.934+05:30 DEBUG 3972 --- [clickkaar-backend] [nio-8080-exec-8] o.s.web.servlet.DispatcherServlet        : GET "/api/products", parameters={}
2026-08-06T01:52:41.935+05:30 DEBUG 3972 --- [clickkaar-backend] [nio-8080-exec-3] o.s.web.servlet.DispatcherServlet        : GET "/api/content/reviews", parameters={}
2026-08-06T01:52:41.935+05:30 DEBUG 3972 --- [clickkaar-backend] [nio-8080-exec-7] o.s.web.servlet.DispatcherServlet        : GET "/api/content/gallery", parameters={}
2026-08-06T01:52:41.936+05:30 DEBUG 3972 --- [clickkaar-backend] [nio-8080-exec-3] s.w.s.m.m.a.RequestMappingHandlerMapping : Mapped to com.clickkaar.controller.ContentController#reviews()
2026-08-06T01:52:41.936+05:30 DEBUG 3972 --- [clickkaar-backend] [nio-8080-exec-7] s.w.s.m.m.a.RequestMappingHandlerMapping : Mapped to com.clickkaar.controller.ContentController#gallery()
2026-08-06T01:52:41.936+05:30 DEBUG 3972 --- [clickkaar-backend] [nio-8080-exec-8] s.w.s.m.m.a.RequestMappingHandlerMapping : Mapped to com.clickkaar.controller.ProductController#all()
2026-08-06T01:52:41.943+05:30 DEBUG 3972 --- [clickkaar-backend] [nio-8080-exec-8] org.hibernate.SQL                        : 
    select
        p1_0.id,
        p1_0.availability_status,
        p1_0.brand,
        p1_0.category_id,
        p1_0.created_at,
        p1_0.daily_price,
        p1_0.full_description,
        p1_0.image_link,
        p1_0.invoice_url,
        p1_0.link_1,
        p1_0.link_2,
        p1_0.name,
        p1_0.short_description,
        p1_0.specs,
        p1_0.stock,
        p1_0.updated_at,
        p1_0.warranty_date,
        p1_0.weekly_price 
    from
        products p1_0
2026-08-06T01:52:41.944+05:30 DEBUG 3972 --- [clickkaar-backend] [nio-8080-exec-7] org.hibernate.SQL                        : 
    select
        gi1_0.id,
        gi1_0.active,
        gi1_0.alt_text,
        gi1_0.created_at,
        gi1_0.display_order,
        gi1_0.image_url,
        gi1_0.tall,
        gi1_0.updated_at,
        gi1_0.wide 
    from
        gallery_images gi1_0 
    where
        gi1_0.active 
    order by
        gi1_0.display_order,
        gi1_0.created_at desc
2026-08-06T01:52:41.944+05:30 DEBUG 3972 --- [clickkaar-backend] [nio-8080-exec-3] org.hibernate.SQL                        : 
    select
        cr1_0.id,
        cr1_0.admin_reply,
        cr1_0.avatar,
        cr1_0.created_at,
        cr1_0.name,
        cr1_0.quote,
        cr1_0.rating,
        cr1_0.role,
        cr1_0.updated_at 
    from
        customer_reviews cr1_0 
    order by
        cr1_0.created_at desc
2026-08-06T01:52:41.947+05:30 DEBUG 3972 --- [clickkaar-backend] [nio-8080-exec-8] org.hibernate.SQL                        : 
    select
        c1_0.id,
        c1_0.created_at,
        c1_0.description,
        c1_0.display_name,
        c1_0.name,
        c1_0.updated_at 
    from
        categories c1_0 
    where
        c1_0.id=?
2026-08-06T01:52:41.952+05:30 DEBUG 3972 --- [clickkaar-backend] [nio-8080-exec-8] org.hibernate.SQL                        : 
    select
        c1_0.id,
        c1_0.created_at,
        c1_0.description,
        c1_0.display_name,
        c1_0.name,
        c1_0.updated_at 
    from
        categories c1_0 
    where
        c1_0.id=?
2026-08-06T01:52:41.954+05:30 DEBUG 3972 --- [clickkaar-backend] [nio-8080-exec-3] m.m.a.RequestResponseBodyMethodProcessor : Using 'application/json', given [application/json, text/plain, */*] and supported [application/json, application/*+json]
2026-08-06T01:52:41.954+05:30 DEBUG 3972 --- [clickkaar-backend] [nio-8080-exec-7] m.m.a.RequestResponseBodyMethodProcessor : Using 'application/json', given [application/json, text/plain, */*] and supported [application/json, application/*+json]
2026-08-06T01:52:41.957+05:30 DEBUG 3972 --- [clickkaar-backend] [nio-8080-exec-8] org.hibernate.SQL                        : 
    select
        c1_0.id,
        c1_0.created_at,
        c1_0.description,
        c1_0.display_name,
        c1_0.name,
        c1_0.updated_at 
    from
        categories c1_0 
    where
        c1_0.id=?
2026-08-06T01:52:41.965+05:30 DEBUG 3972 --- [clickkaar-backend] [nio-8080-exec-8] org.hibernate.SQL                        : 
    select
        c1_0.id,
        c1_0.created_at,
        c1_0.description,
        c1_0.display_name,
        c1_0.name,
        c1_0.updated_at 
    from
        categories c1_0 
    where
        c1_0.id=?
2026-08-06T01:52:41.971+05:30 DEBUG 3972 --- [clickkaar-backend] [nio-8080-exec-3] m.m.a.RequestResponseBodyMethodProcessor : Writing [[CustomerReviewResponse[id=9, name=Tara Shah, role=Content creator, rating=5, quote=Great recommenda (truncated)...]
2026-08-06T01:52:41.972+05:30 DEBUG 3972 --- [clickkaar-backend] [nio-8080-exec-7] m.m.a.RequestResponseBodyMethodProcessor : Writing [[GalleryImageResponse[id=1, imageUrl=https://images.unsplash.com/photo-1495707902641-75cac588d2e9?au (truncated)...]
2026-08-06T01:52:41.972+05:30 DEBUG 3972 --- [clickkaar-backend] [nio-8080-exec-8] org.hibernate.SQL                        : 
    select
        c1_0.id,
        c1_0.created_at,
        c1_0.description,
        c1_0.display_name,
        c1_0.name,
        c1_0.updated_at 
    from
        categories c1_0 
    where
        c1_0.id=?
2026-08-06T01:52:41.978+05:30 DEBUG 3972 --- [clickkaar-backend] [nio-8080-exec-8] org.hibernate.SQL                        : 
    select
        c1_0.id,
        c1_0.created_at,
        c1_0.description,
        c1_0.display_name,
        c1_0.name,
        c1_0.updated_at 
    from
        categories c1_0 
    where
        c1_0.id=?
2026-08-06T01:52:41.992+05:30 DEBUG 3972 --- [clickkaar-backend] [nio-8080-exec-8] org.hibernate.SQL                        : 
    select
        i1_0.product_id,
        i1_0.id,
        i1_0.image_url,
        i1_0.primary_image,
        i1_0.public_id 
    from
        product_images i1_0 
    where
        i1_0.product_id=?
2026-08-06T01:52:42.004+05:30 DEBUG 3972 --- [clickkaar-backend] [nio-8080-exec-7] o.s.web.servlet.DispatcherServlet        : Completed 200 OK
2026-08-06T01:52:42.004+05:30 DEBUG 3972 --- [clickkaar-backend] [nio-8080-exec-3] o.s.web.servlet.DispatcherServlet        : Completed 200 OK
2026-08-06T01:52:42.008+05:30 DEBUG 3972 --- [clickkaar-backend] [nio-8080-exec-8] org.hibernate.SQL                        : 
    select
        i1_0.product_id,
        i1_0.id,
        i1_0.image_url,
        i1_0.primary_image,
        i1_0.public_id 
    from
        product_images i1_0 
    where
        i1_0.product_id=?
2026-08-06T01:52:42.012+05:30 DEBUG 3972 --- [clickkaar-backend] [nio-8080-exec-8] org.hibernate.SQL                        : 
    select
        i1_0.product_id,
        i1_0.id,
        i1_0.image_url,
        i1_0.primary_image,
        i1_0.public_id 
    from
        product_images i1_0 
    where
        i1_0.product_id=?
2026-08-06T01:52:42.015+05:30 DEBUG 3972 --- [clickkaar-backend] [nio-8080-exec-8] org.hibernate.SQL                        : 
    select
        i1_0.product_id,
        i1_0.id,
        i1_0.image_url,
        i1_0.primary_image,
        i1_0.public_id 
    from
        product_images i1_0 
    where
        i1_0.product_id=?
2026-08-06T01:52:42.018+05:30 DEBUG 3972 --- [clickkaar-backend] [nio-8080-exec-8] org.hibernate.SQL                        : 
    select
        i1_0.product_id,
        i1_0.id,
        i1_0.image_url,
        i1_0.primary_image,
        i1_0.public_id 
    from
        product_images i1_0 
    where
        i1_0.product_id=?
2026-08-06T01:52:42.021+05:30 DEBUG 3972 --- [clickkaar-backend] [nio-8080-exec-8] org.hibernate.SQL                        : 
    select
        i1_0.product_id,
        i1_0.id,
        i1_0.image_url,
        i1_0.primary_image,
        i1_0.public_id 
    from
        product_images i1_0 
    where
        i1_0.product_id=?
2026-08-06T01:52:42.024+05:30 DEBUG 3972 --- [clickkaar-backend] [nio-8080-exec-8] org.hibernate.SQL                        : 
    select
        i1_0.product_id,
        i1_0.id,
        i1_0.image_url,
        i1_0.primary_image,
        i1_0.public_id 
    from
        product_images i1_0 
    where
        i1_0.product_id=?
2026-08-06T01:52:42.026+05:30 DEBUG 3972 --- [clickkaar-backend] [nio-8080-exec-8] org.hibernate.SQL                        : 
    select
        i1_0.product_id,
        i1_0.id,
        i1_0.image_url,
        i1_0.primary_image,
        i1_0.public_id 
    from
        product_images i1_0 
    where
        i1_0.product_id=?
2026-08-06T01:52:42.030+05:30 DEBUG 3972 --- [clickkaar-backend] [nio-8080-exec-8] org.hibernate.SQL                        : 
    select
        i1_0.product_id,
        i1_0.id,
        i1_0.image_url,
        i1_0.primary_image,
        i1_0.public_id 
    from
        product_images i1_0 
    where
        i1_0.product_id=?
2026-08-06T01:52:42.033+05:30 DEBUG 3972 --- [clickkaar-backend] [nio-8080-exec-8] org.hibernate.SQL                        : 
    select
        i1_0.product_id,
        i1_0.id,
        i1_0.image_url,
        i1_0.primary_image,
        i1_0.public_id 
    from
        product_images i1_0 
    where
        i1_0.product_id=?
2026-08-06T01:52:42.035+05:30 DEBUG 3972 --- [clickkaar-backend] [nio-8080-exec-8] org.hibernate.SQL                        : 
    select
        i1_0.product_id,
        i1_0.id,
        i1_0.image_url,
        i1_0.primary_image,
        i1_0.public_id 
    from
        product_images i1_0 
    where
        i1_0.product_id=?
2026-08-06T01:52:42.037+05:30 DEBUG 3972 --- [clickkaar-backend] [nio-8080-exec-8] org.hibernate.SQL                        : 
    select
        i1_0.product_id,
        i1_0.id,
        i1_0.image_url,
        i1_0.primary_image,
        i1_0.public_id 
    from
        product_images i1_0 
    where
        i1_0.product_id=?
2026-08-06T01:52:42.041+05:30 DEBUG 3972 --- [clickkaar-backend] [nio-8080-exec-8] org.hibernate.SQL                        : 
    select
        i1_0.product_id,
        i1_0.id,
        i1_0.image_url,
        i1_0.primary_image,
        i1_0.public_id 
    from
        product_images i1_0 
    where
        i1_0.product_id=?
2026-08-06T01:52:42.044+05:30 DEBUG 3972 --- [clickkaar-backend] [nio-8080-exec-8] org.hibernate.SQL                        : 
    select
        i1_0.product_id,
        i1_0.id,
        i1_0.image_url,
        i1_0.primary_image,
        i1_0.public_id 
    from
        product_images i1_0 
    where
        i1_0.product_id=?
2026-08-06T01:52:42.048+05:30 DEBUG 3972 --- [clickkaar-backend] [nio-8080-exec-8] org.hibernate.SQL                        : 
    select
        i1_0.product_id,
        i1_0.id,
        i1_0.image_url,
        i1_0.primary_image,
        i1_0.public_id 
    from
        product_images i1_0 
    where
        i1_0.product_id=?
2026-08-06T01:52:42.056+05:30 DEBUG 3972 --- [clickkaar-backend] [nio-8080-exec-8] org.hibernate.SQL                        : 
    select
        i1_0.product_id,
        i1_0.id,
        i1_0.image_url,
        i1_0.primary_image,
        i1_0.public_id 
    from
        product_images i1_0 
    where
        i1_0.product_id=?
2026-08-06T01:52:42.062+05:30 DEBUG 3972 --- [clickkaar-backend] [nio-8080-exec-8] org.hibernate.SQL                        : 
    select
        i1_0.product_id,
        i1_0.id,
        i1_0.image_url,
        i1_0.primary_image,
        i1_0.public_id 
    from
        product_images i1_0 
    where
        i1_0.product_id=?
2026-08-06T01:52:42.066+05:30 DEBUG 3972 --- [clickkaar-backend] [nio-8080-exec-8] org.hibernate.SQL                        : 
    select
        i1_0.product_id,
        i1_0.id,
        i1_0.image_url,
        i1_0.primary_image,
        i1_0.public_id 
    from
        product_images i1_0 
    where
        i1_0.product_id=?
2026-08-06T01:52:42.069+05:30 DEBUG 3972 --- [clickkaar-backend] [nio-8080-exec-8] org.hibernate.SQL                        : 
    select
        i1_0.product_id,
        i1_0.id,
        i1_0.image_url,
        i1_0.primary_image,
        i1_0.public_id 
    from
        product_images i1_0 
    where
        i1_0.product_id=?
2026-08-06T01:52:42.072+05:30 DEBUG 3972 --- [clickkaar-backend] [nio-8080-exec-8] org.hibernate.SQL                        : 
    select
        i1_0.product_id,
        i1_0.id,
        i1_0.image_url,
        i1_0.primary_image,
        i1_0.public_id 
    from
        product_images i1_0 
    where
        i1_0.product_id=?
2026-08-06T01:52:42.075+05:30 DEBUG 3972 --- [clickkaar-backend] [nio-8080-exec-8] org.hibernate.SQL                        : 
    select
        i1_0.product_id,
        i1_0.id,
        i1_0.image_url,
        i1_0.primary_image,
        i1_0.public_id 
    from
        product_images i1_0 
    where
        i1_0.product_id=?
2026-08-06T01:52:42.078+05:30 DEBUG 3972 --- [clickkaar-backend] [nio-8080-exec-8] org.hibernate.SQL                        : 
    select
        i1_0.product_id,
        i1_0.id,
        i1_0.image_url,
        i1_0.primary_image,
        i1_0.public_id 
    from
        product_images i1_0 
    where
        i1_0.product_id=?
2026-08-06T01:52:42.081+05:30 DEBUG 3972 --- [clickkaar-backend] [nio-8080-exec-8] org.hibernate.SQL                        : 
    select
        i1_0.product_id,
        i1_0.id,
        i1_0.image_url,
        i1_0.primary_image,
        i1_0.public_id 
    from
        product_images i1_0 
    where
        i1_0.product_id=?
2026-08-06T01:52:42.083+05:30 DEBUG 3972 --- [clickkaar-backend] [nio-8080-exec-8] org.hibernate.SQL                        : 
    select
        i1_0.product_id,
        i1_0.id,
        i1_0.image_url,
        i1_0.primary_image,
        i1_0.public_id 
    from
        product_images i1_0 
    where
        i1_0.product_id=?
2026-08-06T01:52:42.086+05:30 DEBUG 3972 --- [clickkaar-backend] [nio-8080-exec-8] org.hibernate.SQL                        : 
    select
        i1_0.product_id,
        i1_0.id,
        i1_0.image_url,
        i1_0.primary_image,
        i1_0.public_id 
    from
        product_images i1_0 
    where
        i1_0.product_id=?
2026-08-06T01:52:42.088+05:30 DEBUG 3972 --- [clickkaar-backend] [nio-8080-exec-8] org.hibernate.SQL                        : 
    select
        i1_0.product_id,
        i1_0.id,
        i1_0.image_url,
        i1_0.primary_image,
        i1_0.public_id 
    from
        product_images i1_0 
    where
        i1_0.product_id=?
2026-08-06T01:52:42.091+05:30 DEBUG 3972 --- [clickkaar-backend] [nio-8080-exec-8] org.hibernate.SQL                        : 
    select
        i1_0.product_id,
        i1_0.id,
        i1_0.image_url,
        i1_0.primary_image,
        i1_0.public_id 
    from
        product_images i1_0 
    where
        i1_0.product_id=?
2026-08-06T01:52:42.093+05:30 DEBUG 3972 --- [clickkaar-backend] [nio-8080-exec-8] org.hibernate.SQL                        : 
    select
        i1_0.product_id,
        i1_0.id,
        i1_0.image_url,
        i1_0.primary_image,
        i1_0.public_id 
    from
        product_images i1_0 
    where
        i1_0.product_id=?
2026-08-06T01:52:42.096+05:30 DEBUG 3972 --- [clickkaar-backend] [nio-8080-exec-8] org.hibernate.SQL                        : 
    select
        i1_0.product_id,
        i1_0.id,
        i1_0.image_url,
        i1_0.primary_image,
        i1_0.public_id 
    from
        product_images i1_0 
    where
        i1_0.product_id=?
2026-08-06T01:52:42.100+05:30 DEBUG 3972 --- [clickkaar-backend] [nio-8080-exec-8] org.hibernate.SQL                        : 
    select
        i1_0.product_id,
        i1_0.id,
        i1_0.image_url,
        i1_0.primary_image,
        i1_0.public_id 
    from
        product_images i1_0 
    where
        i1_0.product_id=?
2026-08-06T01:52:42.103+05:30 DEBUG 3972 --- [clickkaar-backend] [nio-8080-exec-8] org.hibernate.SQL                        : 
    select
        i1_0.product_id,
        i1_0.id,
        i1_0.image_url,
        i1_0.primary_image,
        i1_0.public_id 
    from
        product_images i1_0 
    where
        i1_0.product_id=?
2026-08-06T01:52:42.106+05:30 DEBUG 3972 --- [clickkaar-backend] [nio-8080-exec-8] org.hibernate.SQL                        : 
    select
        i1_0.product_id,
        i1_0.id,
        i1_0.image_url,
        i1_0.primary_image,
        i1_0.public_id 
    from
        product_images i1_0 
    where
        i1_0.product_id=?
2026-08-06T01:52:42.107+05:30 DEBUG 3972 --- [clickkaar-backend] [nio-8080-exec-8] org.hibernate.SQL                        : 
    select
        i1_0.product_id,
        i1_0.id,
        i1_0.image_url,
        i1_0.primary_image,
        i1_0.public_id 
    from
        product_images i1_0 
    where
        i1_0.product_id=?
2026-08-06T01:52:42.110+05:30 DEBUG 3972 --- [clickkaar-backend] [nio-8080-exec-8] org.hibernate.SQL                        : 
    select
        i1_0.product_id,
        i1_0.id,
        i1_0.image_url,
        i1_0.primary_image,
        i1_0.public_id 
    from
        product_images i1_0 
    where
        i1_0.product_id=?
2026-08-06T01:52:42.112+05:30 DEBUG 3972 --- [clickkaar-backend] [nio-8080-exec-8] org.hibernate.SQL                        : 
    select
        i1_0.product_id,
        i1_0.id,
        i1_0.image_url,
        i1_0.primary_image,
        i1_0.public_id 
    from
        product_images i1_0 
    where
        i1_0.product_id=?
2026-08-06T01:52:42.113+05:30 DEBUG 3972 --- [clickkaar-backend] [nio-8080-exec-8] org.hibernate.SQL                        : 
    select
        i1_0.product_id,
        i1_0.id,
        i1_0.image_url,
        i1_0.primary_image,
        i1_0.public_id 
    from
        product_images i1_0 
    where
        i1_0.product_id=?
2026-08-06T01:52:42.114+05:30 DEBUG 3972 --- [clickkaar-backend] [nio-8080-exec-8] org.hibernate.SQL                        : 
    select
        i1_0.product_id,
        i1_0.id,
        i1_0.image_url,
        i1_0.primary_image,
        i1_0.public_id 
    from
        product_images i1_0 
    where
        i1_0.product_id=?
2026-08-06T01:52:42.115+05:30 DEBUG 3972 --- [clickkaar-backend] [nio-8080-exec-8] org.hibernate.SQL                        : 
    select
        i1_0.product_id,
        i1_0.id,
        i1_0.image_url,
        i1_0.primary_image,
        i1_0.public_id 
    from
        product_images i1_0 
    where
        i1_0.product_id=?
2026-08-06T01:52:42.117+05:30 DEBUG 3972 --- [clickkaar-backend] [nio-8080-exec-8] org.hibernate.SQL                        : 
    select
        i1_0.product_id,
        i1_0.id,
        i1_0.image_url,
        i1_0.primary_image,
        i1_0.public_id 
    from
        product_images i1_0 
    where
        i1_0.product_id=?
2026-08-06T01:52:42.119+05:30 DEBUG 3972 --- [clickkaar-backend] [nio-8080-exec-8] org.hibernate.SQL                        : 
    select
        i1_0.product_id,
        i1_0.id,
        i1_0.image_url,
        i1_0.primary_image,
        i1_0.public_id 
    from
        product_images i1_0 
    where
        i1_0.product_id=?
2026-08-06T01:52:42.121+05:30 DEBUG 3972 --- [clickkaar-backend] [nio-8080-exec-8] org.hibernate.SQL                        : 
    select
        i1_0.product_id,
        i1_0.id,
        i1_0.image_url,
        i1_0.primary_image,
        i1_0.public_id 
    from
        product_images i1_0 
    where
        i1_0.product_id=?
2026-08-06T01:52:42.124+05:30 DEBUG 3972 --- [clickkaar-backend] [nio-8080-exec-8] org.hibernate.SQL                        : 
    select
        i1_0.product_id,
        i1_0.id,
        i1_0.image_url,
        i1_0.primary_image,
        i1_0.public_id 
    from
        product_images i1_0 
    where
        i1_0.product_id=?
2026-08-06T01:52:42.127+05:30 DEBUG 3972 --- [clickkaar-backend] [nio-8080-exec-8] org.hibernate.SQL                        : 
    select
        i1_0.product_id,
        i1_0.id,
        i1_0.image_url,
        i1_0.primary_image,
        i1_0.public_id 
    from
        product_images i1_0 
    where
        i1_0.product_id=?
2026-08-06T01:52:42.132+05:30 DEBUG 3972 --- [clickkaar-backend] [nio-8080-exec-8] org.hibernate.SQL                        : 
    select
        i1_0.product_id,
        i1_0.id,
        i1_0.image_url,
        i1_0.primary_image,
        i1_0.public_id 
    from
        product_images i1_0 
    where
        i1_0.product_id=?
2026-08-06T01:52:42.133+05:30 DEBUG 3972 --- [clickkaar-backend] [nio-8080-exec-8] org.hibernate.SQL                        : 
    select
        i1_0.product_id,
        i1_0.id,
        i1_0.image_url,
        i1_0.primary_image,
        i1_0.public_id 
    from
        product_images i1_0 
    where
        i1_0.product_id=?
2026-08-06T01:52:42.135+05:30 DEBUG 3972 --- [clickkaar-backend] [nio-8080-exec-8] org.hibernate.SQL                        : 
    select
        i1_0.product_id,
        i1_0.id,
        i1_0.image_url,
        i1_0.primary_image,
        i1_0.public_id 
    from
        product_images i1_0 
    where
        i1_0.product_id=?
2026-08-06T01:52:42.137+05:30 DEBUG 3972 --- [clickkaar-backend] [nio-8080-exec-8] org.hibernate.SQL                        : 
    select
        i1_0.product_id,
        i1_0.id,
        i1_0.image_url,
        i1_0.primary_image,
        i1_0.public_id 
    from
        product_images i1_0 
    where
        i1_0.product_id=?
2026-08-06T01:52:42.139+05:30 DEBUG 3972 --- [clickkaar-backend] [nio-8080-exec-8] org.hibernate.SQL                        : 
    select
        i1_0.product_id,
        i1_0.id,
        i1_0.image_url,
        i1_0.primary_image,
        i1_0.public_id 
    from
        product_images i1_0 
    where
        i1_0.product_id=?
2026-08-06T01:52:42.141+05:30 DEBUG 3972 --- [clickkaar-backend] [nio-8080-exec-8] org.hibernate.SQL                        : 
    select
        i1_0.product_id,
        i1_0.id,
        i1_0.image_url,
        i1_0.primary_image,
        i1_0.public_id 
    from
        product_images i1_0 
    where
        i1_0.product_id=?
2026-08-06T01:52:42.144+05:30 DEBUG 3972 --- [clickkaar-backend] [nio-8080-exec-8] org.hibernate.SQL                        : 
    select
        i1_0.product_id,
        i1_0.id,
        i1_0.image_url,
        i1_0.primary_image,
        i1_0.public_id 
    from
        product_images i1_0 
    where
        i1_0.product_id=?
2026-08-06T01:52:42.147+05:30 DEBUG 3972 --- [clickkaar-backend] [nio-8080-exec-8] org.hibernate.SQL                        : 
    select
        i1_0.product_id,
        i1_0.id,
        i1_0.image_url,
        i1_0.primary_image,
        i1_0.public_id 
    from
        product_images i1_0 
    where
        i1_0.product_id=?
2026-08-06T01:52:42.150+05:30 DEBUG 3972 --- [clickkaar-backend] [nio-8080-exec-8] org.hibernate.SQL                        : 
    select
        i1_0.product_id,
        i1_0.id,
        i1_0.image_url,
        i1_0.primary_image,
        i1_0.public_id 
    from
        product_images i1_0 
    where
        i1_0.product_id=?
2026-08-06T01:52:42.152+05:30 DEBUG 3972 --- [clickkaar-backend] [nio-8080-exec-8] org.hibernate.SQL                        : 
    select
        i1_0.product_id,
        i1_0.id,
        i1_0.image_url,
        i1_0.primary_image,
        i1_0.public_id 
    from
        product_images i1_0 
    where
        i1_0.product_id=?
2026-08-06T01:52:42.155+05:30 DEBUG 3972 --- [clickkaar-backend] [nio-8080-exec-8] org.hibernate.SQL                        : 
    select
        i1_0.product_id,
        i1_0.id,
        i1_0.image_url,
        i1_0.primary_image,
        i1_0.public_id 
    from
        product_images i1_0 
    where
        i1_0.product_id=?
2026-08-06T01:52:42.157+05:30 DEBUG 3972 --- [clickkaar-backend] [nio-8080-exec-8] org.hibernate.SQL                        : 
    select
        i1_0.product_id,
        i1_0.id,
        i1_0.image_url,
        i1_0.primary_image,
        i1_0.public_id 
    from
        product_images i1_0 
    where
        i1_0.product_id=?
2026-08-06T01:52:42.158+05:30 DEBUG 3972 --- [clickkaar-backend] [nio-8080-exec-8] org.hibernate.SQL                        : 
    select
        i1_0.product_id,
        i1_0.id,
        i1_0.image_url,
        i1_0.primary_image,
        i1_0.public_id 
    from
        product_images i1_0 
    where
        i1_0.product_id=?
2026-08-06T01:52:42.160+05:30 DEBUG 3972 --- [clickkaar-backend] [nio-8080-exec-8] org.hibernate.SQL                        : 
    select
        i1_0.product_id,
        i1_0.id,
        i1_0.image_url,
        i1_0.primary_image,
        i1_0.public_id 
    from
        product_images i1_0 
    where
        i1_0.product_id=?
2026-08-06T01:52:42.162+05:30 DEBUG 3972 --- [clickkaar-backend] [nio-8080-exec-8] m.m.a.RequestResponseBodyMethodProcessor : Using 'application/json', given [application/json, text/plain, */*] and supported [application/json, application/*+json]
2026-08-06T01:52:42.170+05:30 DEBUG 3972 --- [clickkaar-backend] [nio-8080-exec-8] m.m.a.RequestResponseBodyMethodProcessor : Writing [[ProductResponse[id=105, name=Rent Sony a7 M5, brand=Sony, category=CAMERAS, shortDescription=Sony r (truncated)...]
2026-08-06T01:52:42.206+05:30 DEBUG 3972 --- [clickkaar-backend] [nio-8080-exec-8] o.s.web.servlet.DispatcherServlet        : Completed 200 OK
2026-08-06T01:52:42.595+05:30 DEBUG 3972 --- [clickkaar-backend] [nio-8080-exec-2] o.s.web.servlet.DispatcherServlet        : GET "/api/products", parameters={}
2026-08-06T01:52:42.595+05:30 DEBUG 3972 --- [clickkaar-backend] [nio-8080-exec-2] s.w.s.m.m.a.RequestMappingHandlerMapping : Mapped to com.clickkaar.controller.ProductController#all()
2026-08-06T01:52:42.599+05:30 DEBUG 3972 --- [clickkaar-backend] [nio-8080-exec-2] org.hibernate.SQL                        : 
    select
        p1_0.id,
        p1_0.availability_status,
        p1_0.brand,
        p1_0.category_id,
        p1_0.created_at,
        p1_0.daily_price,
        p1_0.full_description,
        p1_0.image_link,
        p1_0.invoice_url,
        p1_0.link_1,
        p1_0.link_2,
        p1_0.name,
        p1_0.short_description,
        p1_0.specs,
        p1_0.stock,
        p1_0.updated_at,
        p1_0.warranty_date,
        p1_0.weekly_price 
    from
        products p1_0
2026-08-06T01:52:42.602+05:30 DEBUG 3972 --- [clickkaar-backend] [nio-8080-exec-2] org.hibernate.SQL                        : 
    select
        c1_0.id,
        c1_0.created_at,
        c1_0.description,
        c1_0.display_name,
        c1_0.name,
        c1_0.updated_at 
    from
        categories c1_0 
    where
        c1_0.id=?
2026-08-06T01:52:42.606+05:30 DEBUG 3972 --- [clickkaar-backend] [nio-8080-exec-2] org.hibernate.SQL                        : 
    select
        c1_0.id,
        c1_0.created_at,
        c1_0.description,
        c1_0.display_name,
        c1_0.name,
        c1_0.updated_at 
    from
        categories c1_0 
    where
        c1_0.id=?
2026-08-06T01:52:42.608+05:30 DEBUG 3972 --- [clickkaar-backend] [nio-8080-exec-2] org.hibernate.SQL                        : 
    select
        c1_0.id,
        c1_0.created_at,
        c1_0.description,
        c1_0.display_name,
        c1_0.name,
        c1_0.updated_at 
    from
        categories c1_0 
    where
        c1_0.id=?
2026-08-06T01:52:42.614+05:30 DEBUG 3972 --- [clickkaar-backend] [nio-8080-exec-2] org.hibernate.SQL                        : 
    select
        c1_0.id,
        c1_0.created_at,
        c1_0.description,
        c1_0.display_name,
        c1_0.name,
        c1_0.updated_at 
    from
        categories c1_0 
    where
        c1_0.id=?
2026-08-06T01:52:42.618+05:30 DEBUG 3972 --- [clickkaar-backend] [nio-8080-exec-2] org.hibernate.SQL                        : 
    select
        c1_0.id,
        c1_0.created_at,
        c1_0.description,
        c1_0.display_name,
        c1_0.name,
        c1_0.updated_at 
    from
        categories c1_0 
    where
        c1_0.id=?
2026-08-06T01:52:42.620+05:30 DEBUG 3972 --- [clickkaar-backend] [nio-8080-exec-2] org.hibernate.SQL                        : 
    select
        c1_0.id,
        c1_0.created_at,
        c1_0.description,
        c1_0.display_name,
        c1_0.name,
        c1_0.updated_at 
    from
        categories c1_0 
    where
        c1_0.id=?
2026-08-06T01:52:42.625+05:30 DEBUG 3972 --- [clickkaar-backend] [nio-8080-exec-2] org.hibernate.SQL                        : 
    select
        i1_0.product_id,
        i1_0.id,
        i1_0.image_url,
        i1_0.primary_image,
        i1_0.public_id 
    from
        product_images i1_0 
    where
        i1_0.product_id=?
2026-08-06T01:52:42.628+05:30 DEBUG 3972 --- [clickkaar-backend] [nio-8080-exec-2] org.hibernate.SQL                        : 
    select
        i1_0.product_id,
        i1_0.id,
        i1_0.image_url,
        i1_0.primary_image,
        i1_0.public_id 
    from
        product_images i1_0 
    where
        i1_0.product_id=?
2026-08-06T01:52:42.633+05:30 DEBUG 3972 --- [clickkaar-backend] [nio-8080-exec-2] org.hibernate.SQL                        : 
    select
        i1_0.product_id,
        i1_0.id,
        i1_0.image_url,
        i1_0.primary_image,
        i1_0.public_id 
    from
        product_images i1_0 
    where
        i1_0.product_id=?
2026-08-06T01:52:42.637+05:30 DEBUG 3972 --- [clickkaar-backend] [nio-8080-exec-2] org.hibernate.SQL                        : 
    select
        i1_0.product_id,
        i1_0.id,
        i1_0.image_url,
        i1_0.primary_image,
        i1_0.public_id 
    from
        product_images i1_0 
    where
        i1_0.product_id=?
2026-08-06T01:52:42.640+05:30 DEBUG 3972 --- [clickkaar-backend] [nio-8080-exec-2] org.hibernate.SQL                        : 
    select
        i1_0.product_id,
        i1_0.id,
        i1_0.image_url,
        i1_0.primary_image,
        i1_0.public_id 
    from
        product_images i1_0 
    where
        i1_0.product_id=?
2026-08-06T01:52:42.645+05:30 DEBUG 3972 --- [clickkaar-backend] [nio-8080-exec-2] org.hibernate.SQL                        : 
    select
        i1_0.product_id,
        i1_0.id,
        i1_0.image_url,
        i1_0.primary_image,
        i1_0.public_id 
    from
        product_images i1_0 
    where
        i1_0.product_id=?
2026-08-06T01:52:42.646+05:30 DEBUG 3972 --- [clickkaar-backend] [nio-8080-exec-2] org.hibernate.SQL                        : 
    select
        i1_0.product_id,
        i1_0.id,
        i1_0.image_url,
        i1_0.primary_image,
        i1_0.public_id 
    from
        product_images i1_0 
    where
        i1_0.product_id=?
2026-08-06T01:52:42.648+05:30 DEBUG 3972 --- [clickkaar-backend] [nio-8080-exec-2] org.hibernate.SQL                        : 
    select
        i1_0.product_id,
        i1_0.id,
        i1_0.image_url,
        i1_0.primary_image,
        i1_0.public_id 
    from
        product_images i1_0 
    where
        i1_0.product_id=?
2026-08-06T01:52:42.652+05:30 DEBUG 3972 --- [clickkaar-backend] [nio-8080-exec-2] org.hibernate.SQL                        : 
    select
        i1_0.product_id,
        i1_0.id,
        i1_0.image_url,
        i1_0.primary_image,
        i1_0.public_id 
    from
        product_images i1_0 
    where
        i1_0.product_id=?
2026-08-06T01:52:42.654+05:30 DEBUG 3972 --- [clickkaar-backend] [nio-8080-exec-2] org.hibernate.SQL                        : 
    select
        i1_0.product_id,
        i1_0.id,
        i1_0.image_url,
        i1_0.primary_image,
        i1_0.public_id 
    from
        product_images i1_0 
    where
        i1_0.product_id=?
2026-08-06T01:52:42.659+05:30 DEBUG 3972 --- [clickkaar-backend] [nio-8080-exec-2] org.hibernate.SQL                        : 
    select
        i1_0.product_id,
        i1_0.id,
        i1_0.image_url,
        i1_0.primary_image,
        i1_0.public_id 
    from
        product_images i1_0 
    where
        i1_0.product_id=?
2026-08-06T01:52:42.661+05:30 DEBUG 3972 --- [clickkaar-backend] [nio-8080-exec-2] org.hibernate.SQL                        : 
    select
        i1_0.product_id,
        i1_0.id,
        i1_0.image_url,
        i1_0.primary_image,
        i1_0.public_id 
    from
        product_images i1_0 
    where
        i1_0.product_id=?
2026-08-06T01:52:42.670+05:30 DEBUG 3972 --- [clickkaar-backend] [nio-8080-exec-2] org.hibernate.SQL                        : 
    select
        i1_0.product_id,
        i1_0.id,
        i1_0.image_url,
        i1_0.primary_image,
        i1_0.public_id 
    from
        product_images i1_0 
    where
        i1_0.product_id=?
2026-08-06T01:52:42.676+05:30 DEBUG 3972 --- [clickkaar-backend] [nio-8080-exec-2] org.hibernate.SQL                        : 
    select
        i1_0.product_id,
        i1_0.id,
        i1_0.image_url,
        i1_0.primary_image,
        i1_0.public_id 
    from
        product_images i1_0 
    where
        i1_0.product_id=?
2026-08-06T01:52:42.681+05:30 DEBUG 3972 --- [clickkaar-backend] [nio-8080-exec-2] org.hibernate.SQL                        : 
    select
        i1_0.product_id,
        i1_0.id,
        i1_0.image_url,
        i1_0.primary_image,
        i1_0.public_id 
    from
        product_images i1_0 
    where
        i1_0.product_id=?
2026-08-06T01:52:42.685+05:30 DEBUG 3972 --- [clickkaar-backend] [nio-8080-exec-2] org.hibernate.SQL                        : 
    select
        i1_0.product_id,
        i1_0.id,
        i1_0.image_url,
        i1_0.primary_image,
        i1_0.public_id 
    from
        product_images i1_0 
    where
        i1_0.product_id=?
2026-08-06T01:52:42.688+05:30 DEBUG 3972 --- [clickkaar-backend] [nio-8080-exec-2] org.hibernate.SQL                        : 
    select
        i1_0.product_id,
        i1_0.id,
        i1_0.image_url,
        i1_0.primary_image,
        i1_0.public_id 
    from
        product_images i1_0 
    where
        i1_0.product_id=?
2026-08-06T01:52:42.692+05:30 DEBUG 3972 --- [clickkaar-backend] [nio-8080-exec-2] org.hibernate.SQL                        : 
    select
        i1_0.product_id,
        i1_0.id,
        i1_0.image_url,
        i1_0.primary_image,
        i1_0.public_id 
    from
        product_images i1_0 
    where
        i1_0.product_id=?
2026-08-06T01:52:42.696+05:30 DEBUG 3972 --- [clickkaar-backend] [nio-8080-exec-2] org.hibernate.SQL                        : 
    select
        i1_0.product_id,
        i1_0.id,
        i1_0.image_url,
        i1_0.primary_image,
        i1_0.public_id 
    from
        product_images i1_0 
    where
        i1_0.product_id=?
2026-08-06T01:52:42.699+05:30 DEBUG 3972 --- [clickkaar-backend] [nio-8080-exec-2] org.hibernate.SQL                        : 
    select
        i1_0.product_id,
        i1_0.id,
        i1_0.image_url,
        i1_0.primary_image,
        i1_0.public_id 
    from
        product_images i1_0 
    where
        i1_0.product_id=?
2026-08-06T01:52:42.702+05:30 DEBUG 3972 --- [clickkaar-backend] [nio-8080-exec-2] org.hibernate.SQL                        : 
    select
        i1_0.product_id,
        i1_0.id,
        i1_0.image_url,
        i1_0.primary_image,
        i1_0.public_id 
    from
        product_images i1_0 
    where
        i1_0.product_id=?
2026-08-06T01:52:42.704+05:30 DEBUG 3972 --- [clickkaar-backend] [nio-8080-exec-2] org.hibernate.SQL                        : 
    select
        i1_0.product_id,
        i1_0.id,
        i1_0.image_url,
        i1_0.primary_image,
        i1_0.public_id 
    from
        product_images i1_0 
    where
        i1_0.product_id=?
2026-08-06T01:52:42.705+05:30 DEBUG 3972 --- [clickkaar-backend] [nio-8080-exec-2] org.hibernate.SQL                        : 
    select
        i1_0.product_id,
        i1_0.id,
        i1_0.image_url,
        i1_0.primary_image,
        i1_0.public_id 
    from
        product_images i1_0 
    where
        i1_0.product_id=?
2026-08-06T01:52:42.710+05:30 DEBUG 3972 --- [clickkaar-backend] [nio-8080-exec-2] org.hibernate.SQL                        : 
    select
        i1_0.product_id,
        i1_0.id,
        i1_0.image_url,
        i1_0.primary_image,
        i1_0.public_id 
    from
        product_images i1_0 
    where
        i1_0.product_id=?
2026-08-06T01:52:42.713+05:30 DEBUG 3972 --- [clickkaar-backend] [nio-8080-exec-2] org.hibernate.SQL                        : 
    select
        i1_0.product_id,
        i1_0.id,
        i1_0.image_url,
        i1_0.primary_image,
        i1_0.public_id 
    from
        product_images i1_0 
    where
        i1_0.product_id=?
2026-08-06T01:52:42.717+05:30 DEBUG 3972 --- [clickkaar-backend] [nio-8080-exec-2] org.hibernate.SQL                        : 
    select
        i1_0.product_id,
        i1_0.id,
        i1_0.image_url,
        i1_0.primary_image,
        i1_0.public_id 
    from
        product_images i1_0 
    where
        i1_0.product_id=?
2026-08-06T01:52:42.721+05:30 DEBUG 3972 --- [clickkaar-backend] [nio-8080-exec-2] org.hibernate.SQL                        : 
    select
        i1_0.product_id,
        i1_0.id,
        i1_0.image_url,
        i1_0.primary_image,
        i1_0.public_id 
    from
        product_images i1_0 
    where
        i1_0.product_id=?
2026-08-06T01:52:42.725+05:30 DEBUG 3972 --- [clickkaar-backend] [nio-8080-exec-2] org.hibernate.SQL                        : 
    select
        i1_0.product_id,
        i1_0.id,
        i1_0.image_url,
        i1_0.primary_image,
        i1_0.public_id 
    from
        product_images i1_0 
    where
        i1_0.product_id=?
2026-08-06T01:52:42.728+05:30 DEBUG 3972 --- [clickkaar-backend] [nio-8080-exec-2] org.hibernate.SQL                        : 
    select
        i1_0.product_id,
        i1_0.id,
        i1_0.image_url,
        i1_0.primary_image,
        i1_0.public_id 
    from
        product_images i1_0 
    where
        i1_0.product_id=?
2026-08-06T01:52:42.733+05:30 DEBUG 3972 --- [clickkaar-backend] [nio-8080-exec-2] org.hibernate.SQL                        : 
    select
        i1_0.product_id,
        i1_0.id,
        i1_0.image_url,
        i1_0.primary_image,
        i1_0.public_id 
    from
        product_images i1_0 
    where
        i1_0.product_id=?
2026-08-06T01:52:42.736+05:30 DEBUG 3972 --- [clickkaar-backend] [nio-8080-exec-2] org.hibernate.SQL                        : 
    select
        i1_0.product_id,
        i1_0.id,
        i1_0.image_url,
        i1_0.primary_image,
        i1_0.public_id 
    from
        product_images i1_0 
    where
        i1_0.product_id=?
2026-08-06T01:52:42.739+05:30 DEBUG 3972 --- [clickkaar-backend] [nio-8080-exec-2] org.hibernate.SQL                        : 
    select
        i1_0.product_id,
        i1_0.id,
        i1_0.image_url,
        i1_0.primary_image,
        i1_0.public_id 
    from
        product_images i1_0 
    where
        i1_0.product_id=?
2026-08-06T01:52:42.742+05:30 DEBUG 3972 --- [clickkaar-backend] [nio-8080-exec-2] org.hibernate.SQL                        : 
    select
        i1_0.product_id,
        i1_0.id,
        i1_0.image_url,
        i1_0.primary_image,
        i1_0.public_id 
    from
        product_images i1_0 
    where
        i1_0.product_id=?
2026-08-06T01:52:42.745+05:30 DEBUG 3972 --- [clickkaar-backend] [nio-8080-exec-2] org.hibernate.SQL                        : 
    select
        i1_0.product_id,
        i1_0.id,
        i1_0.image_url,
        i1_0.primary_image,
        i1_0.public_id 
    from
        product_images i1_0 
    where
        i1_0.product_id=?
2026-08-06T01:52:42.748+05:30 DEBUG 3972 --- [clickkaar-backend] [nio-8080-exec-2] org.hibernate.SQL                        : 
    select
        i1_0.product_id,
        i1_0.id,
        i1_0.image_url,
        i1_0.primary_image,
        i1_0.public_id 
    from
        product_images i1_0 
    where
        i1_0.product_id=?
2026-08-06T01:52:42.753+05:30 DEBUG 3972 --- [clickkaar-backend] [nio-8080-exec-2] org.hibernate.SQL                        : 
    select
        i1_0.product_id,
        i1_0.id,
        i1_0.image_url,
        i1_0.primary_image,
        i1_0.public_id 
    from
        product_images i1_0 
    where
        i1_0.product_id=?
2026-08-06T01:52:42.757+05:30 DEBUG 3972 --- [clickkaar-backend] [nio-8080-exec-2] org.hibernate.SQL                        : 
    select
        i1_0.product_id,
        i1_0.id,
        i1_0.image_url,
        i1_0.primary_image,
        i1_0.public_id 
    from
        product_images i1_0 
    where
        i1_0.product_id=?
2026-08-06T01:52:42.760+05:30 DEBUG 3972 --- [clickkaar-backend] [nio-8080-exec-2] org.hibernate.SQL                        : 
    select
        i1_0.product_id,
        i1_0.id,
        i1_0.image_url,
        i1_0.primary_image,
        i1_0.public_id 
    from
        product_images i1_0 
    where
        i1_0.product_id=?
2026-08-06T01:52:42.762+05:30 DEBUG 3972 --- [clickkaar-backend] [nio-8080-exec-2] org.hibernate.SQL                        : 
    select
        i1_0.product_id,
        i1_0.id,
        i1_0.image_url,
        i1_0.primary_image,
        i1_0.public_id 
    from
        product_images i1_0 
    where
        i1_0.product_id=?
2026-08-06T01:52:42.764+05:30 DEBUG 3972 --- [clickkaar-backend] [nio-8080-exec-2] org.hibernate.SQL                        : 
    select
        i1_0.product_id,
        i1_0.id,
        i1_0.image_url,
        i1_0.primary_image,
        i1_0.public_id 
    from
        product_images i1_0 
    where
        i1_0.product_id=?
2026-08-06T01:52:42.766+05:30 DEBUG 3972 --- [clickkaar-backend] [nio-8080-exec-2] org.hibernate.SQL                        : 
    select
        i1_0.product_id,
        i1_0.id,
        i1_0.image_url,
        i1_0.primary_image,
        i1_0.public_id 
    from
        product_images i1_0 
    where
        i1_0.product_id=?
2026-08-06T01:52:42.772+05:30 DEBUG 3972 --- [clickkaar-backend] [nio-8080-exec-2] org.hibernate.SQL                        : 
    select
        i1_0.product_id,
        i1_0.id,
        i1_0.image_url,
        i1_0.primary_image,
        i1_0.public_id 
    from
        product_images i1_0 
    where
        i1_0.product_id=?
2026-08-06T01:52:42.776+05:30 DEBUG 3972 --- [clickkaar-backend] [nio-8080-exec-2] org.hibernate.SQL                        : 
    select
        i1_0.product_id,
        i1_0.id,
        i1_0.image_url,
        i1_0.primary_image,
        i1_0.public_id 
    from
        product_images i1_0 
    where
        i1_0.product_id=?
2026-08-06T01:52:42.778+05:30 DEBUG 3972 --- [clickkaar-backend] [nio-8080-exec-2] org.hibernate.SQL                        : 
    select
        i1_0.product_id,
        i1_0.id,
        i1_0.image_url,
        i1_0.primary_image,
        i1_0.public_id 
    from
        product_images i1_0 
    where
        i1_0.product_id=?
2026-08-06T01:52:42.783+05:30 DEBUG 3972 --- [clickkaar-backend] [nio-8080-exec-2] org.hibernate.SQL                        : 
    select
        i1_0.product_id,
        i1_0.id,
        i1_0.image_url,
        i1_0.primary_image,
        i1_0.public_id 
    from
        product_images i1_0 
    where
        i1_0.product_id=?
2026-08-06T01:52:42.786+05:30 DEBUG 3972 --- [clickkaar-backend] [nio-8080-exec-2] org.hibernate.SQL                        : 
    select
        i1_0.product_id,
        i1_0.id,
        i1_0.image_url,
        i1_0.primary_image,
        i1_0.public_id 
    from
        product_images i1_0 
    where
        i1_0.product_id=?
2026-08-06T01:52:42.792+05:30 DEBUG 3972 --- [clickkaar-backend] [nio-8080-exec-2] org.hibernate.SQL                        : 
    select
        i1_0.product_id,
        i1_0.id,
        i1_0.image_url,
        i1_0.primary_image,
        i1_0.public_id 
    from
        product_images i1_0 
    where
        i1_0.product_id=?
2026-08-06T01:52:42.796+05:30 DEBUG 3972 --- [clickkaar-backend] [nio-8080-exec-2] org.hibernate.SQL                        : 
    select
        i1_0.product_id,
        i1_0.id,
        i1_0.image_url,
        i1_0.primary_image,
        i1_0.public_id 
    from
        product_images i1_0 
    where
        i1_0.product_id=?
2026-08-06T01:52:42.801+05:30 DEBUG 3972 --- [clickkaar-backend] [nio-8080-exec-2] org.hibernate.SQL                        : 
    select
        i1_0.product_id,
        i1_0.id,
        i1_0.image_url,
        i1_0.primary_image,
        i1_0.public_id 
    from
        product_images i1_0 
    where
        i1_0.product_id=?
2026-08-06T01:52:42.806+05:30 DEBUG 3972 --- [clickkaar-backend] [nio-8080-exec-2] org.hibernate.SQL                        : 
    select
        i1_0.product_id,
        i1_0.id,
        i1_0.image_url,
        i1_0.primary_image,
        i1_0.public_id 
    from
        product_images i1_0 
    where
        i1_0.product_id=?
2026-08-06T01:52:42.810+05:30 DEBUG 3972 --- [clickkaar-backend] [nio-8080-exec-2] org.hibernate.SQL                        : 
    select
        i1_0.product_id,
        i1_0.id,
        i1_0.image_url,
        i1_0.primary_image,
        i1_0.public_id 
    from
        product_images i1_0 
    where
        i1_0.product_id=?
2026-08-06T01:52:42.815+05:30 DEBUG 3972 --- [clickkaar-backend] [nio-8080-exec-2] org.hibernate.SQL                        : 
    select
        i1_0.product_id,
        i1_0.id,
        i1_0.image_url,
        i1_0.primary_image,
        i1_0.public_id 
    from
        product_images i1_0 
    where
        i1_0.product_id=?
2026-08-06T01:52:42.818+05:30 DEBUG 3972 --- [clickkaar-backend] [nio-8080-exec-2] org.hibernate.SQL                        : 
    select
        i1_0.product_id,
        i1_0.id,
        i1_0.image_url,
        i1_0.primary_image,
        i1_0.public_id 
    from
        product_images i1_0 
    where
        i1_0.product_id=?
2026-08-06T01:52:42.823+05:30 DEBUG 3972 --- [clickkaar-backend] [nio-8080-exec-2] org.hibernate.SQL                        : 
    select
        i1_0.product_id,
        i1_0.id,
        i1_0.image_url,
        i1_0.primary_image,
        i1_0.public_id 
    from
        product_images i1_0 
    where
        i1_0.product_id=?
2026-08-06T01:52:42.825+05:30 DEBUG 3972 --- [clickkaar-backend] [nio-8080-exec-2] org.hibernate.SQL                        : 
    select
        i1_0.product_id,
        i1_0.id,
        i1_0.image_url,
        i1_0.primary_image,
        i1_0.public_id 
    from
        product_images i1_0 
    where
        i1_0.product_id=?
2026-08-06T01:52:42.829+05:30 DEBUG 3972 --- [clickkaar-backend] [nio-8080-exec-2] org.hibernate.SQL                        : 
    select
        i1_0.product_id,
        i1_0.id,
        i1_0.image_url,
        i1_0.primary_image,
        i1_0.public_id 
    from
        product_images i1_0 
    where
        i1_0.product_id=?
2026-08-06T01:52:42.831+05:30 DEBUG 3972 --- [clickkaar-backend] [nio-8080-exec-2] org.hibernate.SQL                        : 
    select
        i1_0.product_id,
        i1_0.id,
        i1_0.image_url,
        i1_0.primary_image,
        i1_0.public_id 
    from
        product_images i1_0 
    where
        i1_0.product_id=?
2026-08-06T01:52:42.837+05:30 DEBUG 3972 --- [clickkaar-backend] [nio-8080-exec-2] m.m.a.RequestResponseBodyMethodProcessor : Using 'application/json', given [application/json, text/plain, */*] and supported [application/json, application/*+json]
2026-08-06T01:52:42.840+05:30 DEBUG 3972 --- [clickkaar-backend] [nio-8080-exec-2] m.m.a.RequestResponseBodyMethodProcessor : Writing [[ProductResponse[id=105, name=Rent Sony a7 M5, brand=Sony, category=CAMERAS, shortDescription=Sony r (truncated)...]
2026-08-06T01:52:42.843+05:30 DEBUG 3972 --- [clickkaar-backend] [nio-8080-exec-2] o.s.web.servlet.DispatcherServlet        : Completed 200 OK
2026-08-06T02:07:27.935+05:30 DEBUG 3972 --- [clickkaar-backend] [nio-8080-exec-5] o.s.web.servlet.DispatcherServlet        : GET "/api/content/reviews", parameters={}
2026-08-06T02:07:27.946+05:30 DEBUG 3972 --- [clickkaar-backend] [nio-8080-exec-5] s.w.s.m.m.a.RequestMappingHandlerMapping : Mapped to com.clickkaar.controller.ContentController#reviews()
2026-08-06T02:07:28.075+05:30 DEBUG 3972 --- [clickkaar-backend] [nio-8080-exec-5] org.hibernate.SQL                        : 
    select
        cr1_0.id,
        cr1_0.admin_reply,
        cr1_0.avatar,
        cr1_0.created_at,
        cr1_0.name,
        cr1_0.quote,
        cr1_0.rating,
        cr1_0.role,
        cr1_0.updated_at 
    from
        customer_reviews cr1_0 
    order by
        cr1_0.created_at desc
2026-08-06T02:07:28.143+05:30 DEBUG 3972 --- [clickkaar-backend] [nio-8080-exec-5] m.m.a.RequestResponseBodyMethodProcessor : Using 'application/json', given [application/json, text/plain, */*] and supported [application/json, application/*+json]
2026-08-06T02:07:28.153+05:30 DEBUG 3972 --- [clickkaar-backend] [nio-8080-exec-5] m.m.a.RequestResponseBodyMethodProcessor : Writing [[CustomerReviewResponse[id=9, name=Tara Shah, role=Content creator, rating=5, quote=Great recommenda (truncated)...]
2026-08-06T02:07:28.184+05:30 DEBUG 3972 --- [clickkaar-backend] [nio-8080-exec-5] o.s.web.servlet.DispatcherServlet        : Completed 200 OK
2026-08-06T02:07:28.936+05:30 DEBUG 3972 --- [clickkaar-backend] [nio-8080-exec-2] org.hibernate.SQL                        : 
    select
        u1_0.id,
        u1_0.alternate_contact_number,
        u1_0.city,
        u1_0.company_bonafide_letter_document_name,
        u1_0.company_name,
        u1_0.country,
        u1_0.created_at,
        u1_0.current_address,
        u1_0.dob,
        u1_0.driving_license_document_name,
        u1_0.electricity_bill_document_name,
        u1_0.email,
        u1_0.enabled,
        u1_0.first_name,
        u1_0.full_name,
        u1_0.gender,
        u1_0.last_name,
        u1_0.mobile,
        u1_0.mobile_verified,
        u1_0.occupation,
        u1_0.password,
        u1_0.photo_document_name,
        u1_0.pincode,
        u1_0.rent_agreement_document_name,
        u1_0.residence_type,
        u1_0.social_media_profile,
        u1_0.state,
        u1_0.updated_at 
    from
        users u1_0 
    where
        u1_0.email=?
2026-08-06T02:07:28.936+05:30 DEBUG 3972 --- [clickkaar-backend] [nio-8080-exec-8] org.hibernate.SQL                        : 
    select
        u1_0.id,
        u1_0.alternate_contact_number,
        u1_0.city,
        u1_0.company_bonafide_letter_document_name,
        u1_0.company_name,
        u1_0.country,
        u1_0.created_at,
        u1_0.current_address,
        u1_0.dob,
        u1_0.driving_license_document_name,
        u1_0.electricity_bill_document_name,
        u1_0.email,
        u1_0.enabled,
        u1_0.first_name,
        u1_0.full_name,
        u1_0.gender,
        u1_0.last_name,
        u1_0.mobile,
        u1_0.mobile_verified,
        u1_0.occupation,
        u1_0.password,
        u1_0.photo_document_name,
        u1_0.pincode,
        u1_0.rent_agreement_document_name,
        u1_0.residence_type,
        u1_0.social_media_profile,
        u1_0.state,
        u1_0.updated_at 
    from
        users u1_0 
    where
        u1_0.email=?
2026-08-06T02:07:28.936+05:30 DEBUG 3972 --- [clickkaar-backend] [nio-8080-exec-3] org.hibernate.SQL                        : 
    select
        u1_0.id,
        u1_0.alternate_contact_number,
        u1_0.city,
        u1_0.company_bonafide_letter_document_name,
        u1_0.company_name,
        u1_0.country,
        u1_0.created_at,
        u1_0.current_address,
        u1_0.dob,
        u1_0.driving_license_document_name,
        u1_0.electricity_bill_document_name,
        u1_0.email,
        u1_0.enabled,
        u1_0.first_name,
        u1_0.full_name,
        u1_0.gender,
        u1_0.last_name,
        u1_0.mobile,
        u1_0.mobile_verified,
        u1_0.occupation,
        u1_0.password,
        u1_0.photo_document_name,
        u1_0.pincode,
        u1_0.rent_agreement_document_name,
        u1_0.residence_type,
        u1_0.social_media_profile,
        u1_0.state,
        u1_0.updated_at 
    from
        users u1_0 
    where
        u1_0.email=?
2026-08-06T02:07:28.936+05:30 DEBUG 3972 --- [clickkaar-backend] [nio-8080-exec-4] org.hibernate.SQL                        : 
    select
        u1_0.id,
        u1_0.alternate_contact_number,
        u1_0.city,
        u1_0.company_bonafide_letter_document_name,
        u1_0.company_name,
        u1_0.country,
        u1_0.created_at,
        u1_0.current_address,
        u1_0.dob,
        u1_0.driving_license_document_name,
        u1_0.electricity_bill_document_name,
        u1_0.email,
        u1_0.enabled,
        u1_0.first_name,
        u1_0.full_name,
        u1_0.gender,
        u1_0.last_name,
        u1_0.mobile,
        u1_0.mobile_verified,
        u1_0.occupation,
        u1_0.password,
        u1_0.photo_document_name,
        u1_0.pincode,
        u1_0.rent_agreement_document_name,
        u1_0.residence_type,
        u1_0.social_media_profile,
        u1_0.state,
        u1_0.updated_at 
    from
        users u1_0 
    where
        u1_0.email=?
2026-08-06T02:07:28.935+05:30 DEBUG 3972 --- [clickkaar-backend] [nio-8080-exec-1] org.hibernate.SQL                        : 
    select
        u1_0.id,
        u1_0.alternate_contact_number,
        u1_0.city,
        u1_0.company_bonafide_letter_document_name,
        u1_0.company_name,
        u1_0.country,
        u1_0.created_at,
        u1_0.current_address,
        u1_0.dob,
        u1_0.driving_license_document_name,
        u1_0.electricity_bill_document_name,
        u1_0.email,
        u1_0.enabled,
        u1_0.first_name,
        u1_0.full_name,
        u1_0.gender,
        u1_0.last_name,
        u1_0.mobile,
        u1_0.mobile_verified,
        u1_0.occupation,
        u1_0.password,
        u1_0.photo_document_name,
        u1_0.pincode,
        u1_0.rent_agreement_document_name,
        u1_0.residence_type,
        u1_0.social_media_profile,
        u1_0.state,
        u1_0.updated_at 
    from
        users u1_0 
    where
        u1_0.email=?
2026-08-06T02:07:28.936+05:30 DEBUG 3972 --- [clickkaar-backend] [io-8080-exec-10] org.hibernate.SQL                        : 
    select
        u1_0.id,
        u1_0.alternate_contact_number,
        u1_0.city,
        u1_0.company_bonafide_letter_document_name,
        u1_0.company_name,
        u1_0.country,
        u1_0.created_at,
        u1_0.current_address,
        u1_0.dob,
        u1_0.driving_license_document_name,
        u1_0.electricity_bill_document_name,
        u1_0.email,
        u1_0.enabled,
        u1_0.first_name,
        u1_0.full_name,
        u1_0.gender,
        u1_0.last_name,
        u1_0.mobile,
        u1_0.mobile_verified,
        u1_0.occupation,
        u1_0.password,
        u1_0.photo_document_name,
        u1_0.pincode,
        u1_0.rent_agreement_document_name,
        u1_0.residence_type,
        u1_0.social_media_profile,
        u1_0.state,
        u1_0.updated_at 
    from
        users u1_0 
    where
        u1_0.email=?
2026-08-06T02:07:28.953+05:30 DEBUG 3972 --- [clickkaar-backend] [io-8080-exec-10] org.hibernate.SQL                        : 
    select
        r1_0.user_id,
        r1_1.id,
        r1_1.name 
    from
        user_roles r1_0 
    join
        roles r1_1 
            on r1_1.id=r1_0.role_id 
    where
        r1_0.user_id=?
2026-08-06T02:07:28.953+05:30 DEBUG 3972 --- [clickkaar-backend] [nio-8080-exec-3] org.hibernate.SQL                        : 
    select
        r1_0.user_id,
        r1_1.id,
        r1_1.name 
    from
        user_roles r1_0 
    join
        roles r1_1 
            on r1_1.id=r1_0.role_id 
    where
        r1_0.user_id=?
2026-08-06T02:07:28.953+05:30 DEBUG 3972 --- [clickkaar-backend] [nio-8080-exec-2] org.hibernate.SQL                        : 
    select
        r1_0.user_id,
        r1_1.id,
        r1_1.name 
    from
        user_roles r1_0 
    join
        roles r1_1 
            on r1_1.id=r1_0.role_id 
    where
        r1_0.user_id=?
2026-08-06T02:07:28.953+05:30 DEBUG 3972 --- [clickkaar-backend] [nio-8080-exec-1] org.hibernate.SQL                        : 
    select
        r1_0.user_id,
        r1_1.id,
        r1_1.name 
    from
        user_roles r1_0 
    join
        roles r1_1 
            on r1_1.id=r1_0.role_id 
    where
        r1_0.user_id=?
2026-08-06T02:07:28.953+05:30 DEBUG 3972 --- [clickkaar-backend] [nio-8080-exec-4] org.hibernate.SQL                        : 
    select
        r1_0.user_id,
        r1_1.id,
        r1_1.name 
    from
        user_roles r1_0 
    join
        roles r1_1 
            on r1_1.id=r1_0.role_id 
    where
        r1_0.user_id=?
2026-08-06T02:07:28.953+05:30 DEBUG 3972 --- [clickkaar-backend] [nio-8080-exec-8] org.hibernate.SQL                        : 
    select
        r1_0.user_id,
        r1_1.id,
        r1_1.name 
    from
        user_roles r1_0 
    join
        roles r1_1 
            on r1_1.id=r1_0.role_id 
    where
        r1_0.user_id=?
2026-08-06T02:07:28.984+05:30 DEBUG 3972 --- [clickkaar-backend] [nio-8080-exec-2] o.s.web.servlet.DispatcherServlet        : GET "/api/admin/customers", parameters={}
2026-08-06T02:07:28.984+05:30 DEBUG 3972 --- [clickkaar-backend] [nio-8080-exec-8] o.s.web.servlet.DispatcherServlet        : GET "/api/admin/payments", parameters={}
2026-08-06T02:07:28.984+05:30 DEBUG 3972 --- [clickkaar-backend] [nio-8080-exec-1] o.s.web.servlet.DispatcherServlet        : GET "/api/admin/content", parameters={}
2026-08-06T02:07:28.984+05:30 DEBUG 3972 --- [clickkaar-backend] [io-8080-exec-10] o.s.web.servlet.DispatcherServlet        : GET "/api/admin/coupons", parameters={}
2026-08-06T02:07:28.985+05:30 DEBUG 3972 --- [clickkaar-backend] [nio-8080-exec-1] s.w.s.m.m.a.RequestMappingHandlerMapping : Mapped to com.clickkaar.controller.AdminController#content()
2026-08-06T02:07:28.984+05:30 DEBUG 3972 --- [clickkaar-backend] [nio-8080-exec-3] o.s.web.servlet.DispatcherServlet        : GET "/api/admin/bookings", parameters={}
2026-08-06T02:07:28.985+05:30 DEBUG 3972 --- [clickkaar-backend] [nio-8080-exec-4] o.s.web.servlet.DispatcherServlet        : GET "/api/admin/gallery", parameters={}
2026-08-06T02:07:28.986+05:30 DEBUG 3972 --- [clickkaar-backend] [nio-8080-exec-3] s.w.s.m.m.a.RequestMappingHandlerMapping : Mapped to com.clickkaar.controller.AdminController#bookings()
2026-08-06T02:07:28.985+05:30 DEBUG 3972 --- [clickkaar-backend] [nio-8080-exec-2] s.w.s.m.m.a.RequestMappingHandlerMapping : Mapped to com.clickkaar.controller.AdminController#customers()
2026-08-06T02:07:28.985+05:30 DEBUG 3972 --- [clickkaar-backend] [nio-8080-exec-8] s.w.s.m.m.a.RequestMappingHandlerMapping : Mapped to com.clickkaar.controller.AdminController#payments()
2026-08-06T02:07:28.986+05:30 DEBUG 3972 --- [clickkaar-backend] [io-8080-exec-10] s.w.s.m.m.a.RequestMappingHandlerMapping : Mapped to com.clickkaar.controller.AdminController#coupons()
2026-08-06T02:07:28.986+05:30 DEBUG 3972 --- [clickkaar-backend] [nio-8080-exec-4] s.w.s.m.m.a.RequestMappingHandlerMapping : Mapped to com.clickkaar.controller.AdminController#galleryImages()
2026-08-06T02:07:29.039+05:30 DEBUG 3972 --- [clickkaar-backend] [nio-8080-exec-4] org.hibernate.SQL                        : 
    select
        gi1_0.id,
        gi1_0.active,
        gi1_0.alt_text,
        gi1_0.created_at,
        gi1_0.display_order,
        gi1_0.image_url,
        gi1_0.tall,
        gi1_0.updated_at,
        gi1_0.wide 
    from
        gallery_images gi1_0 
    order by
        gi1_0.display_order,
        gi1_0.created_at desc
2026-08-06T02:07:29.044+05:30 DEBUG 3972 --- [clickkaar-backend] [nio-8080-exec-4] m.m.a.RequestResponseBodyMethodProcessor : Using 'application/json', given [application/json, text/plain, */*] and supported [application/json, application/*+json]
2026-08-06T02:07:29.044+05:30 DEBUG 3972 --- [clickkaar-backend] [io-8080-exec-10] org.hibernate.SQL                        : 
    select
        c1_0.id,
        c1_0.active,
        c1_0.code,
        c1_0.created_at,
        c1_0.discount_percent,
        c1_0.updated_at,
        c1_0.usage_limit,
        c1_0.used_count,
        c1_0.valid_until 
    from
        coupons c1_0
2026-08-06T02:07:29.045+05:30 DEBUG 3972 --- [clickkaar-backend] [nio-8080-exec-1] org.hibernate.SQL                        : 
    select
        bp1_0.id,
        bp1_0.author_name,
        bp1_0.category,
        bp1_0.content,
        bp1_0.cover_image,
        bp1_0.created_at,
        bp1_0.publish_date,
        bp1_0.seo_description,
        bp1_0.seo_keywords,
        bp1_0.seo_title,
        bp1_0.slug,
        bp1_0.status,
        bp1_0.tags,
        bp1_0.title,
        bp1_0.updated_at 
    from
        blog_posts bp1_0
2026-08-06T02:07:29.045+05:30 DEBUG 3972 --- [clickkaar-backend] [nio-8080-exec-2] org.hibernate.SQL                        : 
    select
        u1_0.id,
        u1_0.alternate_contact_number,
        u1_0.city,
        u1_0.company_bonafide_letter_document_name,
        u1_0.company_name,
        u1_0.country,
        u1_0.created_at,
        u1_0.current_address,
        u1_0.dob,
        u1_0.driving_license_document_name,
        u1_0.electricity_bill_document_name,
        u1_0.email,
        u1_0.enabled,
        u1_0.first_name,
        u1_0.full_name,
        u1_0.gender,
        u1_0.last_name,
        u1_0.mobile,
        u1_0.mobile_verified,
        u1_0.occupation,
        u1_0.password,
        u1_0.photo_document_name,
        u1_0.pincode,
        u1_0.rent_agreement_document_name,
        u1_0.residence_type,
        u1_0.social_media_profile,
        u1_0.state,
        u1_0.updated_at 
    from
        users u1_0
2026-08-06T02:07:29.045+05:30 DEBUG 3972 --- [clickkaar-backend] [nio-8080-exec-4] m.m.a.RequestResponseBodyMethodProcessor : Writing [[GalleryImageResponse[id=1, imageUrl=https://images.unsplash.com/photo-1495707902641-75cac588d2e9?au (truncated)...]
2026-08-06T02:07:29.046+05:30 DEBUG 3972 --- [clickkaar-backend] [nio-8080-exec-8] org.hibernate.SQL                        : 
    select
        p1_0.id,
        p1_0.amount,
        p1_0.booking_id,
        p1_0.created_at,
        p1_0.razorpay_order_id,
        p1_0.razorpay_payment_id,
        p1_0.razorpay_signature,
        p1_0.remark,
        p1_0.status,
        p1_0.type,
        p1_0.updated_at 
    from
        payments p1_0
2026-08-06T02:07:29.046+05:30 DEBUG 3972 --- [clickkaar-backend] [nio-8080-exec-3] org.hibernate.SQL                        : 
    select
        b1_0.id,
        b1_0.booking_number,
        b1_0.created_at,
        b1_0.customer_id,
        b1_0.rental_days,
        b1_0.rental_end_date,
        b1_0.rental_start_date,
        b1_0.status,
        b1_0.total_amount,
        b1_0.updated_at 
    from
        bookings b1_0
2026-08-06T02:07:29.049+05:30 DEBUG 3972 --- [clickkaar-backend] [nio-8080-exec-4] o.s.web.servlet.DispatcherServlet        : Completed 200 OK
2026-08-06T02:07:29.054+05:30 DEBUG 3972 --- [clickkaar-backend] [nio-8080-exec-3] org.hibernate.SQL                        : 
    select
        u1_0.id,
        u1_0.alternate_contact_number,
        u1_0.city,
        u1_0.company_bonafide_letter_document_name,
        u1_0.company_name,
        u1_0.country,
        u1_0.created_at,
        u1_0.current_address,
        u1_0.dob,
        u1_0.driving_license_document_name,
        u1_0.electricity_bill_document_name,
        u1_0.email,
        u1_0.enabled,
        u1_0.first_name,
        u1_0.full_name,
        u1_0.gender,
        u1_0.last_name,
        u1_0.mobile,
        u1_0.mobile_verified,
        u1_0.occupation,
        u1_0.password,
        u1_0.photo_document_name,
        u1_0.pincode,
        u1_0.rent_agreement_document_name,
        u1_0.residence_type,
        r1_0.user_id,
        r1_1.id,
        r1_1.name,
        u1_0.social_media_profile,
        u1_0.state,
        u1_0.updated_at 
    from
        users u1_0 
    left join
        user_roles r1_0 
            on u1_0.id=r1_0.user_id 
    left join
        roles r1_1 
            on r1_1.id=r1_0.role_id 
    where
        u1_0.id=?
2026-08-06T02:07:29.055+05:30 DEBUG 3972 --- [clickkaar-backend] [nio-8080-exec-2] org.hibernate.SQL                        : 
    select
        r1_0.user_id,
        r1_1.id,
        r1_1.name 
    from
        user_roles r1_0 
    join
        roles r1_1 
            on r1_1.id=r1_0.role_id 
    where
        r1_0.user_id=?
2026-08-06T02:07:29.056+05:30 DEBUG 3972 --- [clickkaar-backend] [io-8080-exec-10] m.m.a.RequestResponseBodyMethodProcessor : Using 'application/json', given [application/json, text/plain, */*] and supported [application/json, application/*+json]
2026-08-06T02:07:29.058+05:30 DEBUG 3972 --- [clickkaar-backend] [nio-8080-exec-2] org.hibernate.SQL                        : 
    select
        r1_0.user_id,
        r1_1.id,
        r1_1.name 
    from
        user_roles r1_0 
    join
        roles r1_1 
            on r1_1.id=r1_0.role_id 
    where
        r1_0.user_id=?
2026-08-06T02:07:29.059+05:30 DEBUG 3972 --- [clickkaar-backend] [nio-8080-exec-8] org.hibernate.SQL                        : 
    select
        b1_0.id,
        b1_0.booking_number,
        b1_0.created_at,
        b1_0.customer_id,
        c1_0.id,
        c1_0.alternate_contact_number,
        c1_0.city,
        c1_0.company_bonafide_letter_document_name,
        c1_0.company_name,
        c1_0.country,
        c1_0.created_at,
        c1_0.current_address,
        c1_0.dob,
        c1_0.driving_license_document_name,
        c1_0.electricity_bill_document_name,
        c1_0.email,
        c1_0.enabled,
        c1_0.first_name,
        c1_0.full_name,
        c1_0.gender,
        c1_0.last_name,
        c1_0.mobile,
        c1_0.mobile_verified,
        c1_0.occupation,
        c1_0.password,
        c1_0.photo_document_name,
        c1_0.pincode,
        c1_0.rent_agreement_document_name,
        c1_0.residence_type,
        r1_0.user_id,
        r1_1.id,
        r1_1.name,
        c1_0.social_media_profile,
        c1_0.state,
        c1_0.updated_at,
        b1_0.rental_days,
        b1_0.rental_end_date,
        b1_0.rental_start_date,
        b1_0.status,
        b1_0.total_amount,
        b1_0.updated_at 
    from
        bookings b1_0 
    join
        users c1_0 
            on c1_0.id=b1_0.customer_id 
    left join
        user_roles r1_0 
            on c1_0.id=r1_0.user_id 
    left join
        roles r1_1 
            on r1_1.id=r1_0.role_id 
    where
        b1_0.id=?
2026-08-06T02:07:29.060+05:30 DEBUG 3972 --- [clickkaar-backend] [nio-8080-exec-1] org.hibernate.SQL                        : 
    select
        sc1_0.id,
        sc1_0.content,
        sc1_0.created_at,
        sc1_0.page_key,
        sc1_0.updated_at 
    from
        static_contents sc1_0
2026-08-06T02:07:29.061+05:30 DEBUG 3972 --- [clickkaar-backend] [nio-8080-exec-2] org.hibernate.SQL                        : 
    select
        r1_0.user_id,
        r1_1.id,
        r1_1.name 
    from
        user_roles r1_0 
    join
        roles r1_1 
            on r1_1.id=r1_0.role_id 
    where
        r1_0.user_id=?
2026-08-06T02:07:29.062+05:30 DEBUG 3972 --- [clickkaar-backend] [nio-8080-exec-7] org.hibernate.SQL                        : 
    select
        u1_0.id,
        u1_0.alternate_contact_number,
        u1_0.city,
        u1_0.company_bonafide_letter_document_name,
        u1_0.company_name,
        u1_0.country,
        u1_0.created_at,
        u1_0.current_address,
        u1_0.dob,
        u1_0.driving_license_document_name,
        u1_0.electricity_bill_document_name,
        u1_0.email,
        u1_0.enabled,
        u1_0.first_name,
        u1_0.full_name,
        u1_0.gender,
        u1_0.last_name,
        u1_0.mobile,
        u1_0.mobile_verified,
        u1_0.occupation,
        u1_0.password,
        u1_0.photo_document_name,
        u1_0.pincode,
        u1_0.rent_agreement_document_name,
        u1_0.residence_type,
        u1_0.social_media_profile,
        u1_0.state,
        u1_0.updated_at 
    from
        users u1_0 
    where
        u1_0.email=?
2026-08-06T02:07:29.063+05:30 DEBUG 3972 --- [clickkaar-backend] [nio-8080-exec-3] org.hibernate.SQL                        : 
    select
        u1_0.id,
        u1_0.alternate_contact_number,
        u1_0.city,
        u1_0.company_bonafide_letter_document_name,
        u1_0.company_name,
        u1_0.country,
        u1_0.created_at,
        u1_0.current_address,
        u1_0.dob,
        u1_0.driving_license_document_name,
        u1_0.electricity_bill_document_name,
        u1_0.email,
        u1_0.enabled,
        u1_0.first_name,
        u1_0.full_name,
        u1_0.gender,
        u1_0.last_name,
        u1_0.mobile,
        u1_0.mobile_verified,
        u1_0.occupation,
        u1_0.password,
        u1_0.photo_document_name,
        u1_0.pincode,
        u1_0.rent_agreement_document_name,
        u1_0.residence_type,
        r1_0.user_id,
        r1_1.id,
        r1_1.name,
        u1_0.social_media_profile,
        u1_0.state,
        u1_0.updated_at 
    from
        users u1_0 
    left join
        user_roles r1_0 
            on u1_0.id=r1_0.user_id 
    left join
        roles r1_1 
            on r1_1.id=r1_0.role_id 
    where
        u1_0.id=?
2026-08-06T02:07:29.064+05:30 DEBUG 3972 --- [clickkaar-backend] [nio-8080-exec-8] org.hibernate.SQL                        : 
    select
        b1_0.id,
        b1_0.booking_number,
        b1_0.created_at,
        b1_0.customer_id,
        c1_0.id,
        c1_0.alternate_contact_number,
        c1_0.city,
        c1_0.company_bonafide_letter_document_name,
        c1_0.company_name,
        c1_0.country,
        c1_0.created_at,
        c1_0.current_address,
        c1_0.dob,
        c1_0.driving_license_document_name,
        c1_0.electricity_bill_document_name,
        c1_0.email,
        c1_0.enabled,
        c1_0.first_name,
        c1_0.full_name,
        c1_0.gender,
        c1_0.last_name,
        c1_0.mobile,
        c1_0.mobile_verified,
        c1_0.occupation,
        c1_0.password,
        c1_0.photo_document_name,
        c1_0.pincode,
        c1_0.rent_agreement_document_name,
        c1_0.residence_type,
        r1_0.user_id,
        r1_1.id,
        r1_1.name,
        c1_0.social_media_profile,
        c1_0.state,
        c1_0.updated_at,
        b1_0.rental_days,
        b1_0.rental_end_date,
        b1_0.rental_start_date,
        b1_0.status,
        b1_0.total_amount,
        b1_0.updated_at 
    from
        bookings b1_0 
    join
        users c1_0 
            on c1_0.id=b1_0.customer_id 
    left join
        user_roles r1_0 
            on c1_0.id=r1_0.user_id 
    left join
        roles r1_1 
            on r1_1.id=r1_0.role_id 
    where
        b1_0.id=?
2026-08-06T02:07:29.065+05:30 DEBUG 3972 --- [clickkaar-backend] [nio-8080-exec-7] org.hibernate.SQL                        : 
    select
        r1_0.user_id,
        r1_1.id,
        r1_1.name 
    from
        user_roles r1_0 
    join
        roles r1_1 
            on r1_1.id=r1_0.role_id 
    where
        r1_0.user_id=?
2026-08-06T02:07:29.064+05:30 DEBUG 3972 --- [clickkaar-backend] [nio-8080-exec-2] org.hibernate.SQL                        : 
    select
        r1_0.user_id,
        r1_1.id,
        r1_1.name 
    from
        user_roles r1_0 
    join
        roles r1_1 
            on r1_1.id=r1_0.role_id 
    where
        r1_0.user_id=?
2026-08-06T02:07:29.065+05:30 DEBUG 3972 --- [clickkaar-backend] [io-8080-exec-10] m.m.a.RequestResponseBodyMethodProcessor : Writing [[AdminCouponResponse[id=1, code=FRIENDS, discountPercent=50.00, active=true, usageLimit=null, usedCo (truncated)...]
2026-08-06T02:07:29.066+05:30 DEBUG 3972 --- [clickkaar-backend] [nio-8080-exec-3] org.hibernate.SQL                        : 
    select
        u1_0.id,
        u1_0.alternate_contact_number,
        u1_0.city,
        u1_0.company_bonafide_letter_document_name,
        u1_0.company_name,
        u1_0.country,
        u1_0.created_at,
        u1_0.current_address,
        u1_0.dob,
        u1_0.driving_license_document_name,
        u1_0.electricity_bill_document_name,
        u1_0.email,
        u1_0.enabled,
        u1_0.first_name,
        u1_0.full_name,
        u1_0.gender,
        u1_0.last_name,
        u1_0.mobile,
        u1_0.mobile_verified,
        u1_0.occupation,
        u1_0.password,
        u1_0.photo_document_name,
        u1_0.pincode,
        u1_0.rent_agreement_document_name,
        u1_0.residence_type,
        r1_0.user_id,
        r1_1.id,
        r1_1.name,
        u1_0.social_media_profile,
        u1_0.state,
        u1_0.updated_at 
    from
        users u1_0 
    left join
        user_roles r1_0 
            on u1_0.id=r1_0.user_id 
    left join
        roles r1_1 
            on r1_1.id=r1_0.role_id 
    where
        u1_0.id=?
2026-08-06T02:07:29.067+05:30 DEBUG 3972 --- [clickkaar-backend] [nio-8080-exec-2] org.hibernate.SQL                        : 
    select
        r1_0.user_id,
        r1_1.id,
        r1_1.name 
    from
        user_roles r1_0 
    join
        roles r1_1 
            on r1_1.id=r1_0.role_id 
    where
        r1_0.user_id=?
2026-08-06T02:07:29.069+05:30 DEBUG 3972 --- [clickkaar-backend] [nio-8080-exec-8] org.hibernate.SQL                        : 
    select
        b1_0.id,
        b1_0.booking_number,
        b1_0.created_at,
        b1_0.customer_id,
        c1_0.id,
        c1_0.alternate_contact_number,
        c1_0.city,
        c1_0.company_bonafide_letter_document_name,
        c1_0.company_name,
        c1_0.country,
        c1_0.created_at,
        c1_0.current_address,
        c1_0.dob,
        c1_0.driving_license_document_name,
        c1_0.electricity_bill_document_name,
        c1_0.email,
        c1_0.enabled,
        c1_0.first_name,
        c1_0.full_name,
        c1_0.gender,
        c1_0.last_name,
        c1_0.mobile,
        c1_0.mobile_verified,
        c1_0.occupation,
        c1_0.password,
        c1_0.photo_document_name,
        c1_0.pincode,
        c1_0.rent_agreement_document_name,
        c1_0.residence_type,
        r1_0.user_id,
        r1_1.id,
        r1_1.name,
        c1_0.social_media_profile,
        c1_0.state,
        c1_0.updated_at,
        b1_0.rental_days,
        b1_0.rental_end_date,
        b1_0.rental_start_date,
        b1_0.status,
        b1_0.total_amount,
        b1_0.updated_at 
    from
        bookings b1_0 
    join
        users c1_0 
            on c1_0.id=b1_0.customer_id 
    left join
        user_roles r1_0 
            on c1_0.id=r1_0.user_id 
    left join
        roles r1_1 
            on r1_1.id=r1_0.role_id 
    where
        b1_0.id=?
2026-08-06T02:07:29.071+05:30 DEBUG 3972 --- [clickkaar-backend] [nio-8080-exec-2] org.hibernate.SQL                        : 
    select
        r1_0.user_id,
        r1_1.id,
        r1_1.name 
    from
        user_roles r1_0 
    join
        roles r1_1 
            on r1_1.id=r1_0.role_id 
    where
        r1_0.user_id=?
2026-08-06T02:07:29.072+05:30 DEBUG 3972 --- [clickkaar-backend] [nio-8080-exec-3] org.hibernate.SQL                        : 
    select
        u1_0.id,
        u1_0.alternate_contact_number,
        u1_0.city,
        u1_0.company_bonafide_letter_document_name,
        u1_0.company_name,
        u1_0.country,
        u1_0.created_at,
        u1_0.current_address,
        u1_0.dob,
        u1_0.driving_license_document_name,
        u1_0.electricity_bill_document_name,
        u1_0.email,
        u1_0.enabled,
        u1_0.first_name,
        u1_0.full_name,
        u1_0.gender,
        u1_0.last_name,
        u1_0.mobile,
        u1_0.mobile_verified,
        u1_0.occupation,
        u1_0.password,
        u1_0.photo_document_name,
        u1_0.pincode,
        u1_0.rent_agreement_document_name,
        u1_0.residence_type,
        r1_0.user_id,
        r1_1.id,
        r1_1.name,
        u1_0.social_media_profile,
        u1_0.state,
        u1_0.updated_at 
    from
        users u1_0 
    left join
        user_roles r1_0 
            on u1_0.id=r1_0.user_id 
    left join
        roles r1_1 
            on r1_1.id=r1_0.role_id 
    where
        u1_0.id=?
2026-08-06T02:07:29.072+05:30 DEBUG 3972 --- [clickkaar-backend] [nio-8080-exec-7] o.s.web.servlet.DispatcherServlet        : GET "/api/admin/reports/categories", parameters={}
2026-08-06T02:07:29.073+05:30 DEBUG 3972 --- [clickkaar-backend] [nio-8080-exec-7] s.w.s.m.m.a.RequestMappingHandlerMapping : Mapped to com.clickkaar.controller.AdminController#categoryReports()
2026-08-06T02:07:29.074+05:30 DEBUG 3972 --- [clickkaar-backend] [nio-8080-exec-2] org.hibernate.SQL                        : 
    select
        r1_0.user_id,
        r1_1.id,
        r1_1.name 
    from
        user_roles r1_0 
    join
        roles r1_1 
            on r1_1.id=r1_0.role_id 
    where
        r1_0.user_id=?
2026-08-06T02:07:29.074+05:30 DEBUG 3972 --- [clickkaar-backend] [nio-8080-exec-8] org.hibernate.SQL                        : 
    select
        b1_0.id,
        b1_0.booking_number,
        b1_0.created_at,
        b1_0.customer_id,
        c1_0.id,
        c1_0.alternate_contact_number,
        c1_0.city,
        c1_0.company_bonafide_letter_document_name,
        c1_0.company_name,
        c1_0.country,
        c1_0.created_at,
        c1_0.current_address,
        c1_0.dob,
        c1_0.driving_license_document_name,
        c1_0.electricity_bill_document_name,
        c1_0.email,
        c1_0.enabled,
        c1_0.first_name,
        c1_0.full_name,
        c1_0.gender,
        c1_0.last_name,
        c1_0.mobile,
        c1_0.mobile_verified,
        c1_0.occupation,
        c1_0.password,
        c1_0.photo_document_name,
        c1_0.pincode,
        c1_0.rent_agreement_document_name,
        c1_0.residence_type,
        r1_0.user_id,
        r1_1.id,
        r1_1.name,
        c1_0.social_media_profile,
        c1_0.state,
        c1_0.updated_at,
        b1_0.rental_days,
        b1_0.rental_end_date,
        b1_0.rental_start_date,
        b1_0.status,
        b1_0.total_amount,
        b1_0.updated_at 
    from
        bookings b1_0 
    join
        users c1_0 
            on c1_0.id=b1_0.customer_id 
    left join
        user_roles r1_0 
            on c1_0.id=r1_0.user_id 
    left join
        roles r1_1 
            on r1_1.id=r1_0.role_id 
    where
        b1_0.id=?
2026-08-06T02:07:29.075+05:30 DEBUG 3972 --- [clickkaar-backend] [nio-8080-exec-1] m.m.a.RequestResponseBodyMethodProcessor : Using 'application/json', given [application/json, text/plain, */*] and supported [application/json, application/*+json]
2026-08-06T02:07:29.076+05:30 DEBUG 3972 --- [clickkaar-backend] [io-8080-exec-10] o.s.web.servlet.DispatcherServlet        : Completed 200 OK
2026-08-06T02:07:29.076+05:30 DEBUG 3972 --- [clickkaar-backend] [nio-8080-exec-3] org.hibernate.SQL                        : 
    select
        u1_0.id,
        u1_0.alternate_contact_number,
        u1_0.city,
        u1_0.company_bonafide_letter_document_name,
        u1_0.company_name,
        u1_0.country,
        u1_0.created_at,
        u1_0.current_address,
        u1_0.dob,
        u1_0.driving_license_document_name,
        u1_0.electricity_bill_document_name,
        u1_0.email,
        u1_0.enabled,
        u1_0.first_name,
        u1_0.full_name,
        u1_0.gender,
        u1_0.last_name,
        u1_0.mobile,
        u1_0.mobile_verified,
        u1_0.occupation,
        u1_0.password,
        u1_0.photo_document_name,
        u1_0.pincode,
        u1_0.rent_agreement_document_name,
        u1_0.residence_type,
        r1_0.user_id,
        r1_1.id,
        r1_1.name,
        u1_0.social_media_profile,
        u1_0.state,
        u1_0.updated_at 
    from
        users u1_0 
    left join
        user_roles r1_0 
            on u1_0.id=r1_0.user_id 
    left join
        roles r1_1 
            on r1_1.id=r1_0.role_id 
    where
        u1_0.id=?
2026-08-06T02:07:29.078+05:30 DEBUG 3972 --- [clickkaar-backend] [nio-8080-exec-2] org.hibernate.SQL                        : 
    select
        r1_0.user_id,
        r1_1.id,
        r1_1.name 
    from
        user_roles r1_0 
    join
        roles r1_1 
            on r1_1.id=r1_0.role_id 
    where
        r1_0.user_id=?
2026-08-06T02:07:29.081+05:30 DEBUG 3972 --- [clickkaar-backend] [nio-8080-exec-2] org.hibernate.SQL                        : 
    select
        r1_0.user_id,
        r1_1.id,
        r1_1.name 
    from
        user_roles r1_0 
    join
        roles r1_1 
            on r1_1.id=r1_0.role_id 
    where
        r1_0.user_id=?
2026-08-06T02:07:29.082+05:30 DEBUG 3972 --- [clickkaar-backend] [nio-8080-exec-7] org.hibernate.SQL                        : 
    select
        p1_0.id,
        p1_0.availability_status,
        p1_0.brand,
        p1_0.category_id,
        p1_0.created_at,
        p1_0.daily_price,
        p1_0.full_description,
        p1_0.image_link,
        p1_0.invoice_url,
        p1_0.link_1,
        p1_0.link_2,
        p1_0.name,
        p1_0.short_description,
        p1_0.specs,
        p1_0.stock,
        p1_0.updated_at,
        p1_0.warranty_date,
        p1_0.weekly_price 
    from
        products p1_0
2026-08-06T02:07:29.086+05:30 DEBUG 3972 --- [clickkaar-backend] [nio-8080-exec-3] org.hibernate.SQL                        : 
    select
        p1_0.id,
        p1_0.amount,
        p1_0.booking_id,
        p1_0.created_at,
        p1_0.razorpay_order_id,
        p1_0.razorpay_payment_id,
        p1_0.razorpay_signature,
        p1_0.remark,
        p1_0.status,
        p1_0.type,
        p1_0.updated_at 
    from
        payments p1_0
2026-08-06T02:07:29.086+05:30 DEBUG 3972 --- [clickkaar-backend] [nio-8080-exec-2] org.hibernate.SQL                        : 
    select
        r1_0.user_id,
        r1_1.id,
        r1_1.name 
    from
        user_roles r1_0 
    join
        roles r1_1 
            on r1_1.id=r1_0.role_id 
    where
        r1_0.user_id=?
2026-08-06T02:07:29.087+05:30 DEBUG 3972 --- [clickkaar-backend] [nio-8080-exec-7] org.hibernate.SQL                        : 
    select
        c1_0.id,
        c1_0.created_at,
        c1_0.description,
        c1_0.display_name,
        c1_0.name,
        c1_0.updated_at 
    from
        categories c1_0 
    where
        c1_0.id=?
2026-08-06T02:07:29.087+05:30 DEBUG 3972 --- [clickkaar-backend] [nio-8080-exec-2] org.hibernate.SQL                        : 
    select
        r1_0.user_id,
        r1_1.id,
        r1_1.name 
    from
        user_roles r1_0 
    join
        roles r1_1 
            on r1_1.id=r1_0.role_id 
    where
        r1_0.user_id=?
2026-08-06T02:07:29.090+05:30 DEBUG 3972 --- [clickkaar-backend] [nio-8080-exec-6] org.hibernate.SQL                        : 
    select
        u1_0.id,
        u1_0.alternate_contact_number,
        u1_0.city,
        u1_0.company_bonafide_letter_document_name,
        u1_0.company_name,
        u1_0.country,
        u1_0.created_at,
        u1_0.current_address,
        u1_0.dob,
        u1_0.driving_license_document_name,
        u1_0.electricity_bill_document_name,
        u1_0.email,
        u1_0.enabled,
        u1_0.first_name,
        u1_0.full_name,
        u1_0.gender,
        u1_0.last_name,
        u1_0.mobile,
        u1_0.mobile_verified,
        u1_0.occupation,
        u1_0.password,
        u1_0.photo_document_name,
        u1_0.pincode,
        u1_0.rent_agreement_document_name,
        u1_0.residence_type,
        u1_0.social_media_profile,
        u1_0.state,
        u1_0.updated_at 
    from
        users u1_0 
    where
        u1_0.email=?
2026-08-06T02:07:29.090+05:30 DEBUG 3972 --- [clickkaar-backend] [nio-8080-exec-2] org.hibernate.SQL                        : 
    select
        r1_0.user_id,
        r1_1.id,
        r1_1.name 
    from
        user_roles r1_0 
    join
        roles r1_1 
            on r1_1.id=r1_0.role_id 
    where
        r1_0.user_id=?
2026-08-06T02:07:29.091+05:30 DEBUG 3972 --- [clickkaar-backend] [nio-8080-exec-7] org.hibernate.SQL                        : 
    select
        c1_0.id,
        c1_0.created_at,
        c1_0.description,
        c1_0.display_name,
        c1_0.name,
        c1_0.updated_at 
    from
        categories c1_0 
    where
        c1_0.id=?
2026-08-06T02:07:29.093+05:30 DEBUG 3972 --- [clickkaar-backend] [nio-8080-exec-6] org.hibernate.SQL                        : 
    select
        r1_0.user_id,
        r1_1.id,
        r1_1.name 
    from
        user_roles r1_0 
    join
        roles r1_1 
            on r1_1.id=r1_0.role_id 
    where
        r1_0.user_id=?
2026-08-06T02:07:29.093+05:30 DEBUG 3972 --- [clickkaar-backend] [nio-8080-exec-8] org.hibernate.SQL                        : 
    select
        count(prl1_0.id) 
    from
        payment_remark_logs prl1_0 
    where
        prl1_0.payment_id=?
2026-08-06T02:07:29.093+05:30 DEBUG 3972 --- [clickkaar-backend] [nio-8080-exec-2] org.hibernate.SQL                        : 
    select
        r1_0.user_id,
        r1_1.id,
        r1_1.name 
    from
        user_roles r1_0 
    join
        roles r1_1 
            on r1_1.id=r1_0.role_id 
    where
        r1_0.user_id=?
2026-08-06T02:07:29.094+05:30 DEBUG 3972 --- [clickkaar-backend] [nio-8080-exec-7] org.hibernate.SQL                        : 
    select
        c1_0.id,
        c1_0.created_at,
        c1_0.description,
        c1_0.display_name,
        c1_0.name,
        c1_0.updated_at 
    from
        categories c1_0 
    where
        c1_0.id=?
2026-08-06T02:07:29.095+05:30 DEBUG 3972 --- [clickkaar-backend] [nio-8080-exec-2] org.hibernate.SQL                        : 
    select
        r1_0.user_id,
        r1_1.id,
        r1_1.name 
    from
        user_roles r1_0 
    join
        roles r1_1 
            on r1_1.id=r1_0.role_id 
    where
        r1_0.user_id=?
2026-08-06T02:07:29.098+05:30 DEBUG 3972 --- [clickkaar-backend] [nio-8080-exec-7] org.hibernate.SQL                        : 
    select
        c1_0.id,
        c1_0.created_at,
        c1_0.description,
        c1_0.display_name,
        c1_0.name,
        c1_0.updated_at 
    from
        categories c1_0 
    where
        c1_0.id=?
2026-08-06T02:07:29.098+05:30 DEBUG 3972 --- [clickkaar-backend] [nio-8080-exec-3] org.hibernate.SQL                        : 
    select
        bn1_0.id,
        bn1_0.admin_id,
        bn1_0.booking_id,
        bn1_0.created_at,
        bn1_0.note,
        bn1_0.updated_at 
    from
        booking_notes bn1_0 
    where
        bn1_0.booking_id=?
2026-08-06T02:07:29.099+05:30 DEBUG 3972 --- [clickkaar-backend] [nio-8080-exec-2] org.hibernate.SQL                        : 
    select
        r1_0.user_id,
        r1_1.id,
        r1_1.name 
    from
        user_roles r1_0 
    join
        roles r1_1 
            on r1_1.id=r1_0.role_id 
    where
        r1_0.user_id=?
2026-08-06T02:07:29.100+05:30 DEBUG 3972 --- [clickkaar-backend] [nio-8080-exec-6] o.s.web.servlet.DispatcherServlet        : GET "/api/admin/roles/permissions", parameters={}
2026-08-06T02:07:29.101+05:30 DEBUG 3972 --- [clickkaar-backend] [nio-8080-exec-2] org.hibernate.SQL                        : 
    select
        r1_0.user_id,
        r1_1.id,
        r1_1.name 
    from
        user_roles r1_0 
    join
        roles r1_1 
            on r1_1.id=r1_0.role_id 
    where
        r1_0.user_id=?
2026-08-06T02:07:29.100+05:30 DEBUG 3972 --- [clickkaar-backend] [nio-8080-exec-8] org.hibernate.SQL                        : 
    select
        count(prl1_0.id) 
    from
        payment_remark_logs prl1_0 
    where
        prl1_0.payment_id=?
2026-08-06T02:07:29.102+05:30 DEBUG 3972 --- [clickkaar-backend] [nio-8080-exec-6] s.w.s.m.m.a.RequestMappingHandlerMapping : Mapped to com.clickkaar.controller.AdminController#rolePermissions()
2026-08-06T02:07:29.104+05:30 DEBUG 3972 --- [clickkaar-backend] [nio-8080-exec-2] org.hibernate.SQL                        : 
    select
        r1_0.user_id,
        r1_1.id,
        r1_1.name 
    from
        user_roles r1_0 
    join
        roles r1_1 
            on r1_1.id=r1_0.role_id 
    where
        r1_0.user_id=?
2026-08-06T02:07:29.104+05:30 DEBUG 3972 --- [clickkaar-backend] [nio-8080-exec-7] org.hibernate.SQL                        : 
    select
        c1_0.id,
        c1_0.created_at,
        c1_0.description,
        c1_0.display_name,
        c1_0.name,
        c1_0.updated_at 
    from
        categories c1_0 
    where
        c1_0.id=?
2026-08-06T02:07:29.106+05:30 DEBUG 3972 --- [clickkaar-backend] [nio-8080-exec-2] org.hibernate.SQL                        : 
    select
        r1_0.user_id,
        r1_1.id,
        r1_1.name 
    from
        user_roles r1_0 
    join
        roles r1_1 
            on r1_1.id=r1_0.role_id 
    where
        r1_0.user_id=?
2026-08-06T02:07:29.107+05:30 DEBUG 3972 --- [clickkaar-backend] [nio-8080-exec-8] org.hibernate.SQL                        : 
    select
        count(prl1_0.id) 
    from
        payment_remark_logs prl1_0 
    where
        prl1_0.payment_id=?
2026-08-06T02:07:29.107+05:30 DEBUG 3972 --- [clickkaar-backend] [nio-8080-exec-7] org.hibernate.SQL                        : 
    select
        c1_0.id,
        c1_0.created_at,
        c1_0.description,
        c1_0.display_name,
        c1_0.name,
        c1_0.updated_at 
    from
        categories c1_0 
    where
        c1_0.id=?
2026-08-06T02:07:29.110+05:30 DEBUG 3972 --- [clickkaar-backend] [nio-8080-exec-6] m.m.a.RequestResponseBodyMethodProcessor : Using 'application/json', given [application/json, text/plain, */*] and supported [application/json, application/*+json]
2026-08-06T02:07:29.110+05:30 DEBUG 3972 --- [clickkaar-backend] [nio-8080-exec-2] org.hibernate.SQL                        : 
    select
        r1_0.user_id,
        r1_1.id,
        r1_1.name 
    from
        user_roles r1_0 
    join
        roles r1_1 
            on r1_1.id=r1_0.role_id 
    where
        r1_0.user_id=?
2026-08-06T02:07:29.112+05:30 DEBUG 3972 --- [clickkaar-backend] [nio-8080-exec-8] org.hibernate.SQL                        : 
    select
        count(prl1_0.id) 
    from
        payment_remark_logs prl1_0 
    where
        prl1_0.payment_id=?
2026-08-06T02:07:29.113+05:30 DEBUG 3972 --- [clickkaar-backend] [nio-8080-exec-2] org.hibernate.SQL                        : 
    select
        r1_0.user_id,
        r1_1.id,
        r1_1.name 
    from
        user_roles r1_0 
    join
        roles r1_1 
            on r1_1.id=r1_0.role_id 
    where
        r1_0.user_id=?
2026-08-06T02:07:29.114+05:30 DEBUG 3972 --- [clickkaar-backend] [nio-8080-exec-3] org.hibernate.SQL                        : 
    select
        u1_0.id,
        u1_0.alternate_contact_number,
        u1_0.city,
        u1_0.company_bonafide_letter_document_name,
        u1_0.company_name,
        u1_0.country,
        u1_0.created_at,
        u1_0.current_address,
        u1_0.dob,
        u1_0.driving_license_document_name,
        u1_0.electricity_bill_document_name,
        u1_0.email,
        u1_0.enabled,
        u1_0.first_name,
        u1_0.full_name,
        u1_0.gender,
        u1_0.last_name,
        u1_0.mobile,
        u1_0.mobile_verified,
        u1_0.occupation,
        u1_0.password,
        u1_0.photo_document_name,
        u1_0.pincode,
        u1_0.rent_agreement_document_name,
        u1_0.residence_type,
        r1_0.user_id,
        r1_1.id,
        r1_1.name,
        u1_0.social_media_profile,
        u1_0.state,
        u1_0.updated_at 
    from
        users u1_0 
    left join
        user_roles r1_0 
            on u1_0.id=r1_0.user_id 
    left join
        roles r1_1 
            on r1_1.id=r1_0.role_id 
    where
        u1_0.id=?
2026-08-06T02:07:29.114+05:30 DEBUG 3972 --- [clickkaar-backend] [nio-8080-exec-2] org.hibernate.SQL                        : 
    select
        r1_0.user_id,
        r1_1.id,
        r1_1.name 
    from
        user_roles r1_0 
    join
        roles r1_1 
            on r1_1.id=r1_0.role_id 
    where
        r1_0.user_id=?
2026-08-06T02:07:29.114+05:30 DEBUG 3972 --- [clickkaar-backend] [nio-8080-exec-8] m.m.a.RequestResponseBodyMethodProcessor : Using 'application/json', given [application/json, text/plain, */*] and supported [application/json, application/*+json]
2026-08-06T02:07:29.116+05:30 DEBUG 3972 --- [clickkaar-backend] [nio-8080-exec-2] org.hibernate.SQL                        : 
    select
        r1_0.user_id,
        r1_1.id,
        r1_1.name 
    from
        user_roles r1_0 
    join
        roles r1_1 
            on r1_1.id=r1_0.role_id 
    where
        r1_0.user_id=?
2026-08-06T02:07:29.118+05:30 DEBUG 3972 --- [clickkaar-backend] [nio-8080-exec-3] org.hibernate.SQL                        : 
    select
        i1_0.booking_id,
        i1_0.id,
        i1_0.daily_price,
        i1_0.line_total,
        i1_0.product_id,
        p1_0.id,
        p1_0.availability_status,
        p1_0.brand,
        p1_0.category_id,
        c1_0.id,
        c1_0.created_at,
        c1_0.description,
        c1_0.display_name,
        c1_0.name,
        c1_0.updated_at,
        p1_0.created_at,
        p1_0.daily_price,
        p1_0.full_description,
        p1_0.image_link,
        p1_0.invoice_url,
        p1_0.link_1,
        p1_0.link_2,
        p1_0.name,
        p1_0.short_description,
        p1_0.specs,
        p1_0.stock,
        p1_0.updated_at,
        p1_0.warranty_date,
        p1_0.weekly_price 
    from
        booking_items i1_0 
    left join
        products p1_0 
            on p1_0.id=i1_0.product_id 
    left join
        categories c1_0 
            on c1_0.id=p1_0.category_id 
    where
        i1_0.booking_id=?
2026-08-06T02:07:29.119+05:30 DEBUG 3972 --- [clickkaar-backend] [nio-8080-exec-6] m.m.a.RequestResponseBodyMethodProcessor : Writing [[RolePermissionResponse[module=Dashboard, superAdmin=View, manager=View, inventory=View, content=Vie (truncated)...]
2026-08-06T02:07:29.120+05:30 DEBUG 3972 --- [clickkaar-backend] [nio-8080-exec-7] m.m.a.RequestResponseBodyMethodProcessor : Using 'application/json', given [application/json, text/plain, */*] and supported [application/json, application/*+json]
2026-08-06T02:07:29.120+05:30 DEBUG 3972 --- [clickkaar-backend] [nio-8080-exec-1] m.m.a.RequestResponseBodyMethodProcessor : Writing [AdminContentResponse[blogPosts=[AdminBlogPostResponse[id=1, title=How to Choose a Camera Kit for You (truncated)...]
2026-08-06T02:07:29.121+05:30 DEBUG 3972 --- [clickkaar-backend] [nio-8080-exec-7] m.m.a.RequestResponseBodyMethodProcessor : Writing [[CategoryReportResponse[name=CAMERAS, value=7], CategoryReportResponse[name=TRIPODS SUPPORT, value=3 (truncated)...]
2026-08-06T02:07:29.121+05:30 DEBUG 3972 --- [clickkaar-backend] [nio-8080-exec-6] o.s.web.servlet.DispatcherServlet        : Completed 200 OK
2026-08-06T02:07:29.127+05:30 DEBUG 3972 --- [clickkaar-backend] [nio-8080-exec-2] org.hibernate.SQL                        : 
    select
        b1_0.id,
        b1_0.booking_number,
        b1_0.created_at,
        b1_0.customer_id,
        b1_0.rental_days,
        b1_0.rental_end_date,
        b1_0.rental_start_date,
        b1_0.status,
        b1_0.total_amount,
        b1_0.updated_at 
    from
        bookings b1_0 
    where
        b1_0.customer_id=?
2026-08-06T02:07:29.128+05:30 DEBUG 3972 --- [clickkaar-backend] [nio-8080-exec-7] o.s.web.servlet.DispatcherServlet        : Completed 200 OK
2026-08-06T02:07:29.131+05:30 DEBUG 3972 --- [clickkaar-backend] [nio-8080-exec-8] m.m.a.RequestResponseBodyMethodProcessor : Writing [[AdminPaymentResponse[id=13, bookingId=CKB-1048, customer=Aarav Mehta, gateway=Razorpay, mode=FULL_P (truncated)...]
2026-08-06T02:07:29.133+05:30 DEBUG 3972 --- [clickkaar-backend] [nio-8080-exec-1] o.s.web.servlet.DispatcherServlet        : Completed 200 OK
2026-08-06T02:07:29.134+05:30 DEBUG 3972 --- [clickkaar-backend] [nio-8080-exec-3] org.hibernate.SQL                        : 
    select
        p1_0.id,
        p1_0.amount,
        p1_0.booking_id,
        p1_0.created_at,
        p1_0.razorpay_order_id,
        p1_0.razorpay_payment_id,
        p1_0.razorpay_signature,
        p1_0.remark,
        p1_0.status,
        p1_0.type,
        p1_0.updated_at 
    from
        payments p1_0
2026-08-06T02:07:29.135+05:30 DEBUG 3972 --- [clickkaar-backend] [nio-8080-exec-9] org.hibernate.SQL                        : 
    select
        u1_0.id,
        u1_0.alternate_contact_number,
        u1_0.city,
        u1_0.company_bonafide_letter_document_name,
        u1_0.company_name,
        u1_0.country,
        u1_0.created_at,
        u1_0.current_address,
        u1_0.dob,
        u1_0.driving_license_document_name,
        u1_0.electricity_bill_document_name,
        u1_0.email,
        u1_0.enabled,
        u1_0.first_name,
        u1_0.full_name,
        u1_0.gender,
        u1_0.last_name,
        u1_0.mobile,
        u1_0.mobile_verified,
        u1_0.occupation,
        u1_0.password,
        u1_0.photo_document_name,
        u1_0.pincode,
        u1_0.rent_agreement_document_name,
        u1_0.residence_type,
        u1_0.social_media_profile,
        u1_0.state,
        u1_0.updated_at 
    from
        users u1_0 
    where
        u1_0.email=?
2026-08-06T02:07:29.139+05:30 DEBUG 3972 --- [clickkaar-backend] [nio-8080-exec-9] org.hibernate.SQL                        : 
    select
        r1_0.user_id,
        r1_1.id,
        r1_1.name 
    from
        user_roles r1_0 
    join
        roles r1_1 
            on r1_1.id=r1_0.role_id 
    where
        r1_0.user_id=?
2026-08-06T02:07:29.139+05:30 DEBUG 3972 --- [clickkaar-backend] [nio-8080-exec-2] org.hibernate.SQL                        : 
    select
        w1_0.id,
        w1_0.created_at,
        w1_0.product_id,
        w1_0.updated_at,
        w1_0.user_id 
    from
        wishlists w1_0 
    where
        w1_0.user_id=?
2026-08-06T02:07:29.140+05:30 DEBUG 3972 --- [clickkaar-backend] [nio-8080-exec-3] org.hibernate.SQL                        : 
    select
        bn1_0.id,
        bn1_0.admin_id,
        bn1_0.booking_id,
        bn1_0.created_at,
        bn1_0.note,
        bn1_0.updated_at 
    from
        booking_notes bn1_0 
    where
        bn1_0.booking_id=?
2026-08-06T02:07:29.140+05:30 DEBUG 3972 --- [clickkaar-backend] [nio-8080-exec-5] org.hibernate.SQL                        : 
    select
        u1_0.id,
        u1_0.alternate_contact_number,
        u1_0.city,
        u1_0.company_bonafide_letter_document_name,
        u1_0.company_name,
        u1_0.country,
        u1_0.created_at,
        u1_0.current_address,
        u1_0.dob,
        u1_0.driving_license_document_name,
        u1_0.electricity_bill_document_name,
        u1_0.email,
        u1_0.enabled,
        u1_0.first_name,
        u1_0.full_name,
        u1_0.gender,
        u1_0.last_name,
        u1_0.mobile,
        u1_0.mobile_verified,
        u1_0.occupation,
        u1_0.password,
        u1_0.photo_document_name,
        u1_0.pincode,
        u1_0.rent_agreement_document_name,
        u1_0.residence_type,
        u1_0.social_media_profile,
        u1_0.state,
        u1_0.updated_at 
    from
        users u1_0 
    where
        u1_0.email=?
2026-08-06T02:07:29.140+05:30 DEBUG 3972 --- [clickkaar-backend] [nio-8080-exec-8] o.s.web.servlet.DispatcherServlet        : Completed 200 OK
2026-08-06T02:07:29.142+05:30 DEBUG 3972 --- [clickkaar-backend] [nio-8080-exec-3] org.hibernate.SQL                        : 
    select
        i1_0.booking_id,
        i1_0.id,
        i1_0.daily_price,
        i1_0.line_total,
        i1_0.product_id,
        p1_0.id,
        p1_0.availability_status,
        p1_0.brand,
        p1_0.category_id,
        c1_0.id,
        c1_0.created_at,
        c1_0.description,
        c1_0.display_name,
        c1_0.name,
        c1_0.updated_at,
        p1_0.created_at,
        p1_0.daily_price,
        p1_0.full_description,
        p1_0.image_link,
        p1_0.invoice_url,
        p1_0.link_1,
        p1_0.link_2,
        p1_0.name,
        p1_0.short_description,
        p1_0.specs,
        p1_0.stock,
        p1_0.updated_at,
        p1_0.warranty_date,
        p1_0.weekly_price 
    from
        booking_items i1_0 
    left join
        products p1_0 
            on p1_0.id=i1_0.product_id 
    left join
        categories c1_0 
            on c1_0.id=p1_0.category_id 
    where
        i1_0.booking_id=?
2026-08-06T02:07:29.142+05:30 DEBUG 3972 --- [clickkaar-backend] [nio-8080-exec-5] org.hibernate.SQL                        : 
    select
        r1_0.user_id,
        r1_1.id,
        r1_1.name 
    from
        user_roles r1_0 
    join
        roles r1_1 
            on r1_1.id=r1_0.role_id 
    where
        r1_0.user_id=?
2026-08-06T02:07:29.143+05:30 DEBUG 3972 --- [clickkaar-backend] [nio-8080-exec-4] org.hibernate.SQL                        : 
    select
        u1_0.id,
        u1_0.alternate_contact_number,
        u1_0.city,
        u1_0.company_bonafide_letter_document_name,
        u1_0.company_name,
        u1_0.country,
        u1_0.created_at,
        u1_0.current_address,
        u1_0.dob,
        u1_0.driving_license_document_name,
        u1_0.electricity_bill_document_name,
        u1_0.email,
        u1_0.enabled,
        u1_0.first_name,
        u1_0.full_name,
        u1_0.gender,
        u1_0.last_name,
        u1_0.mobile,
        u1_0.mobile_verified,
        u1_0.occupation,
        u1_0.password,
        u1_0.photo_document_name,
        u1_0.pincode,
        u1_0.rent_agreement_document_name,
        u1_0.residence_type,
        u1_0.social_media_profile,
        u1_0.state,
        u1_0.updated_at 
    from
        users u1_0 
    where
        u1_0.email=?
2026-08-06T02:07:29.145+05:30 DEBUG 3972 --- [clickkaar-backend] [nio-8080-exec-9] o.s.web.servlet.DispatcherServlet        : GET "/api/admin/customers/pending", parameters={}
2026-08-06T02:07:29.145+05:30 DEBUG 3972 --- [clickkaar-backend] [nio-8080-exec-2] org.hibernate.SQL                        : 
    select
        b1_0.id,
        b1_0.booking_number,
        b1_0.created_at,
        b1_0.customer_id,
        b1_0.rental_days,
        b1_0.rental_end_date,
        b1_0.rental_start_date,
        b1_0.status,
        b1_0.total_amount,
        b1_0.updated_at 
    from
        bookings b1_0 
    where
        b1_0.customer_id=?
2026-08-06T02:07:29.146+05:30 DEBUG 3972 --- [clickkaar-backend] [nio-8080-exec-9] s.w.s.m.m.a.RequestMappingHandlerMapping : Mapped to com.clickkaar.controller.AdminController#pendingCustomers()
2026-08-06T02:07:29.146+05:30 DEBUG 3972 --- [clickkaar-backend] [nio-8080-exec-4] org.hibernate.SQL                        : 
    select
        r1_0.user_id,
        r1_1.id,
        r1_1.name 
    from
        user_roles r1_0 
    join
        roles r1_1 
            on r1_1.id=r1_0.role_id 
    where
        r1_0.user_id=?
2026-08-06T02:07:29.147+05:30 DEBUG 3972 --- [clickkaar-backend] [nio-8080-exec-3] org.hibernate.SQL                        : 
    select
        p1_0.id,
        p1_0.amount,
        p1_0.booking_id,
        p1_0.created_at,
        p1_0.razorpay_order_id,
        p1_0.razorpay_payment_id,
        p1_0.razorpay_signature,
        p1_0.remark,
        p1_0.status,
        p1_0.type,
        p1_0.updated_at 
    from
        payments p1_0
2026-08-06T02:07:29.150+05:30 DEBUG 3972 --- [clickkaar-backend] [nio-8080-exec-5] o.s.web.servlet.DispatcherServlet        : GET "/api/admin/settings", parameters={}
2026-08-06T02:07:29.150+05:30 DEBUG 3972 --- [clickkaar-backend] [nio-8080-exec-2] org.hibernate.SQL                        : 
    select
        w1_0.id,
        w1_0.created_at,
        w1_0.product_id,
        w1_0.updated_at,
        w1_0.user_id 
    from
        wishlists w1_0 
    where
        w1_0.user_id=?
2026-08-06T02:07:29.150+05:30 DEBUG 3972 --- [clickkaar-backend] [nio-8080-exec-3] org.hibernate.SQL                        : 
    select
        bn1_0.id,
        bn1_0.admin_id,
        bn1_0.booking_id,
        bn1_0.created_at,
        bn1_0.note,
        bn1_0.updated_at 
    from
        booking_notes bn1_0 
    where
        bn1_0.booking_id=?
2026-08-06T02:07:29.151+05:30 DEBUG 3972 --- [clickkaar-backend] [nio-8080-exec-5] s.w.s.m.m.a.RequestMappingHandlerMapping : Mapped to com.clickkaar.controller.AdminController#settings()
2026-08-06T02:07:29.154+05:30 DEBUG 3972 --- [clickkaar-backend] [nio-8080-exec-4] o.s.web.servlet.DispatcherServlet        : GET "/api/admin/inventory", parameters={}
2026-08-06T02:07:29.155+05:30 DEBUG 3972 --- [clickkaar-backend] [nio-8080-exec-3] org.hibernate.SQL                        : 
    select
        i1_0.booking_id,
        i1_0.id,
        i1_0.daily_price,
        i1_0.line_total,
        i1_0.product_id,
        p1_0.id,
        p1_0.availability_status,
        p1_0.brand,
        p1_0.category_id,
        c1_0.id,
        c1_0.created_at,
        c1_0.description,
        c1_0.display_name,
        c1_0.name,
        c1_0.updated_at,
        p1_0.created_at,
        p1_0.daily_price,
        p1_0.full_description,
        p1_0.image_link,
        p1_0.invoice_url,
        p1_0.link_1,
        p1_0.link_2,
        p1_0.name,
        p1_0.short_description,
        p1_0.specs,
        p1_0.stock,
        p1_0.updated_at,
        p1_0.warranty_date,
        p1_0.weekly_price 
    from
        booking_items i1_0 
    left join
        products p1_0 
            on p1_0.id=i1_0.product_id 
    left join
        categories c1_0 
            on c1_0.id=p1_0.category_id 
    where
        i1_0.booking_id=?
2026-08-06T02:07:29.155+05:30 DEBUG 3972 --- [clickkaar-backend] [nio-8080-exec-4] s.w.s.m.m.a.RequestMappingHandlerMapping : Mapped to com.clickkaar.controller.AdminController#inventory()
2026-08-06T02:07:29.156+05:30 DEBUG 3972 --- [clickkaar-backend] [nio-8080-exec-2] org.hibernate.SQL                        : 
    select
        b1_0.id,
        b1_0.booking_number,
        b1_0.created_at,
        b1_0.customer_id,
        b1_0.rental_days,
        b1_0.rental_end_date,
        b1_0.rental_start_date,
        b1_0.status,
        b1_0.total_amount,
        b1_0.updated_at 
    from
        bookings b1_0 
    where
        b1_0.customer_id=?
2026-08-06T02:07:29.156+05:30 DEBUG 3972 --- [clickkaar-backend] [nio-8080-exec-5] org.hibernate.SQL                        : 
    select
        sc1_0.id,
        sc1_0.content,
        sc1_0.created_at,
        sc1_0.page_key,
        sc1_0.updated_at 
    from
        static_contents sc1_0 
    where
        sc1_0.page_key=?
2026-08-06T02:07:29.156+05:30 DEBUG 3972 --- [clickkaar-backend] [nio-8080-exec-9] org.hibernate.SQL                        : 
    select
        pr1_0.id,
        pr1_0.alternate_contact_number,
        pr1_0.city,
        pr1_0.company_bonafide_letter_document_name,
        pr1_0.company_name,
        pr1_0.country,
        pr1_0.created_at,
        pr1_0.current_address,
        pr1_0.dob,
        pr1_0.driving_license_document_name,
        pr1_0.electricity_bill_document_name,
        pr1_0.email,
        pr1_0.first_name,
        pr1_0.full_name,
        pr1_0.gender,
        pr1_0.last_name,
        pr1_0.mobile,
        pr1_0.occupation,
        pr1_0.password,
        pr1_0.photo_document_name,
        pr1_0.pincode,
        pr1_0.rent_agreement_document_name,
        pr1_0.residence_type,
        pr1_0.social_media_profile,
        pr1_0.state,
        pr1_0.updated_at 
    from
        pending_registrations pr1_0
2026-08-06T02:07:29.162+05:30 DEBUG 3972 --- [clickkaar-backend] [nio-8080-exec-3] org.hibernate.SQL                        : 
    select
        p1_0.id,
        p1_0.amount,
        p1_0.booking_id,
        p1_0.created_at,
        p1_0.razorpay_order_id,
        p1_0.razorpay_payment_id,
        p1_0.razorpay_signature,
        p1_0.remark,
        p1_0.status,
        p1_0.type,
        p1_0.updated_at 
    from
        payments p1_0
2026-08-06T02:07:29.162+05:30 DEBUG 3972 --- [clickkaar-backend] [nio-8080-exec-2] org.hibernate.SQL                        : 
    select
        w1_0.id,
        w1_0.created_at,
        w1_0.product_id,
        w1_0.updated_at,
        w1_0.user_id 
    from
        wishlists w1_0 
    where
        w1_0.user_id=?
2026-08-06T02:07:29.162+05:30 DEBUG 3972 --- [clickkaar-backend] [nio-8080-exec-4] org.hibernate.SQL                        : 
    select
        p1_0.id,
        p1_0.availability_status,
        p1_0.brand,
        p1_0.category_id,
        p1_0.created_at,
        p1_0.daily_price,
        p1_0.full_description,
        p1_0.image_link,
        p1_0.invoice_url,
        p1_0.link_1,
        p1_0.link_2,
        p1_0.name,
        p1_0.short_description,
        p1_0.specs,
        p1_0.stock,
        p1_0.updated_at,
        p1_0.warranty_date,
        p1_0.weekly_price 
    from
        products p1_0
2026-08-06T02:07:29.170+05:30 DEBUG 3972 --- [clickkaar-backend] [nio-8080-exec-4] org.hibernate.SQL                        : 
    select
        c1_0.id,
        c1_0.created_at,
        c1_0.description,
        c1_0.display_name,
        c1_0.name,
        c1_0.updated_at 
    from
        categories c1_0 
    where
        c1_0.id=?
2026-08-06T02:07:29.169+05:30 DEBUG 3972 --- [clickkaar-backend] [nio-8080-exec-2] org.hibernate.SQL                        : 
    select
        b1_0.id,
        b1_0.booking_number,
        b1_0.created_at,
        b1_0.customer_id,
        b1_0.rental_days,
        b1_0.rental_end_date,
        b1_0.rental_start_date,
        b1_0.status,
        b1_0.total_amount,
        b1_0.updated_at 
    from
        bookings b1_0 
    where
        b1_0.customer_id=?
2026-08-06T02:07:29.170+05:30 DEBUG 3972 --- [clickkaar-backend] [nio-8080-exec-5] m.m.a.RequestResponseBodyMethodProcessor : Using 'application/json', given [application/json, text/plain, */*] and supported [application/json, application/*+json]
2026-08-06T02:07:29.170+05:30 DEBUG 3972 --- [clickkaar-backend] [nio-8080-exec-3] org.hibernate.SQL                        : 
    select
        bn1_0.id,
        bn1_0.admin_id,
        bn1_0.booking_id,
        bn1_0.created_at,
        bn1_0.note,
        bn1_0.updated_at 
    from
        booking_notes bn1_0 
    where
        bn1_0.booking_id=?
2026-08-06T02:07:29.173+05:30 DEBUG 3972 --- [clickkaar-backend] [nio-8080-exec-5] m.m.a.RequestResponseBodyMethodProcessor : Writing [AdminSettingsRequest[gateway=Razorpay, paymentPolicy=Security deposit, depositPercent=30, gstPercent (truncated)...]
2026-08-06T02:07:29.173+05:30 DEBUG 3972 --- [clickkaar-backend] [nio-8080-exec-4] org.hibernate.SQL                        : 
    select
        c1_0.id,
        c1_0.created_at,
        c1_0.description,
        c1_0.display_name,
        c1_0.name,
        c1_0.updated_at 
    from
        categories c1_0 
    where
        c1_0.id=?
2026-08-06T02:07:29.173+05:30 DEBUG 3972 --- [clickkaar-backend] [nio-8080-exec-3] org.hibernate.SQL                        : 
    select
        i1_0.booking_id,
        i1_0.id,
        i1_0.daily_price,
        i1_0.line_total,
        i1_0.product_id,
        p1_0.id,
        p1_0.availability_status,
        p1_0.brand,
        p1_0.category_id,
        c1_0.id,
        c1_0.created_at,
        c1_0.description,
        c1_0.display_name,
        c1_0.name,
        c1_0.updated_at,
        p1_0.created_at,
        p1_0.daily_price,
        p1_0.full_description,
        p1_0.image_link,
        p1_0.invoice_url,
        p1_0.link_1,
        p1_0.link_2,
        p1_0.name,
        p1_0.short_description,
        p1_0.specs,
        p1_0.stock,
        p1_0.updated_at,
        p1_0.warranty_date,
        p1_0.weekly_price 
    from
        booking_items i1_0 
    left join
        products p1_0 
            on p1_0.id=i1_0.product_id 
    left join
        categories c1_0 
            on c1_0.id=p1_0.category_id 
    where
        i1_0.booking_id=?
2026-08-06T02:07:29.175+05:30 DEBUG 3972 --- [clickkaar-backend] [nio-8080-exec-9] m.m.a.RequestResponseBodyMethodProcessor : Using 'application/json', given [application/json, text/plain, */*] and supported [application/json, application/*+json]
2026-08-06T02:07:29.175+05:30 DEBUG 3972 --- [clickkaar-backend] [nio-8080-exec-5] o.s.web.servlet.DispatcherServlet        : Completed 200 OK
2026-08-06T02:07:29.176+05:30 DEBUG 3972 --- [clickkaar-backend] [nio-8080-exec-2] org.hibernate.SQL                        : 
    select
        w1_0.id,
        w1_0.created_at,
        w1_0.product_id,
        w1_0.updated_at,
        w1_0.user_id 
    from
        wishlists w1_0 
    where
        w1_0.user_id=?
2026-08-06T02:07:29.176+05:30 DEBUG 3972 --- [clickkaar-backend] [nio-8080-exec-4] org.hibernate.SQL                        : 
    select
        c1_0.id,
        c1_0.created_at,
        c1_0.description,
        c1_0.display_name,
        c1_0.name,
        c1_0.updated_at 
    from
        categories c1_0 
    where
        c1_0.id=?
2026-08-06T02:07:29.180+05:30 DEBUG 3972 --- [clickkaar-backend] [nio-8080-exec-3] org.hibernate.SQL                        : 
    select
        p1_0.id,
        p1_0.amount,
        p1_0.booking_id,
        p1_0.created_at,
        p1_0.razorpay_order_id,
        p1_0.razorpay_payment_id,
        p1_0.razorpay_signature,
        p1_0.remark,
        p1_0.status,
        p1_0.type,
        p1_0.updated_at 
    from
        payments p1_0
2026-08-06T02:07:29.181+05:30 DEBUG 3972 --- [clickkaar-backend] [nio-8080-exec-4] org.hibernate.SQL                        : 
    select
        c1_0.id,
        c1_0.created_at,
        c1_0.description,
        c1_0.display_name,
        c1_0.name,
        c1_0.updated_at 
    from
        categories c1_0 
    where
        c1_0.id=?
2026-08-06T02:07:29.183+05:30 DEBUG 3972 --- [clickkaar-backend] [nio-8080-exec-2] org.hibernate.SQL                        : 
    select
        b1_0.id,
        b1_0.booking_number,
        b1_0.created_at,
        b1_0.customer_id,
        b1_0.rental_days,
        b1_0.rental_end_date,
        b1_0.rental_start_date,
        b1_0.status,
        b1_0.total_amount,
        b1_0.updated_at 
    from
        bookings b1_0 
    where
        b1_0.customer_id=?
2026-08-06T02:07:29.184+05:30 DEBUG 3972 --- [clickkaar-backend] [nio-8080-exec-4] org.hibernate.SQL                        : 
    select
        c1_0.id,
        c1_0.created_at,
        c1_0.description,
        c1_0.display_name,
        c1_0.name,
        c1_0.updated_at 
    from
        categories c1_0 
    where
        c1_0.id=?
2026-08-06T02:07:29.186+05:30 DEBUG 3972 --- [clickkaar-backend] [nio-8080-exec-3] org.hibernate.SQL                        : 
    select
        bn1_0.id,
        bn1_0.admin_id,
        bn1_0.booking_id,
        bn1_0.created_at,
        bn1_0.note,
        bn1_0.updated_at 
    from
        booking_notes bn1_0 
    where
        bn1_0.booking_id=?
2026-08-06T02:07:29.186+05:30 DEBUG 3972 --- [clickkaar-backend] [nio-8080-exec-4] org.hibernate.SQL                        : 
    select
        c1_0.id,
        c1_0.created_at,
        c1_0.description,
        c1_0.display_name,
        c1_0.name,
        c1_0.updated_at 
    from
        categories c1_0 
    where
        c1_0.id=?
2026-08-06T02:07:29.188+05:30 DEBUG 3972 --- [clickkaar-backend] [nio-8080-exec-3] org.hibernate.SQL                        : 
    select
        i1_0.booking_id,
        i1_0.id,
        i1_0.daily_price,
        i1_0.line_total,
        i1_0.product_id,
        p1_0.id,
        p1_0.availability_status,
        p1_0.brand,
        p1_0.category_id,
        c1_0.id,
        c1_0.created_at,
        c1_0.description,
        c1_0.display_name,
        c1_0.name,
        c1_0.updated_at,
        p1_0.created_at,
        p1_0.daily_price,
        p1_0.full_description,
        p1_0.image_link,
        p1_0.invoice_url,
        p1_0.link_1,
        p1_0.link_2,
        p1_0.name,
        p1_0.short_description,
        p1_0.specs,
        p1_0.stock,
        p1_0.updated_at,
        p1_0.warranty_date,
        p1_0.weekly_price 
    from
        booking_items i1_0 
    left join
        products p1_0 
            on p1_0.id=i1_0.product_id 
    left join
        categories c1_0 
            on c1_0.id=p1_0.category_id 
    where
        i1_0.booking_id=?
2026-08-06T02:07:29.188+05:30 DEBUG 3972 --- [clickkaar-backend] [nio-8080-exec-2] org.hibernate.SQL                        : 
    select
        w1_0.id,
        w1_0.created_at,
        w1_0.product_id,
        w1_0.updated_at,
        w1_0.user_id 
    from
        wishlists w1_0 
    where
        w1_0.user_id=?
2026-08-06T02:07:29.190+05:30 DEBUG 3972 --- [clickkaar-backend] [nio-8080-exec-4] org.hibernate.SQL                        : 
    select
        i1_0.product_id,
        i1_0.id,
        i1_0.image_url,
        i1_0.primary_image,
        i1_0.public_id 
    from
        product_images i1_0 
    where
        i1_0.product_id=?
2026-08-06T02:07:29.191+05:30 DEBUG 3972 --- [clickkaar-backend] [nio-8080-exec-3] org.hibernate.SQL                        : 
    select
        p1_0.id,
        p1_0.amount,
        p1_0.booking_id,
        p1_0.created_at,
        p1_0.razorpay_order_id,
        p1_0.razorpay_payment_id,
        p1_0.razorpay_signature,
        p1_0.remark,
        p1_0.status,
        p1_0.type,
        p1_0.updated_at 
    from
        payments p1_0
2026-08-06T02:07:29.191+05:30 DEBUG 3972 --- [clickkaar-backend] [nio-8080-exec-2] org.hibernate.SQL                        : 
    select
        b1_0.id,
        b1_0.booking_number,
        b1_0.created_at,
        b1_0.customer_id,
        b1_0.rental_days,
        b1_0.rental_end_date,
        b1_0.rental_start_date,
        b1_0.status,
        b1_0.total_amount,
        b1_0.updated_at 
    from
        bookings b1_0 
    where
        b1_0.customer_id=?
2026-08-06T02:07:29.195+05:30 DEBUG 3972 --- [clickkaar-backend] [nio-8080-exec-2] org.hibernate.SQL                        : 
    select
        w1_0.id,
        w1_0.created_at,
        w1_0.product_id,
        w1_0.updated_at,
        w1_0.user_id 
    from
        wishlists w1_0 
    where
        w1_0.user_id=?
2026-08-06T02:07:29.195+05:30 DEBUG 3972 --- [clickkaar-backend] [nio-8080-exec-3] org.hibernate.SQL                        : 
    select
        bn1_0.id,
        bn1_0.admin_id,
        bn1_0.booking_id,
        bn1_0.created_at,
        bn1_0.note,
        bn1_0.updated_at 
    from
        booking_notes bn1_0 
    where
        bn1_0.booking_id=?
2026-08-06T02:07:29.199+05:30 DEBUG 3972 --- [clickkaar-backend] [nio-8080-exec-3] org.hibernate.SQL                        : 
    select
        i1_0.booking_id,
        i1_0.id,
        i1_0.daily_price,
        i1_0.line_total,
        i1_0.product_id,
        p1_0.id,
        p1_0.availability_status,
        p1_0.brand,
        p1_0.category_id,
        c1_0.id,
        c1_0.created_at,
        c1_0.description,
        c1_0.display_name,
        c1_0.name,
        c1_0.updated_at,
        p1_0.created_at,
        p1_0.daily_price,
        p1_0.full_description,
        p1_0.image_link,
        p1_0.invoice_url,
        p1_0.link_1,
        p1_0.link_2,
        p1_0.name,
        p1_0.short_description,
        p1_0.specs,
        p1_0.stock,
        p1_0.updated_at,
        p1_0.warranty_date,
        p1_0.weekly_price 
    from
        booking_items i1_0 
    left join
        products p1_0 
            on p1_0.id=i1_0.product_id 
    left join
        categories c1_0 
            on c1_0.id=p1_0.category_id 
    where
        i1_0.booking_id=?
2026-08-06T02:07:29.203+05:30 DEBUG 3972 --- [clickkaar-backend] [nio-8080-exec-2] org.hibernate.SQL                        : 
    select
        b1_0.id,
        b1_0.booking_number,
        b1_0.created_at,
        b1_0.customer_id,
        b1_0.rental_days,
        b1_0.rental_end_date,
        b1_0.rental_start_date,
        b1_0.status,
        b1_0.total_amount,
        b1_0.updated_at 
    from
        bookings b1_0 
    where
        b1_0.customer_id=?
2026-08-06T02:07:29.204+05:30 DEBUG 3972 --- [clickkaar-backend] [nio-8080-exec-4] org.hibernate.SQL                        : 
    select
        i1_0.product_id,
        i1_0.id,
        i1_0.image_url,
        i1_0.primary_image,
        i1_0.public_id 
    from
        product_images i1_0 
    where
        i1_0.product_id=?
2026-08-06T02:07:29.205+05:30 DEBUG 3972 --- [clickkaar-backend] [nio-8080-exec-3] org.hibernate.SQL                        : 
    select
        p1_0.id,
        p1_0.amount,
        p1_0.booking_id,
        p1_0.created_at,
        p1_0.razorpay_order_id,
        p1_0.razorpay_payment_id,
        p1_0.razorpay_signature,
        p1_0.remark,
        p1_0.status,
        p1_0.type,
        p1_0.updated_at 
    from
        payments p1_0
2026-08-06T02:07:29.205+05:30 DEBUG 3972 --- [clickkaar-backend] [nio-8080-exec-9] m.m.a.RequestResponseBodyMethodProcessor : Writing [[CustomerVerificationResponse[requestId=3, fullName=akshat Estolkar, firstName=akshat, lastName=Esto (truncated)...]
2026-08-06T02:07:29.207+05:30 DEBUG 3972 --- [clickkaar-backend] [nio-8080-exec-4] org.hibernate.SQL                        : 
    select
        i1_0.product_id,
        i1_0.id,
        i1_0.image_url,
        i1_0.primary_image,
        i1_0.public_id 
    from
        product_images i1_0 
    where
        i1_0.product_id=?
2026-08-06T02:07:29.208+05:30 DEBUG 3972 --- [clickkaar-backend] [nio-8080-exec-2] org.hibernate.SQL                        : 
    select
        w1_0.id,
        w1_0.created_at,
        w1_0.product_id,
        w1_0.updated_at,
        w1_0.user_id 
    from
        wishlists w1_0 
    where
        w1_0.user_id=?
2026-08-06T02:07:29.211+05:30 DEBUG 3972 --- [clickkaar-backend] [nio-8080-exec-3] org.hibernate.SQL                        : 
    select
        bn1_0.id,
        bn1_0.admin_id,
        bn1_0.booking_id,
        bn1_0.created_at,
        bn1_0.note,
        bn1_0.updated_at 
    from
        booking_notes bn1_0 
    where
        bn1_0.booking_id=?
2026-08-06T02:07:29.211+05:30 DEBUG 3972 --- [clickkaar-backend] [nio-8080-exec-4] org.hibernate.SQL                        : 
    select
        i1_0.product_id,
        i1_0.id,
        i1_0.image_url,
        i1_0.primary_image,
        i1_0.public_id 
    from
        product_images i1_0 
    where
        i1_0.product_id=?
2026-08-06T02:07:29.216+05:30 DEBUG 3972 --- [clickkaar-backend] [nio-8080-exec-4] org.hibernate.SQL                        : 
    select
        i1_0.product_id,
        i1_0.id,
        i1_0.image_url,
        i1_0.primary_image,
        i1_0.public_id 
    from
        product_images i1_0 
    where
        i1_0.product_id=?
2026-08-06T02:07:29.216+05:30 DEBUG 3972 --- [clickkaar-backend] [nio-8080-exec-3] org.hibernate.SQL                        : 
    select
        i1_0.booking_id,
        i1_0.id,
        i1_0.daily_price,
        i1_0.line_total,
        i1_0.product_id,
        p1_0.id,
        p1_0.availability_status,
        p1_0.brand,
        p1_0.category_id,
        c1_0.id,
        c1_0.created_at,
        c1_0.description,
        c1_0.display_name,
        c1_0.name,
        c1_0.updated_at,
        p1_0.created_at,
        p1_0.daily_price,
        p1_0.full_description,
        p1_0.image_link,
        p1_0.invoice_url,
        p1_0.link_1,
        p1_0.link_2,
        p1_0.name,
        p1_0.short_description,
        p1_0.specs,
        p1_0.stock,
        p1_0.updated_at,
        p1_0.warranty_date,
        p1_0.weekly_price 
    from
        booking_items i1_0 
    left join
        products p1_0 
            on p1_0.id=i1_0.product_id 
    left join
        categories c1_0 
            on c1_0.id=p1_0.category_id 
    where
        i1_0.booking_id=?
2026-08-06T02:07:29.218+05:30 DEBUG 3972 --- [clickkaar-backend] [nio-8080-exec-2] org.hibernate.SQL                        : 
    select
        b1_0.id,
        b1_0.booking_number,
        b1_0.created_at,
        b1_0.customer_id,
        b1_0.rental_days,
        b1_0.rental_end_date,
        b1_0.rental_start_date,
        b1_0.status,
        b1_0.total_amount,
        b1_0.updated_at 
    from
        bookings b1_0 
    where
        b1_0.customer_id=?
2026-08-06T02:07:29.220+05:30 DEBUG 3972 --- [clickkaar-backend] [nio-8080-exec-9] o.s.web.servlet.DispatcherServlet        : Completed 200 OK
2026-08-06T02:07:29.220+05:30 DEBUG 3972 --- [clickkaar-backend] [nio-8080-exec-4] org.hibernate.SQL                        : 
    select
        i1_0.product_id,
        i1_0.id,
        i1_0.image_url,
        i1_0.primary_image,
        i1_0.public_id 
    from
        product_images i1_0 
    where
        i1_0.product_id=?
2026-08-06T02:07:29.225+05:30 DEBUG 3972 --- [clickkaar-backend] [nio-8080-exec-3] org.hibernate.SQL                        : 
    select
        p1_0.id,
        p1_0.amount,
        p1_0.booking_id,
        p1_0.created_at,
        p1_0.razorpay_order_id,
        p1_0.razorpay_payment_id,
        p1_0.razorpay_signature,
        p1_0.remark,
        p1_0.status,
        p1_0.type,
        p1_0.updated_at 
    from
        payments p1_0
2026-08-06T02:07:29.225+05:30 DEBUG 3972 --- [clickkaar-backend] [nio-8080-exec-2] org.hibernate.SQL                        : 
    select
        w1_0.id,
        w1_0.created_at,
        w1_0.product_id,
        w1_0.updated_at,
        w1_0.user_id 
    from
        wishlists w1_0 
    where
        w1_0.user_id=?
2026-08-06T02:07:29.226+05:30 DEBUG 3972 --- [clickkaar-backend] [nio-8080-exec-4] org.hibernate.SQL                        : 
    select
        i1_0.product_id,
        i1_0.id,
        i1_0.image_url,
        i1_0.primary_image,
        i1_0.public_id 
    from
        product_images i1_0 
    where
        i1_0.product_id=?
2026-08-06T02:07:29.232+05:30 DEBUG 3972 --- [clickkaar-backend] [nio-8080-exec-4] org.hibernate.SQL                        : 
    select
        i1_0.product_id,
        i1_0.id,
        i1_0.image_url,
        i1_0.primary_image,
        i1_0.public_id 
    from
        product_images i1_0 
    where
        i1_0.product_id=?
2026-08-06T02:07:29.236+05:30 DEBUG 3972 --- [clickkaar-backend] [nio-8080-exec-3] org.hibernate.SQL                        : 
    select
        bn1_0.id,
        bn1_0.admin_id,
        bn1_0.booking_id,
        bn1_0.created_at,
        bn1_0.note,
        bn1_0.updated_at 
    from
        booking_notes bn1_0 
    where
        bn1_0.booking_id=?
2026-08-06T02:07:29.236+05:30 DEBUG 3972 --- [clickkaar-backend] [nio-8080-exec-2] org.hibernate.SQL                        : 
    select
        b1_0.id,
        b1_0.booking_number,
        b1_0.created_at,
        b1_0.customer_id,
        b1_0.rental_days,
        b1_0.rental_end_date,
        b1_0.rental_start_date,
        b1_0.status,
        b1_0.total_amount,
        b1_0.updated_at 
    from
        bookings b1_0 
    where
        b1_0.customer_id=?
2026-08-06T02:07:29.236+05:30 DEBUG 3972 --- [clickkaar-backend] [nio-8080-exec-4] org.hibernate.SQL                        : 
    select
        i1_0.product_id,
        i1_0.id,
        i1_0.image_url,
        i1_0.primary_image,
        i1_0.public_id 
    from
        product_images i1_0 
    where
        i1_0.product_id=?
2026-08-06T02:07:29.239+05:30 DEBUG 3972 --- [clickkaar-backend] [nio-8080-exec-4] org.hibernate.SQL                        : 
    select
        i1_0.product_id,
        i1_0.id,
        i1_0.image_url,
        i1_0.primary_image,
        i1_0.public_id 
    from
        product_images i1_0 
    where
        i1_0.product_id=?
2026-08-06T02:07:29.239+05:30 DEBUG 3972 --- [clickkaar-backend] [nio-8080-exec-3] org.hibernate.SQL                        : 
    select
        i1_0.booking_id,
        i1_0.id,
        i1_0.daily_price,
        i1_0.line_total,
        i1_0.product_id,
        p1_0.id,
        p1_0.availability_status,
        p1_0.brand,
        p1_0.category_id,
        c1_0.id,
        c1_0.created_at,
        c1_0.description,
        c1_0.display_name,
        c1_0.name,
        c1_0.updated_at,
        p1_0.created_at,
        p1_0.daily_price,
        p1_0.full_description,
        p1_0.image_link,
        p1_0.invoice_url,
        p1_0.link_1,
        p1_0.link_2,
        p1_0.name,
        p1_0.short_description,
        p1_0.specs,
        p1_0.stock,
        p1_0.updated_at,
        p1_0.warranty_date,
        p1_0.weekly_price 
    from
        booking_items i1_0 
    left join
        products p1_0 
            on p1_0.id=i1_0.product_id 
    left join
        categories c1_0 
            on c1_0.id=p1_0.category_id 
    where
        i1_0.booking_id=?
2026-08-06T02:07:29.239+05:30 DEBUG 3972 --- [clickkaar-backend] [nio-8080-exec-2] org.hibernate.SQL                        : 
    select
        u1_0.id,
        u1_0.alternate_contact_number,
        u1_0.city,
        u1_0.company_bonafide_letter_document_name,
        u1_0.company_name,
        u1_0.country,
        u1_0.created_at,
        u1_0.current_address,
        u1_0.dob,
        u1_0.driving_license_document_name,
        u1_0.electricity_bill_document_name,
        u1_0.email,
        u1_0.enabled,
        u1_0.first_name,
        u1_0.full_name,
        u1_0.gender,
        u1_0.last_name,
        u1_0.mobile,
        u1_0.mobile_verified,
        u1_0.occupation,
        u1_0.password,
        u1_0.photo_document_name,
        u1_0.pincode,
        u1_0.rent_agreement_document_name,
        u1_0.residence_type,
        r1_0.user_id,
        r1_1.id,
        r1_1.name,
        u1_0.social_media_profile,
        u1_0.state,
        u1_0.updated_at 
    from
        users u1_0 
    left join
        user_roles r1_0 
            on u1_0.id=r1_0.user_id 
    left join
        roles r1_1 
            on r1_1.id=r1_0.role_id 
    where
        u1_0.id=?
2026-08-06T02:07:29.242+05:30 DEBUG 3972 --- [clickkaar-backend] [nio-8080-exec-4] org.hibernate.SQL                        : 
    select
        i1_0.product_id,
        i1_0.id,
        i1_0.image_url,
        i1_0.primary_image,
        i1_0.public_id 
    from
        product_images i1_0 
    where
        i1_0.product_id=?
2026-08-06T02:07:29.244+05:30 DEBUG 3972 --- [clickkaar-backend] [nio-8080-exec-3] m.m.a.RequestResponseBodyMethodProcessor : Using 'application/json', given [application/json, text/plain, */*] and supported [application/json, application/*+json]
2026-08-06T02:07:29.244+05:30 DEBUG 3972 --- [clickkaar-backend] [nio-8080-exec-4] org.hibernate.SQL                        : 
    select
        i1_0.product_id,
        i1_0.id,
        i1_0.image_url,
        i1_0.primary_image,
        i1_0.public_id 
    from
        product_images i1_0 
    where
        i1_0.product_id=?
2026-08-06T02:07:29.247+05:30 DEBUG 3972 --- [clickkaar-backend] [nio-8080-exec-2] org.hibernate.SQL                        : 
    select
        w1_0.id,
        w1_0.created_at,
        w1_0.product_id,
        w1_0.updated_at,
        w1_0.user_id 
    from
        wishlists w1_0 
    where
        w1_0.user_id=?
2026-08-06T02:07:29.247+05:30 DEBUG 3972 --- [clickkaar-backend] [nio-8080-exec-4] org.hibernate.SQL                        : 
    select
        i1_0.product_id,
        i1_0.id,
        i1_0.image_url,
        i1_0.primary_image,
        i1_0.public_id 
    from
        product_images i1_0 
    where
        i1_0.product_id=?
2026-08-06T02:07:29.284+05:30 DEBUG 3972 --- [clickkaar-backend] [nio-8080-exec-4] org.hibernate.SQL                        : 
    select
        i1_0.product_id,
        i1_0.id,
        i1_0.image_url,
        i1_0.primary_image,
        i1_0.public_id 
    from
        product_images i1_0 
    where
        i1_0.product_id=?
2026-08-06T02:07:29.284+05:30 DEBUG 3972 --- [clickkaar-backend] [nio-8080-exec-2] org.hibernate.SQL                        : 
    select
        p1_0.id,
        p1_0.availability_status,
        p1_0.brand,
        p1_0.category_id,
        c1_0.id,
        c1_0.created_at,
        c1_0.description,
        c1_0.display_name,
        c1_0.name,
        c1_0.updated_at,
        p1_0.created_at,
        p1_0.daily_price,
        p1_0.full_description,
        p1_0.image_link,
        p1_0.invoice_url,
        p1_0.link_1,
        p1_0.link_2,
        p1_0.name,
        p1_0.short_description,
        p1_0.specs,
        p1_0.stock,
        p1_0.updated_at,
        p1_0.warranty_date,
        p1_0.weekly_price 
    from
        products p1_0 
    join
        categories c1_0 
            on c1_0.id=p1_0.category_id 
    where
        p1_0.id=?
2026-08-06T02:07:29.285+05:30 DEBUG 3972 --- [clickkaar-backend] [nio-8080-exec-4] org.hibernate.SQL                        : 
    select
        i1_0.product_id,
        i1_0.id,
        i1_0.image_url,
        i1_0.primary_image,
        i1_0.public_id 
    from
        product_images i1_0 
    where
        i1_0.product_id=?
2026-08-06T02:07:29.287+05:30 DEBUG 3972 --- [clickkaar-backend] [nio-8080-exec-4] org.hibernate.SQL                        : 
    select
        i1_0.product_id,
        i1_0.id,
        i1_0.image_url,
        i1_0.primary_image,
        i1_0.public_id 
    from
        product_images i1_0 
    where
        i1_0.product_id=?
2026-08-06T02:07:29.288+05:30 DEBUG 3972 --- [clickkaar-backend] [nio-8080-exec-4] org.hibernate.SQL                        : 
    select
        i1_0.product_id,
        i1_0.id,
        i1_0.image_url,
        i1_0.primary_image,
        i1_0.public_id 
    from
        product_images i1_0 
    where
        i1_0.product_id=?
2026-08-06T02:07:29.288+05:30 DEBUG 3972 --- [clickkaar-backend] [nio-8080-exec-2] org.hibernate.SQL                        : 
    select
        u1_0.id,
        u1_0.alternate_contact_number,
        u1_0.city,
        u1_0.company_bonafide_letter_document_name,
        u1_0.company_name,
        u1_0.country,
        u1_0.created_at,
        u1_0.current_address,
        u1_0.dob,
        u1_0.driving_license_document_name,
        u1_0.electricity_bill_document_name,
        u1_0.email,
        u1_0.enabled,
        u1_0.first_name,
        u1_0.full_name,
        u1_0.gender,
        u1_0.last_name,
        u1_0.mobile,
        u1_0.mobile_verified,
        u1_0.occupation,
        u1_0.password,
        u1_0.photo_document_name,
        u1_0.pincode,
        u1_0.rent_agreement_document_name,
        u1_0.residence_type,
        r1_0.user_id,
        r1_1.id,
        r1_1.name,
        u1_0.social_media_profile,
        u1_0.state,
        u1_0.updated_at 
    from
        users u1_0 
    left join
        user_roles r1_0 
            on u1_0.id=r1_0.user_id 
    left join
        roles r1_1 
            on r1_1.id=r1_0.role_id 
    where
        u1_0.id=?
2026-08-06T02:07:29.289+05:30 DEBUG 3972 --- [clickkaar-backend] [nio-8080-exec-3] m.m.a.RequestResponseBodyMethodProcessor : Writing [[AdminBookingResponse[id=28, bookingNumber=CKB-1048, customer=Aarav Mehta, phone=9876543210, product (truncated)...]
2026-08-06T02:07:29.289+05:30 DEBUG 3972 --- [clickkaar-backend] [nio-8080-exec-4] org.hibernate.SQL                        : 
    select
        i1_0.product_id,
        i1_0.id,
        i1_0.image_url,
        i1_0.primary_image,
        i1_0.public_id 
    from
        product_images i1_0 
    where
        i1_0.product_id=?
2026-08-06T02:07:29.290+05:30 DEBUG 3972 --- [clickkaar-backend] [nio-8080-exec-2] org.hibernate.SQL                        : 
    select
        p1_0.id,
        p1_0.availability_status,
        p1_0.brand,
        p1_0.category_id,
        c1_0.id,
        c1_0.created_at,
        c1_0.description,
        c1_0.display_name,
        c1_0.name,
        c1_0.updated_at,
        p1_0.created_at,
        p1_0.daily_price,
        p1_0.full_description,
        p1_0.image_link,
        p1_0.invoice_url,
        p1_0.link_1,
        p1_0.link_2,
        p1_0.name,
        p1_0.short_description,
        p1_0.specs,
        p1_0.stock,
        p1_0.updated_at,
        p1_0.warranty_date,
        p1_0.weekly_price 
    from
        products p1_0 
    join
        categories c1_0 
            on c1_0.id=p1_0.category_id 
    where
        p1_0.id=?
2026-08-06T02:07:29.291+05:30 DEBUG 3972 --- [clickkaar-backend] [nio-8080-exec-4] org.hibernate.SQL                        : 
    select
        i1_0.product_id,
        i1_0.id,
        i1_0.image_url,
        i1_0.primary_image,
        i1_0.public_id 
    from
        product_images i1_0 
    where
        i1_0.product_id=?
2026-08-06T02:07:29.291+05:30 DEBUG 3972 --- [clickkaar-backend] [nio-8080-exec-2] org.hibernate.SQL                        : 
    select
        p1_0.id,
        p1_0.availability_status,
        p1_0.brand,
        p1_0.category_id,
        c1_0.id,
        c1_0.created_at,
        c1_0.description,
        c1_0.display_name,
        c1_0.name,
        c1_0.updated_at,
        p1_0.created_at,
        p1_0.daily_price,
        p1_0.full_description,
        p1_0.image_link,
        p1_0.invoice_url,
        p1_0.link_1,
        p1_0.link_2,
        p1_0.name,
        p1_0.short_description,
        p1_0.specs,
        p1_0.stock,
        p1_0.updated_at,
        p1_0.warranty_date,
        p1_0.weekly_price 
    from
        products p1_0 
    join
        categories c1_0 
            on c1_0.id=p1_0.category_id 
    where
        p1_0.id=?
2026-08-06T02:07:29.293+05:30 DEBUG 3972 --- [clickkaar-backend] [nio-8080-exec-4] org.hibernate.SQL                        : 
    select
        i1_0.product_id,
        i1_0.id,
        i1_0.image_url,
        i1_0.primary_image,
        i1_0.public_id 
    from
        product_images i1_0 
    where
        i1_0.product_id=?
2026-08-06T02:07:29.293+05:30 DEBUG 3972 --- [clickkaar-backend] [nio-8080-exec-2] org.hibernate.SQL                        : 
    select
        p1_0.id,
        p1_0.availability_status,
        p1_0.brand,
        p1_0.category_id,
        c1_0.id,
        c1_0.created_at,
        c1_0.description,
        c1_0.display_name,
        c1_0.name,
        c1_0.updated_at,
        p1_0.created_at,
        p1_0.daily_price,
        p1_0.full_description,
        p1_0.image_link,
        p1_0.invoice_url,
        p1_0.link_1,
        p1_0.link_2,
        p1_0.name,
        p1_0.short_description,
        p1_0.specs,
        p1_0.stock,
        p1_0.updated_at,
        p1_0.warranty_date,
        p1_0.weekly_price 
    from
        products p1_0 
    join
        categories c1_0 
            on c1_0.id=p1_0.category_id 
    where
        p1_0.id=?
2026-08-06T02:07:29.293+05:30 DEBUG 3972 --- [clickkaar-backend] [nio-8080-exec-3] o.s.web.servlet.DispatcherServlet        : Completed 200 OK
2026-08-06T02:07:29.295+05:30 DEBUG 3972 --- [clickkaar-backend] [nio-8080-exec-4] org.hibernate.SQL                        : 
    select
        i1_0.product_id,
        i1_0.id,
        i1_0.image_url,
        i1_0.primary_image,
        i1_0.public_id 
    from
        product_images i1_0 
    where
        i1_0.product_id=?
2026-08-06T02:07:29.296+05:30 DEBUG 3972 --- [clickkaar-backend] [nio-8080-exec-4] org.hibernate.SQL                        : 
    select
        i1_0.product_id,
        i1_0.id,
        i1_0.image_url,
        i1_0.primary_image,
        i1_0.public_id 
    from
        product_images i1_0 
    where
        i1_0.product_id=?
2026-08-06T02:07:29.296+05:30 DEBUG 3972 --- [clickkaar-backend] [nio-8080-exec-2] org.hibernate.SQL                        : 
    select
        b1_0.id,
        b1_0.booking_number,
        b1_0.created_at,
        b1_0.customer_id,
        b1_0.rental_days,
        b1_0.rental_end_date,
        b1_0.rental_start_date,
        b1_0.status,
        b1_0.total_amount,
        b1_0.updated_at 
    from
        bookings b1_0 
    where
        b1_0.customer_id=?
2026-08-06T02:07:29.298+05:30 DEBUG 3972 --- [clickkaar-backend] [nio-8080-exec-4] org.hibernate.SQL                        : 
    select
        i1_0.product_id,
        i1_0.id,
        i1_0.image_url,
        i1_0.primary_image,
        i1_0.public_id 
    from
        product_images i1_0 
    where
        i1_0.product_id=?
2026-08-06T02:07:29.298+05:30 DEBUG 3972 --- [clickkaar-backend] [nio-8080-exec-2] org.hibernate.SQL                        : 
    select
        u1_0.id,
        u1_0.alternate_contact_number,
        u1_0.city,
        u1_0.company_bonafide_letter_document_name,
        u1_0.company_name,
        u1_0.country,
        u1_0.created_at,
        u1_0.current_address,
        u1_0.dob,
        u1_0.driving_license_document_name,
        u1_0.electricity_bill_document_name,
        u1_0.email,
        u1_0.enabled,
        u1_0.first_name,
        u1_0.full_name,
        u1_0.gender,
        u1_0.last_name,
        u1_0.mobile,
        u1_0.mobile_verified,
        u1_0.occupation,
        u1_0.password,
        u1_0.photo_document_name,
        u1_0.pincode,
        u1_0.rent_agreement_document_name,
        u1_0.residence_type,
        r1_0.user_id,
        r1_1.id,
        r1_1.name,
        u1_0.social_media_profile,
        u1_0.state,
        u1_0.updated_at 
    from
        users u1_0 
    left join
        user_roles r1_0 
            on u1_0.id=r1_0.user_id 
    left join
        roles r1_1 
            on r1_1.id=r1_0.role_id 
    where
        u1_0.id=?
2026-08-06T02:07:29.299+05:30 DEBUG 3972 --- [clickkaar-backend] [nio-8080-exec-4] org.hibernate.SQL                        : 
    select
        i1_0.product_id,
        i1_0.id,
        i1_0.image_url,
        i1_0.primary_image,
        i1_0.public_id 
    from
        product_images i1_0 
    where
        i1_0.product_id=?
2026-08-06T02:07:29.300+05:30 DEBUG 3972 --- [clickkaar-backend] [nio-8080-exec-4] org.hibernate.SQL                        : 
    select
        i1_0.product_id,
        i1_0.id,
        i1_0.image_url,
        i1_0.primary_image,
        i1_0.public_id 
    from
        product_images i1_0 
    where
        i1_0.product_id=?
2026-08-06T02:07:29.301+05:30 DEBUG 3972 --- [clickkaar-backend] [nio-8080-exec-2] org.hibernate.SQL                        : 
    select
        w1_0.id,
        w1_0.created_at,
        w1_0.product_id,
        w1_0.updated_at,
        w1_0.user_id 
    from
        wishlists w1_0 
    where
        w1_0.user_id=?
2026-08-06T02:07:29.301+05:30 DEBUG 3972 --- [clickkaar-backend] [nio-8080-exec-4] org.hibernate.SQL                        : 
    select
        i1_0.product_id,
        i1_0.id,
        i1_0.image_url,
        i1_0.primary_image,
        i1_0.public_id 
    from
        product_images i1_0 
    where
        i1_0.product_id=?
2026-08-06T02:07:29.302+05:30 DEBUG 3972 --- [clickkaar-backend] [nio-8080-exec-4] org.hibernate.SQL                        : 
    select
        i1_0.product_id,
        i1_0.id,
        i1_0.image_url,
        i1_0.primary_image,
        i1_0.public_id 
    from
        product_images i1_0 
    where
        i1_0.product_id=?
2026-08-06T02:07:29.302+05:30 DEBUG 3972 --- [clickkaar-backend] [nio-8080-exec-2] org.hibernate.SQL                        : 
    select
        p1_0.id,
        p1_0.availability_status,
        p1_0.brand,
        p1_0.category_id,
        c1_0.id,
        c1_0.created_at,
        c1_0.description,
        c1_0.display_name,
        c1_0.name,
        c1_0.updated_at,
        p1_0.created_at,
        p1_0.daily_price,
        p1_0.full_description,
        p1_0.image_link,
        p1_0.invoice_url,
        p1_0.link_1,
        p1_0.link_2,
        p1_0.name,
        p1_0.short_description,
        p1_0.specs,
        p1_0.stock,
        p1_0.updated_at,
        p1_0.warranty_date,
        p1_0.weekly_price 
    from
        products p1_0 
    join
        categories c1_0 
            on c1_0.id=p1_0.category_id 
    where
        p1_0.id=?
2026-08-06T02:07:29.303+05:30 DEBUG 3972 --- [clickkaar-backend] [nio-8080-exec-4] org.hibernate.SQL                        : 
    select
        i1_0.product_id,
        i1_0.id,
        i1_0.image_url,
        i1_0.primary_image,
        i1_0.public_id 
    from
        product_images i1_0 
    where
        i1_0.product_id=?
2026-08-06T02:07:29.303+05:30 DEBUG 3972 --- [clickkaar-backend] [nio-8080-exec-2] org.hibernate.SQL                        : 
    select
        u1_0.id,
        u1_0.alternate_contact_number,
        u1_0.city,
        u1_0.company_bonafide_letter_document_name,
        u1_0.company_name,
        u1_0.country,
        u1_0.created_at,
        u1_0.current_address,
        u1_0.dob,
        u1_0.driving_license_document_name,
        u1_0.electricity_bill_document_name,
        u1_0.email,
        u1_0.enabled,
        u1_0.first_name,
        u1_0.full_name,
        u1_0.gender,
        u1_0.last_name,
        u1_0.mobile,
        u1_0.mobile_verified,
        u1_0.occupation,
        u1_0.password,
        u1_0.photo_document_name,
        u1_0.pincode,
        u1_0.rent_agreement_document_name,
        u1_0.residence_type,
        r1_0.user_id,
        r1_1.id,
        r1_1.name,
        u1_0.social_media_profile,
        u1_0.state,
        u1_0.updated_at 
    from
        users u1_0 
    left join
        user_roles r1_0 
            on u1_0.id=r1_0.user_id 
    left join
        roles r1_1 
            on r1_1.id=r1_0.role_id 
    where
        u1_0.id=?
2026-08-06T02:07:29.305+05:30 DEBUG 3972 --- [clickkaar-backend] [nio-8080-exec-4] org.hibernate.SQL                        : 
    select
        i1_0.product_id,
        i1_0.id,
        i1_0.image_url,
        i1_0.primary_image,
        i1_0.public_id 
    from
        product_images i1_0 
    where
        i1_0.product_id=?
2026-08-06T02:07:29.305+05:30 DEBUG 3972 --- [clickkaar-backend] [nio-8080-exec-2] org.hibernate.SQL                        : 
    select
        p1_0.id,
        p1_0.availability_status,
        p1_0.brand,
        p1_0.category_id,
        c1_0.id,
        c1_0.created_at,
        c1_0.description,
        c1_0.display_name,
        c1_0.name,
        c1_0.updated_at,
        p1_0.created_at,
        p1_0.daily_price,
        p1_0.full_description,
        p1_0.image_link,
        p1_0.invoice_url,
        p1_0.link_1,
        p1_0.link_2,
        p1_0.name,
        p1_0.short_description,
        p1_0.specs,
        p1_0.stock,
        p1_0.updated_at,
        p1_0.warranty_date,
        p1_0.weekly_price 
    from
        products p1_0 
    join
        categories c1_0 
            on c1_0.id=p1_0.category_id 
    where
        p1_0.id=?
2026-08-06T02:07:29.306+05:30 DEBUG 3972 --- [clickkaar-backend] [nio-8080-exec-4] org.hibernate.SQL                        : 
    select
        i1_0.product_id,
        i1_0.id,
        i1_0.image_url,
        i1_0.primary_image,
        i1_0.public_id 
    from
        product_images i1_0 
    where
        i1_0.product_id=?
2026-08-06T02:07:29.309+05:30 DEBUG 3972 --- [clickkaar-backend] [nio-8080-exec-4] org.hibernate.SQL                        : 
    select
        i1_0.product_id,
        i1_0.id,
        i1_0.image_url,
        i1_0.primary_image,
        i1_0.public_id 
    from
        product_images i1_0 
    where
        i1_0.product_id=?
2026-08-06T02:07:29.310+05:30 DEBUG 3972 --- [clickkaar-backend] [nio-8080-exec-2] org.hibernate.SQL                        : 
    select
        b1_0.id,
        b1_0.booking_number,
        b1_0.created_at,
        b1_0.customer_id,
        b1_0.rental_days,
        b1_0.rental_end_date,
        b1_0.rental_start_date,
        b1_0.status,
        b1_0.total_amount,
        b1_0.updated_at 
    from
        bookings b1_0 
    where
        b1_0.customer_id=?
2026-08-06T02:07:29.312+05:30 DEBUG 3972 --- [clickkaar-backend] [nio-8080-exec-4] org.hibernate.SQL                        : 
    select
        i1_0.product_id,
        i1_0.id,
        i1_0.image_url,
        i1_0.primary_image,
        i1_0.public_id 
    from
        product_images i1_0 
    where
        i1_0.product_id=?
2026-08-06T02:07:29.313+05:30 DEBUG 3972 --- [clickkaar-backend] [nio-8080-exec-2] org.hibernate.SQL                        : 
    select
        u1_0.id,
        u1_0.alternate_contact_number,
        u1_0.city,
        u1_0.company_bonafide_letter_document_name,
        u1_0.company_name,
        u1_0.country,
        u1_0.created_at,
        u1_0.current_address,
        u1_0.dob,
        u1_0.driving_license_document_name,
        u1_0.electricity_bill_document_name,
        u1_0.email,
        u1_0.enabled,
        u1_0.first_name,
        u1_0.full_name,
        u1_0.gender,
        u1_0.last_name,
        u1_0.mobile,
        u1_0.mobile_verified,
        u1_0.occupation,
        u1_0.password,
        u1_0.photo_document_name,
        u1_0.pincode,
        u1_0.rent_agreement_document_name,
        u1_0.residence_type,
        r1_0.user_id,
        r1_1.id,
        r1_1.name,
        u1_0.social_media_profile,
        u1_0.state,
        u1_0.updated_at 
    from
        users u1_0 
    left join
        user_roles r1_0 
            on u1_0.id=r1_0.user_id 
    left join
        roles r1_1 
            on r1_1.id=r1_0.role_id 
    where
        u1_0.id=?
2026-08-06T02:07:29.313+05:30 DEBUG 3972 --- [clickkaar-backend] [nio-8080-exec-4] org.hibernate.SQL                        : 
    select
        i1_0.product_id,
        i1_0.id,
        i1_0.image_url,
        i1_0.primary_image,
        i1_0.public_id 
    from
        product_images i1_0 
    where
        i1_0.product_id=?
2026-08-06T02:07:29.316+05:30 DEBUG 3972 --- [clickkaar-backend] [nio-8080-exec-4] org.hibernate.SQL                        : 
    select
        i1_0.product_id,
        i1_0.id,
        i1_0.image_url,
        i1_0.primary_image,
        i1_0.public_id 
    from
        product_images i1_0 
    where
        i1_0.product_id=?
2026-08-06T02:07:29.321+05:30 DEBUG 3972 --- [clickkaar-backend] [nio-8080-exec-4] org.hibernate.SQL                        : 
    select
        i1_0.product_id,
        i1_0.id,
        i1_0.image_url,
        i1_0.primary_image,
        i1_0.public_id 
    from
        product_images i1_0 
    where
        i1_0.product_id=?
2026-08-06T02:07:29.322+05:30 DEBUG 3972 --- [clickkaar-backend] [nio-8080-exec-2] org.hibernate.SQL                        : 
    select
        w1_0.id,
        w1_0.created_at,
        w1_0.product_id,
        w1_0.updated_at,
        w1_0.user_id 
    from
        wishlists w1_0 
    where
        w1_0.user_id=?
2026-08-06T02:07:29.322+05:30 DEBUG 3972 --- [clickkaar-backend] [nio-8080-exec-4] org.hibernate.SQL                        : 
    select
        i1_0.product_id,
        i1_0.id,
        i1_0.image_url,
        i1_0.primary_image,
        i1_0.public_id 
    from
        product_images i1_0 
    where
        i1_0.product_id=?
2026-08-06T02:07:29.322+05:30 DEBUG 3972 --- [clickkaar-backend] [nio-8080-exec-2] org.hibernate.SQL                        : 
    select
        p1_0.id,
        p1_0.availability_status,
        p1_0.brand,
        p1_0.category_id,
        c1_0.id,
        c1_0.created_at,
        c1_0.description,
        c1_0.display_name,
        c1_0.name,
        c1_0.updated_at,
        p1_0.created_at,
        p1_0.daily_price,
        p1_0.full_description,
        p1_0.image_link,
        p1_0.invoice_url,
        p1_0.link_1,
        p1_0.link_2,
        p1_0.name,
        p1_0.short_description,
        p1_0.specs,
        p1_0.stock,
        p1_0.updated_at,
        p1_0.warranty_date,
        p1_0.weekly_price 
    from
        products p1_0 
    join
        categories c1_0 
            on c1_0.id=p1_0.category_id 
    where
        p1_0.id=?
2026-08-06T02:07:29.324+05:30 DEBUG 3972 --- [clickkaar-backend] [nio-8080-exec-4] org.hibernate.SQL                        : 
    select
        i1_0.product_id,
        i1_0.id,
        i1_0.image_url,
        i1_0.primary_image,
        i1_0.public_id 
    from
        product_images i1_0 
    where
        i1_0.product_id=?
2026-08-06T02:07:29.324+05:30 DEBUG 3972 --- [clickkaar-backend] [nio-8080-exec-2] org.hibernate.SQL                        : 
    select
        u1_0.id,
        u1_0.alternate_contact_number,
        u1_0.city,
        u1_0.company_bonafide_letter_document_name,
        u1_0.company_name,
        u1_0.country,
        u1_0.created_at,
        u1_0.current_address,
        u1_0.dob,
        u1_0.driving_license_document_name,
        u1_0.electricity_bill_document_name,
        u1_0.email,
        u1_0.enabled,
        u1_0.first_name,
        u1_0.full_name,
        u1_0.gender,
        u1_0.last_name,
        u1_0.mobile,
        u1_0.mobile_verified,
        u1_0.occupation,
        u1_0.password,
        u1_0.photo_document_name,
        u1_0.pincode,
        u1_0.rent_agreement_document_name,
        u1_0.residence_type,
        r1_0.user_id,
        r1_1.id,
        r1_1.name,
        u1_0.social_media_profile,
        u1_0.state,
        u1_0.updated_at 
    from
        users u1_0 
    left join
        user_roles r1_0 
            on u1_0.id=r1_0.user_id 
    left join
        roles r1_1 
            on r1_1.id=r1_0.role_id 
    where
        u1_0.id=?
2026-08-06T02:07:29.325+05:30 DEBUG 3972 --- [clickkaar-backend] [nio-8080-exec-4] org.hibernate.SQL                        : 
    select
        i1_0.product_id,
        i1_0.id,
        i1_0.image_url,
        i1_0.primary_image,
        i1_0.public_id 
    from
        product_images i1_0 
    where
        i1_0.product_id=?
2026-08-06T02:07:29.326+05:30 DEBUG 3972 --- [clickkaar-backend] [nio-8080-exec-4] org.hibernate.SQL                        : 
    select
        i1_0.product_id,
        i1_0.id,
        i1_0.image_url,
        i1_0.primary_image,
        i1_0.public_id 
    from
        product_images i1_0 
    where
        i1_0.product_id=?
2026-08-06T02:07:29.326+05:30 DEBUG 3972 --- [clickkaar-backend] [nio-8080-exec-2] org.hibernate.SQL                        : 
    select
        b1_0.id,
        b1_0.booking_number,
        b1_0.created_at,
        b1_0.customer_id,
        b1_0.rental_days,
        b1_0.rental_end_date,
        b1_0.rental_start_date,
        b1_0.status,
        b1_0.total_amount,
        b1_0.updated_at 
    from
        bookings b1_0 
    where
        b1_0.customer_id=?
2026-08-06T02:07:29.326+05:30 DEBUG 3972 --- [clickkaar-backend] [nio-8080-exec-4] org.hibernate.SQL                        : 
    select
        i1_0.product_id,
        i1_0.id,
        i1_0.image_url,
        i1_0.primary_image,
        i1_0.public_id 
    from
        product_images i1_0 
    where
        i1_0.product_id=?
2026-08-06T02:07:29.327+05:30 DEBUG 3972 --- [clickkaar-backend] [nio-8080-exec-2] org.hibernate.SQL                        : 
    select
        u1_0.id,
        u1_0.alternate_contact_number,
        u1_0.city,
        u1_0.company_bonafide_letter_document_name,
        u1_0.company_name,
        u1_0.country,
        u1_0.created_at,
        u1_0.current_address,
        u1_0.dob,
        u1_0.driving_license_document_name,
        u1_0.electricity_bill_document_name,
        u1_0.email,
        u1_0.enabled,
        u1_0.first_name,
        u1_0.full_name,
        u1_0.gender,
        u1_0.last_name,
        u1_0.mobile,
        u1_0.mobile_verified,
        u1_0.occupation,
        u1_0.password,
        u1_0.photo_document_name,
        u1_0.pincode,
        u1_0.rent_agreement_document_name,
        u1_0.residence_type,
        r1_0.user_id,
        r1_1.id,
        r1_1.name,
        u1_0.social_media_profile,
        u1_0.state,
        u1_0.updated_at 
    from
        users u1_0 
    left join
        user_roles r1_0 
            on u1_0.id=r1_0.user_id 
    left join
        roles r1_1 
            on r1_1.id=r1_0.role_id 
    where
        u1_0.id=?
2026-08-06T02:07:29.327+05:30 DEBUG 3972 --- [clickkaar-backend] [nio-8080-exec-4] org.hibernate.SQL                        : 
    select
        i1_0.product_id,
        i1_0.id,
        i1_0.image_url,
        i1_0.primary_image,
        i1_0.public_id 
    from
        product_images i1_0 
    where
        i1_0.product_id=?
2026-08-06T02:07:29.328+05:30 DEBUG 3972 --- [clickkaar-backend] [nio-8080-exec-4] org.hibernate.SQL                        : 
    select
        i1_0.product_id,
        i1_0.id,
        i1_0.image_url,
        i1_0.primary_image,
        i1_0.public_id 
    from
        product_images i1_0 
    where
        i1_0.product_id=?
2026-08-06T02:07:29.329+05:30 DEBUG 3972 --- [clickkaar-backend] [nio-8080-exec-4] org.hibernate.SQL                        : 
    select
        i1_0.product_id,
        i1_0.id,
        i1_0.image_url,
        i1_0.primary_image,
        i1_0.public_id 
    from
        product_images i1_0 
    where
        i1_0.product_id=?
2026-08-06T02:07:29.331+05:30 DEBUG 3972 --- [clickkaar-backend] [nio-8080-exec-2] org.hibernate.SQL                        : 
    select
        w1_0.id,
        w1_0.created_at,
        w1_0.product_id,
        w1_0.updated_at,
        w1_0.user_id 
    from
        wishlists w1_0 
    where
        w1_0.user_id=?
2026-08-06T02:07:29.331+05:30 DEBUG 3972 --- [clickkaar-backend] [nio-8080-exec-4] org.hibernate.SQL                        : 
    select
        i1_0.product_id,
        i1_0.id,
        i1_0.image_url,
        i1_0.primary_image,
        i1_0.public_id 
    from
        product_images i1_0 
    where
        i1_0.product_id=?
2026-08-06T02:07:29.332+05:30 DEBUG 3972 --- [clickkaar-backend] [nio-8080-exec-4] org.hibernate.SQL                        : 
    select
        i1_0.product_id,
        i1_0.id,
        i1_0.image_url,
        i1_0.primary_image,
        i1_0.public_id 
    from
        product_images i1_0 
    where
        i1_0.product_id=?
2026-08-06T02:07:29.333+05:30 DEBUG 3972 --- [clickkaar-backend] [nio-8080-exec-4] org.hibernate.SQL                        : 
    select
        i1_0.product_id,
        i1_0.id,
        i1_0.image_url,
        i1_0.primary_image,
        i1_0.public_id 
    from
        product_images i1_0 
    where
        i1_0.product_id=?
2026-08-06T02:07:29.333+05:30 DEBUG 3972 --- [clickkaar-backend] [nio-8080-exec-2] org.hibernate.SQL                        : 
    select
        b1_0.id,
        b1_0.booking_number,
        b1_0.created_at,
        b1_0.customer_id,
        b1_0.rental_days,
        b1_0.rental_end_date,
        b1_0.rental_start_date,
        b1_0.status,
        b1_0.total_amount,
        b1_0.updated_at 
    from
        bookings b1_0 
    where
        b1_0.customer_id=?
2026-08-06T02:07:29.333+05:30 DEBUG 3972 --- [clickkaar-backend] [nio-8080-exec-4] org.hibernate.SQL                        : 
    select
        i1_0.product_id,
        i1_0.id,
        i1_0.image_url,
        i1_0.primary_image,
        i1_0.public_id 
    from
        product_images i1_0 
    where
        i1_0.product_id=?
2026-08-06T02:07:29.334+05:30 DEBUG 3972 --- [clickkaar-backend] [nio-8080-exec-4] org.hibernate.SQL                        : 
    select
        i1_0.product_id,
        i1_0.id,
        i1_0.image_url,
        i1_0.primary_image,
        i1_0.public_id 
    from
        product_images i1_0 
    where
        i1_0.product_id=?
2026-08-06T02:07:29.335+05:30 DEBUG 3972 --- [clickkaar-backend] [nio-8080-exec-4] org.hibernate.SQL                        : 
    select
        i1_0.product_id,
        i1_0.id,
        i1_0.image_url,
        i1_0.primary_image,
        i1_0.public_id 
    from
        product_images i1_0 
    where
        i1_0.product_id=?
2026-08-06T02:07:29.336+05:30 DEBUG 3972 --- [clickkaar-backend] [nio-8080-exec-2] org.hibernate.SQL                        : 
    select
        w1_0.id,
        w1_0.created_at,
        w1_0.product_id,
        w1_0.updated_at,
        w1_0.user_id 
    from
        wishlists w1_0 
    where
        w1_0.user_id=?
2026-08-06T02:07:29.336+05:30 DEBUG 3972 --- [clickkaar-backend] [nio-8080-exec-4] org.hibernate.SQL                        : 
    select
        i1_0.product_id,
        i1_0.id,
        i1_0.image_url,
        i1_0.primary_image,
        i1_0.public_id 
    from
        product_images i1_0 
    where
        i1_0.product_id=?
2026-08-06T02:07:29.337+05:30 DEBUG 3972 --- [clickkaar-backend] [nio-8080-exec-4] org.hibernate.SQL                        : 
    select
        i1_0.product_id,
        i1_0.id,
        i1_0.image_url,
        i1_0.primary_image,
        i1_0.public_id 
    from
        product_images i1_0 
    where
        i1_0.product_id=?
2026-08-06T02:07:29.338+05:30 DEBUG 3972 --- [clickkaar-backend] [nio-8080-exec-4] org.hibernate.SQL                        : 
    select
        i1_0.product_id,
        i1_0.id,
        i1_0.image_url,
        i1_0.primary_image,
        i1_0.public_id 
    from
        product_images i1_0 
    where
        i1_0.product_id=?
2026-08-06T02:07:29.338+05:30 DEBUG 3972 --- [clickkaar-backend] [nio-8080-exec-2] org.hibernate.SQL                        : 
    select
        b1_0.id,
        b1_0.booking_number,
        b1_0.created_at,
        b1_0.customer_id,
        b1_0.rental_days,
        b1_0.rental_end_date,
        b1_0.rental_start_date,
        b1_0.status,
        b1_0.total_amount,
        b1_0.updated_at 
    from
        bookings b1_0 
    where
        b1_0.customer_id=?
2026-08-06T02:07:29.339+05:30 DEBUG 3972 --- [clickkaar-backend] [nio-8080-exec-4] org.hibernate.SQL                        : 
    select
        i1_0.product_id,
        i1_0.id,
        i1_0.image_url,
        i1_0.primary_image,
        i1_0.public_id 
    from
        product_images i1_0 
    where
        i1_0.product_id=?
2026-08-06T02:07:29.340+05:30 DEBUG 3972 --- [clickkaar-backend] [nio-8080-exec-4] org.hibernate.SQL                        : 
    select
        i1_0.product_id,
        i1_0.id,
        i1_0.image_url,
        i1_0.primary_image,
        i1_0.public_id 
    from
        product_images i1_0 
    where
        i1_0.product_id=?
2026-08-06T02:07:29.340+05:30 DEBUG 3972 --- [clickkaar-backend] [nio-8080-exec-2] org.hibernate.SQL                        : 
    select
        w1_0.id,
        w1_0.created_at,
        w1_0.product_id,
        w1_0.updated_at,
        w1_0.user_id 
    from
        wishlists w1_0 
    where
        w1_0.user_id=?
2026-08-06T02:07:29.341+05:30 DEBUG 3972 --- [clickkaar-backend] [nio-8080-exec-4] org.hibernate.SQL                        : 
    select
        i1_0.product_id,
        i1_0.id,
        i1_0.image_url,
        i1_0.primary_image,
        i1_0.public_id 
    from
        product_images i1_0 
    where
        i1_0.product_id=?
2026-08-06T02:07:29.342+05:30 DEBUG 3972 --- [clickkaar-backend] [nio-8080-exec-4] org.hibernate.SQL                        : 
    select
        i1_0.product_id,
        i1_0.id,
        i1_0.image_url,
        i1_0.primary_image,
        i1_0.public_id 
    from
        product_images i1_0 
    where
        i1_0.product_id=?
2026-08-06T02:07:29.342+05:30 DEBUG 3972 --- [clickkaar-backend] [nio-8080-exec-2] org.hibernate.SQL                        : 
    select
        b1_0.id,
        b1_0.booking_number,
        b1_0.created_at,
        b1_0.customer_id,
        b1_0.rental_days,
        b1_0.rental_end_date,
        b1_0.rental_start_date,
        b1_0.status,
        b1_0.total_amount,
        b1_0.updated_at 
    from
        bookings b1_0 
    where
        b1_0.customer_id=?
2026-08-06T02:07:29.342+05:30 DEBUG 3972 --- [clickkaar-backend] [nio-8080-exec-4] org.hibernate.SQL                        : 
    select
        i1_0.product_id,
        i1_0.id,
        i1_0.image_url,
        i1_0.primary_image,
        i1_0.public_id 
    from
        product_images i1_0 
    where
        i1_0.product_id=?
2026-08-06T02:07:29.343+05:30 DEBUG 3972 --- [clickkaar-backend] [nio-8080-exec-2] org.hibernate.SQL                        : 
    select
        u1_0.id,
        u1_0.alternate_contact_number,
        u1_0.city,
        u1_0.company_bonafide_letter_document_name,
        u1_0.company_name,
        u1_0.country,
        u1_0.created_at,
        u1_0.current_address,
        u1_0.dob,
        u1_0.driving_license_document_name,
        u1_0.electricity_bill_document_name,
        u1_0.email,
        u1_0.enabled,
        u1_0.first_name,
        u1_0.full_name,
        u1_0.gender,
        u1_0.last_name,
        u1_0.mobile,
        u1_0.mobile_verified,
        u1_0.occupation,
        u1_0.password,
        u1_0.photo_document_name,
        u1_0.pincode,
        u1_0.rent_agreement_document_name,
        u1_0.residence_type,
        r1_0.user_id,
        r1_1.id,
        r1_1.name,
        u1_0.social_media_profile,
        u1_0.state,
        u1_0.updated_at 
    from
        users u1_0 
    left join
        user_roles r1_0 
            on u1_0.id=r1_0.user_id 
    left join
        roles r1_1 
            on r1_1.id=r1_0.role_id 
    where
        u1_0.id=?
2026-08-06T02:07:29.344+05:30 DEBUG 3972 --- [clickkaar-backend] [nio-8080-exec-4] m.m.a.RequestResponseBodyMethodProcessor : Using 'application/json', given [application/json, text/plain, */*] and supported [application/json, application/*+json]
2026-08-06T02:07:29.345+05:30 DEBUG 3972 --- [clickkaar-backend] [nio-8080-exec-2] org.hibernate.SQL                        : 
    select
        w1_0.id,
        w1_0.created_at,
        w1_0.product_id,
        w1_0.updated_at,
        w1_0.user_id 
    from
        wishlists w1_0 
    where
        w1_0.user_id=?
2026-08-06T02:07:29.346+05:30 DEBUG 3972 --- [clickkaar-backend] [nio-8080-exec-4] m.m.a.RequestResponseBodyMethodProcessor : Writing [[ProductResponse[id=105, name=Rent Sony a7 M5, brand=Sony, category=CAMERAS, shortDescription=Sony r (truncated)...]
2026-08-06T02:07:29.348+05:30 DEBUG 3972 --- [clickkaar-backend] [nio-8080-exec-2] org.hibernate.SQL                        : 
    select
        b1_0.id,
        b1_0.booking_number,
        b1_0.created_at,
        b1_0.customer_id,
        b1_0.rental_days,
        b1_0.rental_end_date,
        b1_0.rental_start_date,
        b1_0.status,
        b1_0.total_amount,
        b1_0.updated_at 
    from
        bookings b1_0 
    where
        b1_0.customer_id=?
2026-08-06T02:07:29.349+05:30 DEBUG 3972 --- [clickkaar-backend] [nio-8080-exec-4] o.s.web.servlet.DispatcherServlet        : Completed 200 OK
2026-08-06T02:07:29.350+05:30 DEBUG 3972 --- [clickkaar-backend] [nio-8080-exec-2] org.hibernate.SQL                        : 
    select
        w1_0.id,
        w1_0.created_at,
        w1_0.product_id,
        w1_0.updated_at,
        w1_0.user_id 
    from
        wishlists w1_0 
    where
        w1_0.user_id=?
2026-08-06T02:07:29.353+05:30 DEBUG 3972 --- [clickkaar-backend] [nio-8080-exec-2] org.hibernate.SQL                        : 
    select
        b1_0.id,
        b1_0.booking_number,
        b1_0.created_at,
        b1_0.customer_id,
        b1_0.rental_days,
        b1_0.rental_end_date,
        b1_0.rental_start_date,
        b1_0.status,
        b1_0.total_amount,
        b1_0.updated_at 
    from
        bookings b1_0 
    where
        b1_0.customer_id=?
2026-08-06T02:07:29.357+05:30 DEBUG 3972 --- [clickkaar-backend] [nio-8080-exec-2] org.hibernate.SQL                        : 
    select
        w1_0.id,
        w1_0.created_at,
        w1_0.product_id,
        w1_0.updated_at,
        w1_0.user_id 
    from
        wishlists w1_0 
    where
        w1_0.user_id=?
2026-08-06T02:07:29.360+05:30 DEBUG 3972 --- [clickkaar-backend] [nio-8080-exec-2] m.m.a.RequestResponseBodyMethodProcessor : Using 'application/json', given [application/json, text/plain, */*] and supported [application/json, application/*+json]
2026-08-06T02:07:29.361+05:30 DEBUG 3972 --- [clickkaar-backend] [nio-8080-exec-2] m.m.a.RequestResponseBodyMethodProcessor : Writing [[AdminCustomerResponse[id=2, name=MySQL Check, email=mysql-check-20260606135352@example.com, phone=6 (truncated)...]
2026-08-06T02:07:29.364+05:30 DEBUG 3972 --- [clickkaar-backend] [nio-8080-exec-2] o.s.web.servlet.DispatcherServlet        : Completed 200 OK
2026-08-06T02:08:00.181+05:30 DEBUG 3972 --- [clickkaar-backend] [nio-8080-exec-6] o.s.web.servlet.DispatcherServlet        : POST "/api/auth/login", parameters={}
2026-08-06T02:08:00.182+05:30 DEBUG 3972 --- [clickkaar-backend] [nio-8080-exec-6] s.w.s.m.m.a.RequestMappingHandlerMapping : Mapped to com.clickkaar.controller.AuthController#login(LoginRequest)
2026-08-06T02:08:00.191+05:30 DEBUG 3972 --- [clickkaar-backend] [nio-8080-exec-6] m.m.a.RequestResponseBodyMethodProcessor : Read "application/json;charset=UTF-8" to [LoginRequest[email=vishwajeetkhadse26@gmail.com, password=Pass@123]]
2026-08-06T02:08:00.211+05:30 DEBUG 3972 --- [clickkaar-backend] [nio-8080-exec-6] org.hibernate.SQL                        : 
    select
        pr1_0.id 
    from
        pending_registrations pr1_0 
    where
        pr1_0.email=? 
    limit
        ?
2026-08-06T02:08:00.215+05:30 DEBUG 3972 --- [clickkaar-backend] [nio-8080-exec-6] org.hibernate.SQL                        : 
    select
        u1_0.id,
        u1_0.alternate_contact_number,
        u1_0.city,
        u1_0.company_bonafide_letter_document_name,
        u1_0.company_name,
        u1_0.country,
        u1_0.created_at,
        u1_0.current_address,
        u1_0.dob,
        u1_0.driving_license_document_name,
        u1_0.electricity_bill_document_name,
        u1_0.email,
        u1_0.enabled,
        u1_0.first_name,
        u1_0.full_name,
        u1_0.gender,
        u1_0.last_name,
        u1_0.mobile,
        u1_0.mobile_verified,
        u1_0.occupation,
        u1_0.password,
        u1_0.photo_document_name,
        u1_0.pincode,
        u1_0.rent_agreement_document_name,
        u1_0.residence_type,
        u1_0.social_media_profile,
        u1_0.state,
        u1_0.updated_at 
    from
        users u1_0 
    where
        u1_0.email=?
2026-08-06T02:08:00.215+05:30 DEBUG 3972 --- [clickkaar-backend] [nio-8080-exec-6] org.hibernate.SQL                        : 
    select
        r1_0.user_id,
        r1_1.id,
        r1_1.name 
    from
        user_roles r1_0 
    join
        roles r1_1 
            on r1_1.id=r1_0.role_id 
    where
        r1_0.user_id=?
2026-08-06T02:08:00.298+05:30 DEBUG 3972 --- [clickkaar-backend] [nio-8080-exec-6] org.hibernate.SQL                        : 
    select
        u1_0.id,
        u1_0.alternate_contact_number,
        u1_0.city,
        u1_0.company_bonafide_letter_document_name,
        u1_0.company_name,
        u1_0.country,
        u1_0.created_at,
        u1_0.current_address,
        u1_0.dob,
        u1_0.driving_license_document_name,
        u1_0.electricity_bill_document_name,
        u1_0.email,
        u1_0.enabled,
        u1_0.first_name,
        u1_0.full_name,
        u1_0.gender,
        u1_0.last_name,
        u1_0.mobile,
        u1_0.mobile_verified,
        u1_0.occupation,
        u1_0.password,
        u1_0.photo_document_name,
        u1_0.pincode,
        u1_0.rent_agreement_document_name,
        u1_0.residence_type,
        u1_0.social_media_profile,
        u1_0.state,
        u1_0.updated_at 
    from
        users u1_0 
    where
        u1_0.email=?
2026-08-06T02:08:00.309+05:30 DEBUG 3972 --- [clickkaar-backend] [nio-8080-exec-6] org.hibernate.SQL                        : 
    select
        r1_0.user_id,
        r1_1.id,
        r1_1.name 
    from
        user_roles r1_0 
    join
        roles r1_1 
            on r1_1.id=r1_0.role_id 
    where
        r1_0.user_id=?
2026-08-06T02:08:00.406+05:30 DEBUG 3972 --- [clickkaar-backend] [nio-8080-exec-6] m.m.a.RequestResponseBodyMethodProcessor : Using 'application/json', given [application/json, text/plain, */*] and supported [application/json, application/*+json]
2026-08-06T02:08:00.408+05:30 DEBUG 3972 --- [clickkaar-backend] [nio-8080-exec-6] m.m.a.RequestResponseBodyMethodProcessor : Writing [AuthResponse[token=eyJhbGciOiJIUzM4NCJ9.eyJzdWIiOiJ2aXNod2FqZWV0a2hhZHNlMjZAZ21haWwuY29tIiwiaWF0Ijox (truncated)...]
2026-08-06T02:08:00.409+05:30 DEBUG 3972 --- [clickkaar-backend] [nio-8080-exec-6] o.s.web.servlet.DispatcherServlet        : Completed 200 OK
2026-08-06T02:08:00.426+05:30 DEBUG 3972 --- [clickkaar-backend] [nio-8080-exec-1] org.hibernate.SQL                        : 
    select
        u1_0.id,
        u1_0.alternate_contact_number,
        u1_0.city,
        u1_0.company_bonafide_letter_document_name,
        u1_0.company_name,
        u1_0.country,
        u1_0.created_at,
        u1_0.current_address,
        u1_0.dob,
        u1_0.driving_license_document_name,
        u1_0.electricity_bill_document_name,
        u1_0.email,
        u1_0.enabled,
        u1_0.first_name,
        u1_0.full_name,
        u1_0.gender,
        u1_0.last_name,
        u1_0.mobile,
        u1_0.mobile_verified,
        u1_0.occupation,
        u1_0.password,
        u1_0.photo_document_name,
        u1_0.pincode,
        u1_0.rent_agreement_document_name,
        u1_0.residence_type,
        u1_0.social_media_profile,
        u1_0.state,
        u1_0.updated_at 
    from
        users u1_0 
    where
        u1_0.email=?
2026-08-06T02:08:00.428+05:30 DEBUG 3972 --- [clickkaar-backend] [nio-8080-exec-1] org.hibernate.SQL                        : 
    select
        r1_0.user_id,
        r1_1.id,
        r1_1.name 
    from
        user_roles r1_0 
    join
        roles r1_1 
            on r1_1.id=r1_0.role_id 
    where
        r1_0.user_id=?
2026-08-06T02:08:00.431+05:30 DEBUG 3972 --- [clickkaar-backend] [nio-8080-exec-1] o.s.web.servlet.DispatcherServlet        : GET "/api/dashboard/customer", parameters={}
2026-08-06T02:08:00.432+05:30 DEBUG 3972 --- [clickkaar-backend] [nio-8080-exec-1] s.w.s.m.m.a.RequestMappingHandlerMapping : Mapped to com.clickkaar.controller.CustomerDashboardController#customerDashboard()
2026-08-06T02:08:00.437+05:30 DEBUG 3972 --- [clickkaar-backend] [nio-8080-exec-1] org.hibernate.SQL                        : 
    select
        u1_0.id,
        u1_0.alternate_contact_number,
        u1_0.city,
        u1_0.company_bonafide_letter_document_name,
        u1_0.company_name,
        u1_0.country,
        u1_0.created_at,
        u1_0.current_address,
        u1_0.dob,
        u1_0.driving_license_document_name,
        u1_0.electricity_bill_document_name,
        u1_0.email,
        u1_0.enabled,
        u1_0.first_name,
        u1_0.full_name,
        u1_0.gender,
        u1_0.last_name,
        u1_0.mobile,
        u1_0.mobile_verified,
        u1_0.occupation,
        u1_0.password,
        u1_0.photo_document_name,
        u1_0.pincode,
        u1_0.rent_agreement_document_name,
        u1_0.residence_type,
        u1_0.social_media_profile,
        u1_0.state,
        u1_0.updated_at 
    from
        users u1_0 
    where
        u1_0.email=?
2026-08-06T02:08:00.440+05:30 DEBUG 3972 --- [clickkaar-backend] [nio-8080-exec-1] org.hibernate.SQL                        : 
    select
        r1_0.user_id,
        r1_1.id,
        r1_1.name 
    from
        user_roles r1_0 
    join
        roles r1_1 
            on r1_1.id=r1_0.role_id 
    where
        r1_0.user_id=?
2026-08-06T02:08:00.444+05:30 DEBUG 3972 --- [clickkaar-backend] [nio-8080-exec-1] org.hibernate.SQL                        : 
    select
        b1_0.id,
        b1_0.booking_number,
        b1_0.created_at,
        b1_0.customer_id,
        b1_0.rental_days,
        b1_0.rental_end_date,
        b1_0.rental_start_date,
        b1_0.status,
        b1_0.total_amount,
        b1_0.updated_at 
    from
        bookings b1_0 
    where
        b1_0.customer_id=?
2026-08-06T02:08:00.452+05:30 DEBUG 3972 --- [clickkaar-backend] [nio-8080-exec-1] org.hibernate.SQL                        : 
    select
        p1_0.id,
        p1_0.amount,
        p1_0.booking_id,
        p1_0.created_at,
        p1_0.razorpay_order_id,
        p1_0.razorpay_payment_id,
        p1_0.razorpay_signature,
        p1_0.remark,
        p1_0.status,
        p1_0.type,
        p1_0.updated_at 
    from
        payments p1_0 
    join
        bookings b1_0 
            on b1_0.id=p1_0.booking_id 
    where
        b1_0.customer_id=?
2026-08-06T02:08:00.470+05:30 DEBUG 3972 --- [clickkaar-backend] [nio-8080-exec-1] org.hibernate.SQL                        : 
    select
        w1_0.id,
        w1_0.created_at,
        w1_0.product_id,
        w1_0.updated_at,
        w1_0.user_id 
    from
        wishlists w1_0 
    where
        w1_0.user_id=?
2026-08-06T02:08:00.476+05:30 DEBUG 3972 --- [clickkaar-backend] [nio-8080-exec-1] org.hibernate.SQL                        : 
    select
        i1_0.booking_id,
        i1_0.id,
        i1_0.daily_price,
        i1_0.line_total,
        i1_0.product_id,
        p1_0.id,
        p1_0.availability_status,
        p1_0.brand,
        p1_0.category_id,
        c1_0.id,
        c1_0.created_at,
        c1_0.description,
        c1_0.display_name,
        c1_0.name,
        c1_0.updated_at,
        p1_0.created_at,
        p1_0.daily_price,
        p1_0.full_description,
        p1_0.image_link,
        p1_0.invoice_url,
        p1_0.link_1,
        p1_0.link_2,
        p1_0.name,
        p1_0.short_description,
        p1_0.specs,
        p1_0.stock,
        p1_0.updated_at,
        p1_0.warranty_date,
        p1_0.weekly_price 
    from
        booking_items i1_0 
    left join
        products p1_0 
            on p1_0.id=i1_0.product_id 
    left join
        categories c1_0 
            on c1_0.id=p1_0.category_id 
    where
        i1_0.booking_id=?
2026-08-06T02:08:00.514+05:30 DEBUG 3972 --- [clickkaar-backend] [nio-8080-exec-1] org.hibernate.SQL                        : 
    select
        i1_0.booking_id,
        i1_0.id,
        i1_0.daily_price,
        i1_0.line_total,
        i1_0.product_id,
        p1_0.id,
        p1_0.availability_status,
        p1_0.brand,
        p1_0.category_id,
        c1_0.id,
        c1_0.created_at,
        c1_0.description,
        c1_0.display_name,
        c1_0.name,
        c1_0.updated_at,
        p1_0.created_at,
        p1_0.daily_price,
        p1_0.full_description,
        p1_0.image_link,
        p1_0.invoice_url,
        p1_0.link_1,
        p1_0.link_2,
        p1_0.name,
        p1_0.short_description,
        p1_0.specs,
        p1_0.stock,
        p1_0.updated_at,
        p1_0.warranty_date,
        p1_0.weekly_price 
    from
        booking_items i1_0 
    left join
        products p1_0 
            on p1_0.id=i1_0.product_id 
    left join
        categories c1_0 
            on c1_0.id=p1_0.category_id 
    where
        i1_0.booking_id=?
2026-08-06T02:08:00.516+05:30 DEBUG 3972 --- [clickkaar-backend] [nio-8080-exec-1] org.hibernate.SQL                        : 
    select
        i1_0.booking_id,
        i1_0.id,
        i1_0.daily_price,
        i1_0.line_total,
        i1_0.product_id,
        p1_0.id,
        p1_0.availability_status,
        p1_0.brand,
        p1_0.category_id,
        c1_0.id,
        c1_0.created_at,
        c1_0.description,
        c1_0.display_name,
        c1_0.name,
        c1_0.updated_at,
        p1_0.created_at,
        p1_0.daily_price,
        p1_0.full_description,
        p1_0.image_link,
        p1_0.invoice_url,
        p1_0.link_1,
        p1_0.link_2,
        p1_0.name,
        p1_0.short_description,
        p1_0.specs,
        p1_0.stock,
        p1_0.updated_at,
        p1_0.warranty_date,
        p1_0.weekly_price 
    from
        booking_items i1_0 
    left join
        products p1_0 
            on p1_0.id=i1_0.product_id 
    left join
        categories c1_0 
            on c1_0.id=p1_0.category_id 
    where
        i1_0.booking_id=?
2026-08-06T02:08:00.517+05:30 DEBUG 3972 --- [clickkaar-backend] [nio-8080-exec-1] org.hibernate.SQL                        : 
    select
        i1_0.booking_id,
        i1_0.id,
        i1_0.daily_price,
        i1_0.line_total,
        i1_0.product_id,
        p1_0.id,
        p1_0.availability_status,
        p1_0.brand,
        p1_0.category_id,
        c1_0.id,
        c1_0.created_at,
        c1_0.description,
        c1_0.display_name,
        c1_0.name,
        c1_0.updated_at,
        p1_0.created_at,
        p1_0.daily_price,
        p1_0.full_description,
        p1_0.image_link,
        p1_0.invoice_url,
        p1_0.link_1,
        p1_0.link_2,
        p1_0.name,
        p1_0.short_description,
        p1_0.specs,
        p1_0.stock,
        p1_0.updated_at,
        p1_0.warranty_date,
        p1_0.weekly_price 
    from
        booking_items i1_0 
    left join
        products p1_0 
            on p1_0.id=i1_0.product_id 
    left join
        categories c1_0 
            on c1_0.id=p1_0.category_id 
    where
        i1_0.booking_id=?
2026-08-06T02:08:00.540+05:30 DEBUG 3972 --- [clickkaar-backend] [nio-8080-exec-1] m.m.a.RequestResponseBodyMethodProcessor : Using 'application/json', given [application/json, text/plain, */*] and supported [application/json, application/*+json]
2026-08-06T02:08:00.562+05:30 DEBUG 3972 --- [clickkaar-backend] [nio-8080-exec-1] m.m.a.RequestResponseBodyMethodProcessor : Writing [CustomerDashboardResponse[profile=CustomerProfileResponse[id=17, fullName=vishwajeet khadse, email=v (truncated)...]
2026-08-06T02:08:00.579+05:30 DEBUG 3972 --- [clickkaar-backend] [nio-8080-exec-1] o.s.web.servlet.DispatcherServlet        : Completed 200 OK
2026-08-06T02:08:04.180+05:30 DEBUG 3972 --- [clickkaar-backend] [nio-8080-exec-8] o.s.web.servlet.DispatcherServlet        : GET "/api/products", parameters={}
2026-08-06T02:08:04.180+05:30 DEBUG 3972 --- [clickkaar-backend] [nio-8080-exec-8] s.w.s.m.m.a.RequestMappingHandlerMapping : Mapped to com.clickkaar.controller.ProductController#all()
2026-08-06T02:08:04.183+05:30 DEBUG 3972 --- [clickkaar-backend] [nio-8080-exec-8] org.hibernate.SQL                        : 
    select
        p1_0.id,
        p1_0.availability_status,
        p1_0.brand,
        p1_0.category_id,
        p1_0.created_at,
        p1_0.daily_price,
        p1_0.full_description,
        p1_0.image_link,
        p1_0.invoice_url,
        p1_0.link_1,
        p1_0.link_2,
        p1_0.name,
        p1_0.short_description,
        p1_0.specs,
        p1_0.stock,
        p1_0.updated_at,
        p1_0.warranty_date,
        p1_0.weekly_price 
    from
        products p1_0
2026-08-06T02:08:04.185+05:30 DEBUG 3972 --- [clickkaar-backend] [nio-8080-exec-8] org.hibernate.SQL                        : 
    select
        c1_0.id,
        c1_0.created_at,
        c1_0.description,
        c1_0.display_name,
        c1_0.name,
        c1_0.updated_at 
    from
        categories c1_0 
    where
        c1_0.id=?
2026-08-06T02:08:04.186+05:30 DEBUG 3972 --- [clickkaar-backend] [nio-8080-exec-8] org.hibernate.SQL                        : 
    select
        c1_0.id,
        c1_0.created_at,
        c1_0.description,
        c1_0.display_name,
        c1_0.name,
        c1_0.updated_at 
    from
        categories c1_0 
    where
        c1_0.id=?
2026-08-06T02:08:04.187+05:30 DEBUG 3972 --- [clickkaar-backend] [nio-8080-exec-8] org.hibernate.SQL                        : 
    select
        c1_0.id,
        c1_0.created_at,
        c1_0.description,
        c1_0.display_name,
        c1_0.name,
        c1_0.updated_at 
    from
        categories c1_0 
    where
        c1_0.id=?
2026-08-06T02:08:04.189+05:30 DEBUG 3972 --- [clickkaar-backend] [nio-8080-exec-8] org.hibernate.SQL                        : 
    select
        c1_0.id,
        c1_0.created_at,
        c1_0.description,
        c1_0.display_name,
        c1_0.name,
        c1_0.updated_at 
    from
        categories c1_0 
    where
        c1_0.id=?
2026-08-06T02:08:04.191+05:30 DEBUG 3972 --- [clickkaar-backend] [nio-8080-exec-8] org.hibernate.SQL                        : 
    select
        c1_0.id,
        c1_0.created_at,
        c1_0.description,
        c1_0.display_name,
        c1_0.name,
        c1_0.updated_at 
    from
        categories c1_0 
    where
        c1_0.id=?
2026-08-06T02:08:04.192+05:30 DEBUG 3972 --- [clickkaar-backend] [nio-8080-exec-8] org.hibernate.SQL                        : 
    select
        c1_0.id,
        c1_0.created_at,
        c1_0.description,
        c1_0.display_name,
        c1_0.name,
        c1_0.updated_at 
    from
        categories c1_0 
    where
        c1_0.id=?
2026-08-06T02:08:04.194+05:30 DEBUG 3972 --- [clickkaar-backend] [nio-8080-exec-8] org.hibernate.SQL                        : 
    select
        i1_0.product_id,
        i1_0.id,
        i1_0.image_url,
        i1_0.primary_image,
        i1_0.public_id 
    from
        product_images i1_0 
    where
        i1_0.product_id=?
2026-08-06T02:08:04.197+05:30 DEBUG 3972 --- [clickkaar-backend] [nio-8080-exec-8] org.hibernate.SQL                        : 
    select
        i1_0.product_id,
        i1_0.id,
        i1_0.image_url,
        i1_0.primary_image,
        i1_0.public_id 
    from
        product_images i1_0 
    where
        i1_0.product_id=?
2026-08-06T02:08:04.199+05:30 DEBUG 3972 --- [clickkaar-backend] [nio-8080-exec-8] org.hibernate.SQL                        : 
    select
        i1_0.product_id,
        i1_0.id,
        i1_0.image_url,
        i1_0.primary_image,
        i1_0.public_id 
    from
        product_images i1_0 
    where
        i1_0.product_id=?
2026-08-06T02:08:04.201+05:30 DEBUG 3972 --- [clickkaar-backend] [nio-8080-exec-8] org.hibernate.SQL                        : 
    select
        i1_0.product_id,
        i1_0.id,
        i1_0.image_url,
        i1_0.primary_image,
        i1_0.public_id 
    from
        product_images i1_0 
    where
        i1_0.product_id=?
2026-08-06T02:08:04.203+05:30 DEBUG 3972 --- [clickkaar-backend] [nio-8080-exec-8] org.hibernate.SQL                        : 
    select
        i1_0.product_id,
        i1_0.id,
        i1_0.image_url,
        i1_0.primary_image,
        i1_0.public_id 
    from
        product_images i1_0 
    where
        i1_0.product_id=?
2026-08-06T02:08:04.205+05:30 DEBUG 3972 --- [clickkaar-backend] [nio-8080-exec-8] org.hibernate.SQL                        : 
    select
        i1_0.product_id,
        i1_0.id,
        i1_0.image_url,
        i1_0.primary_image,
        i1_0.public_id 
    from
        product_images i1_0 
    where
        i1_0.product_id=?
2026-08-06T02:08:04.207+05:30 DEBUG 3972 --- [clickkaar-backend] [nio-8080-exec-8] org.hibernate.SQL                        : 
    select
        i1_0.product_id,
        i1_0.id,
        i1_0.image_url,
        i1_0.primary_image,
        i1_0.public_id 
    from
        product_images i1_0 
    where
        i1_0.product_id=?
2026-08-06T02:08:04.211+05:30 DEBUG 3972 --- [clickkaar-backend] [nio-8080-exec-8] org.hibernate.SQL                        : 
    select
        i1_0.product_id,
        i1_0.id,
        i1_0.image_url,
        i1_0.primary_image,
        i1_0.public_id 
    from
        product_images i1_0 
    where
        i1_0.product_id=?
2026-08-06T02:08:04.213+05:30 DEBUG 3972 --- [clickkaar-backend] [nio-8080-exec-8] org.hibernate.SQL                        : 
    select
        i1_0.product_id,
        i1_0.id,
        i1_0.image_url,
        i1_0.primary_image,
        i1_0.public_id 
    from
        product_images i1_0 
    where
        i1_0.product_id=?
2026-08-06T02:08:04.215+05:30 DEBUG 3972 --- [clickkaar-backend] [nio-8080-exec-8] org.hibernate.SQL                        : 
    select
        i1_0.product_id,
        i1_0.id,
        i1_0.image_url,
        i1_0.primary_image,
        i1_0.public_id 
    from
        product_images i1_0 
    where
        i1_0.product_id=?
2026-08-06T02:08:04.216+05:30 DEBUG 3972 --- [clickkaar-backend] [nio-8080-exec-8] org.hibernate.SQL                        : 
    select
        i1_0.product_id,
        i1_0.id,
        i1_0.image_url,
        i1_0.primary_image,
        i1_0.public_id 
    from
        product_images i1_0 
    where
        i1_0.product_id=?
2026-08-06T02:08:04.218+05:30 DEBUG 3972 --- [clickkaar-backend] [nio-8080-exec-8] org.hibernate.SQL                        : 
    select
        i1_0.product_id,
        i1_0.id,
        i1_0.image_url,
        i1_0.primary_image,
        i1_0.public_id 
    from
        product_images i1_0 
    where
        i1_0.product_id=?
2026-08-06T02:08:04.219+05:30 DEBUG 3972 --- [clickkaar-backend] [nio-8080-exec-8] org.hibernate.SQL                        : 
    select
        i1_0.product_id,
        i1_0.id,
        i1_0.image_url,
        i1_0.primary_image,
        i1_0.public_id 
    from
        product_images i1_0 
    where
        i1_0.product_id=?
2026-08-06T02:08:04.221+05:30 DEBUG 3972 --- [clickkaar-backend] [nio-8080-exec-8] org.hibernate.SQL                        : 
    select
        i1_0.product_id,
        i1_0.id,
        i1_0.image_url,
        i1_0.primary_image,
        i1_0.public_id 
    from
        product_images i1_0 
    where
        i1_0.product_id=?
2026-08-06T02:08:04.222+05:30 DEBUG 3972 --- [clickkaar-backend] [nio-8080-exec-8] org.hibernate.SQL                        : 
    select
        i1_0.product_id,
        i1_0.id,
        i1_0.image_url,
        i1_0.primary_image,
        i1_0.public_id 
    from
        product_images i1_0 
    where
        i1_0.product_id=?
2026-08-06T02:08:04.224+05:30 DEBUG 3972 --- [clickkaar-backend] [nio-8080-exec-8] org.hibernate.SQL                        : 
    select
        i1_0.product_id,
        i1_0.id,
        i1_0.image_url,
        i1_0.primary_image,
        i1_0.public_id 
    from
        product_images i1_0 
    where
        i1_0.product_id=?
2026-08-06T02:08:04.225+05:30 DEBUG 3972 --- [clickkaar-backend] [nio-8080-exec-8] org.hibernate.SQL                        : 
    select
        i1_0.product_id,
        i1_0.id,
        i1_0.image_url,
        i1_0.primary_image,
        i1_0.public_id 
    from
        product_images i1_0 
    where
        i1_0.product_id=?
2026-08-06T02:08:04.227+05:30 DEBUG 3972 --- [clickkaar-backend] [nio-8080-exec-8] org.hibernate.SQL                        : 
    select
        i1_0.product_id,
        i1_0.id,
        i1_0.image_url,
        i1_0.primary_image,
        i1_0.public_id 
    from
        product_images i1_0 
    where
        i1_0.product_id=?
2026-08-06T02:08:04.228+05:30 DEBUG 3972 --- [clickkaar-backend] [nio-8080-exec-8] org.hibernate.SQL                        : 
    select
        i1_0.product_id,
        i1_0.id,
        i1_0.image_url,
        i1_0.primary_image,
        i1_0.public_id 
    from
        product_images i1_0 
    where
        i1_0.product_id=?
2026-08-06T02:08:04.230+05:30 DEBUG 3972 --- [clickkaar-backend] [nio-8080-exec-8] org.hibernate.SQL                        : 
    select
        i1_0.product_id,
        i1_0.id,
        i1_0.image_url,
        i1_0.primary_image,
        i1_0.public_id 
    from
        product_images i1_0 
    where
        i1_0.product_id=?
2026-08-06T02:08:04.232+05:30 DEBUG 3972 --- [clickkaar-backend] [nio-8080-exec-8] org.hibernate.SQL                        : 
    select
        i1_0.product_id,
        i1_0.id,
        i1_0.image_url,
        i1_0.primary_image,
        i1_0.public_id 
    from
        product_images i1_0 
    where
        i1_0.product_id=?
2026-08-06T02:08:04.234+05:30 DEBUG 3972 --- [clickkaar-backend] [nio-8080-exec-8] org.hibernate.SQL                        : 
    select
        i1_0.product_id,
        i1_0.id,
        i1_0.image_url,
        i1_0.primary_image,
        i1_0.public_id 
    from
        product_images i1_0 
    where
        i1_0.product_id=?
2026-08-06T02:08:04.236+05:30 DEBUG 3972 --- [clickkaar-backend] [nio-8080-exec-8] org.hibernate.SQL                        : 
    select
        i1_0.product_id,
        i1_0.id,
        i1_0.image_url,
        i1_0.primary_image,
        i1_0.public_id 
    from
        product_images i1_0 
    where
        i1_0.product_id=?
2026-08-06T02:08:04.237+05:30 DEBUG 3972 --- [clickkaar-backend] [nio-8080-exec-8] org.hibernate.SQL                        : 
    select
        i1_0.product_id,
        i1_0.id,
        i1_0.image_url,
        i1_0.primary_image,
        i1_0.public_id 
    from
        product_images i1_0 
    where
        i1_0.product_id=?
2026-08-06T02:08:04.240+05:30 DEBUG 3972 --- [clickkaar-backend] [nio-8080-exec-8] org.hibernate.SQL                        : 
    select
        i1_0.product_id,
        i1_0.id,
        i1_0.image_url,
        i1_0.primary_image,
        i1_0.public_id 
    from
        product_images i1_0 
    where
        i1_0.product_id=?
2026-08-06T02:08:04.241+05:30 DEBUG 3972 --- [clickkaar-backend] [nio-8080-exec-8] org.hibernate.SQL                        : 
    select
        i1_0.product_id,
        i1_0.id,
        i1_0.image_url,
        i1_0.primary_image,
        i1_0.public_id 
    from
        product_images i1_0 
    where
        i1_0.product_id=?
2026-08-06T02:08:04.242+05:30 DEBUG 3972 --- [clickkaar-backend] [nio-8080-exec-8] org.hibernate.SQL                        : 
    select
        i1_0.product_id,
        i1_0.id,
        i1_0.image_url,
        i1_0.primary_image,
        i1_0.public_id 
    from
        product_images i1_0 
    where
        i1_0.product_id=?
2026-08-06T02:08:04.243+05:30 DEBUG 3972 --- [clickkaar-backend] [nio-8080-exec-8] org.hibernate.SQL                        : 
    select
        i1_0.product_id,
        i1_0.id,
        i1_0.image_url,
        i1_0.primary_image,
        i1_0.public_id 
    from
        product_images i1_0 
    where
        i1_0.product_id=?
2026-08-06T02:08:04.244+05:30 DEBUG 3972 --- [clickkaar-backend] [nio-8080-exec-8] org.hibernate.SQL                        : 
    select
        i1_0.product_id,
        i1_0.id,
        i1_0.image_url,
        i1_0.primary_image,
        i1_0.public_id 
    from
        product_images i1_0 
    where
        i1_0.product_id=?
2026-08-06T02:08:04.245+05:30 DEBUG 3972 --- [clickkaar-backend] [nio-8080-exec-8] org.hibernate.SQL                        : 
    select
        i1_0.product_id,
        i1_0.id,
        i1_0.image_url,
        i1_0.primary_image,
        i1_0.public_id 
    from
        product_images i1_0 
    where
        i1_0.product_id=?
2026-08-06T02:08:04.246+05:30 DEBUG 3972 --- [clickkaar-backend] [nio-8080-exec-8] org.hibernate.SQL                        : 
    select
        i1_0.product_id,
        i1_0.id,
        i1_0.image_url,
        i1_0.primary_image,
        i1_0.public_id 
    from
        product_images i1_0 
    where
        i1_0.product_id=?
2026-08-06T02:08:04.248+05:30 DEBUG 3972 --- [clickkaar-backend] [nio-8080-exec-8] org.hibernate.SQL                        : 
    select
        i1_0.product_id,
        i1_0.id,
        i1_0.image_url,
        i1_0.primary_image,
        i1_0.public_id 
    from
        product_images i1_0 
    where
        i1_0.product_id=?
2026-08-06T02:08:04.249+05:30 DEBUG 3972 --- [clickkaar-backend] [nio-8080-exec-8] org.hibernate.SQL                        : 
    select
        i1_0.product_id,
        i1_0.id,
        i1_0.image_url,
        i1_0.primary_image,
        i1_0.public_id 
    from
        product_images i1_0 
    where
        i1_0.product_id=?
2026-08-06T02:08:04.250+05:30 DEBUG 3972 --- [clickkaar-backend] [nio-8080-exec-8] org.hibernate.SQL                        : 
    select
        i1_0.product_id,
        i1_0.id,
        i1_0.image_url,
        i1_0.primary_image,
        i1_0.public_id 
    from
        product_images i1_0 
    where
        i1_0.product_id=?
2026-08-06T02:08:04.251+05:30 DEBUG 3972 --- [clickkaar-backend] [nio-8080-exec-8] org.hibernate.SQL                        : 
    select
        i1_0.product_id,
        i1_0.id,
        i1_0.image_url,
        i1_0.primary_image,
        i1_0.public_id 
    from
        product_images i1_0 
    where
        i1_0.product_id=?
2026-08-06T02:08:04.252+05:30 DEBUG 3972 --- [clickkaar-backend] [nio-8080-exec-8] org.hibernate.SQL                        : 
    select
        i1_0.product_id,
        i1_0.id,
        i1_0.image_url,
        i1_0.primary_image,
        i1_0.public_id 
    from
        product_images i1_0 
    where
        i1_0.product_id=?
2026-08-06T02:08:04.253+05:30 DEBUG 3972 --- [clickkaar-backend] [nio-8080-exec-8] org.hibernate.SQL                        : 
    select
        i1_0.product_id,
        i1_0.id,
        i1_0.image_url,
        i1_0.primary_image,
        i1_0.public_id 
    from
        product_images i1_0 
    where
        i1_0.product_id=?
2026-08-06T02:08:04.254+05:30 DEBUG 3972 --- [clickkaar-backend] [nio-8080-exec-8] org.hibernate.SQL                        : 
    select
        i1_0.product_id,
        i1_0.id,
        i1_0.image_url,
        i1_0.primary_image,
        i1_0.public_id 
    from
        product_images i1_0 
    where
        i1_0.product_id=?
2026-08-06T02:08:04.255+05:30 DEBUG 3972 --- [clickkaar-backend] [nio-8080-exec-8] org.hibernate.SQL                        : 
    select
        i1_0.product_id,
        i1_0.id,
        i1_0.image_url,
        i1_0.primary_image,
        i1_0.public_id 
    from
        product_images i1_0 
    where
        i1_0.product_id=?
2026-08-06T02:08:04.256+05:30 DEBUG 3972 --- [clickkaar-backend] [nio-8080-exec-8] org.hibernate.SQL                        : 
    select
        i1_0.product_id,
        i1_0.id,
        i1_0.image_url,
        i1_0.primary_image,
        i1_0.public_id 
    from
        product_images i1_0 
    where
        i1_0.product_id=?
2026-08-06T02:08:04.257+05:30 DEBUG 3972 --- [clickkaar-backend] [nio-8080-exec-8] org.hibernate.SQL                        : 
    select
        i1_0.product_id,
        i1_0.id,
        i1_0.image_url,
        i1_0.primary_image,
        i1_0.public_id 
    from
        product_images i1_0 
    where
        i1_0.product_id=?
2026-08-06T02:08:04.259+05:30 DEBUG 3972 --- [clickkaar-backend] [nio-8080-exec-8] org.hibernate.SQL                        : 
    select
        i1_0.product_id,
        i1_0.id,
        i1_0.image_url,
        i1_0.primary_image,
        i1_0.public_id 
    from
        product_images i1_0 
    where
        i1_0.product_id=?
2026-08-06T02:08:04.262+05:30 DEBUG 3972 --- [clickkaar-backend] [nio-8080-exec-8] org.hibernate.SQL                        : 
    select
        i1_0.product_id,
        i1_0.id,
        i1_0.image_url,
        i1_0.primary_image,
        i1_0.public_id 
    from
        product_images i1_0 
    where
        i1_0.product_id=?
2026-08-06T02:08:04.263+05:30 DEBUG 3972 --- [clickkaar-backend] [nio-8080-exec-8] org.hibernate.SQL                        : 
    select
        i1_0.product_id,
        i1_0.id,
        i1_0.image_url,
        i1_0.primary_image,
        i1_0.public_id 
    from
        product_images i1_0 
    where
        i1_0.product_id=?
2026-08-06T02:08:04.264+05:30 DEBUG 3972 --- [clickkaar-backend] [nio-8080-exec-8] org.hibernate.SQL                        : 
    select
        i1_0.product_id,
        i1_0.id,
        i1_0.image_url,
        i1_0.primary_image,
        i1_0.public_id 
    from
        product_images i1_0 
    where
        i1_0.product_id=?
2026-08-06T02:08:04.265+05:30 DEBUG 3972 --- [clickkaar-backend] [nio-8080-exec-8] org.hibernate.SQL                        : 
    select
        i1_0.product_id,
        i1_0.id,
        i1_0.image_url,
        i1_0.primary_image,
        i1_0.public_id 
    from
        product_images i1_0 
    where
        i1_0.product_id=?
2026-08-06T02:08:04.265+05:30 DEBUG 3972 --- [clickkaar-backend] [nio-8080-exec-8] org.hibernate.SQL                        : 
    select
        i1_0.product_id,
        i1_0.id,
        i1_0.image_url,
        i1_0.primary_image,
        i1_0.public_id 
    from
        product_images i1_0 
    where
        i1_0.product_id=?
2026-08-06T02:08:04.267+05:30 DEBUG 3972 --- [clickkaar-backend] [nio-8080-exec-8] org.hibernate.SQL                        : 
    select
        i1_0.product_id,
        i1_0.id,
        i1_0.image_url,
        i1_0.primary_image,
        i1_0.public_id 
    from
        product_images i1_0 
    where
        i1_0.product_id=?
2026-08-06T02:08:04.269+05:30 DEBUG 3972 --- [clickkaar-backend] [nio-8080-exec-8] org.hibernate.SQL                        : 
    select
        i1_0.product_id,
        i1_0.id,
        i1_0.image_url,
        i1_0.primary_image,
        i1_0.public_id 
    from
        product_images i1_0 
    where
        i1_0.product_id=?
2026-08-06T02:08:04.270+05:30 DEBUG 3972 --- [clickkaar-backend] [nio-8080-exec-8] org.hibernate.SQL                        : 
    select
        i1_0.product_id,
        i1_0.id,
        i1_0.image_url,
        i1_0.primary_image,
        i1_0.public_id 
    from
        product_images i1_0 
    where
        i1_0.product_id=?
2026-08-06T02:08:04.271+05:30 DEBUG 3972 --- [clickkaar-backend] [nio-8080-exec-8] org.hibernate.SQL                        : 
    select
        i1_0.product_id,
        i1_0.id,
        i1_0.image_url,
        i1_0.primary_image,
        i1_0.public_id 
    from
        product_images i1_0 
    where
        i1_0.product_id=?
2026-08-06T02:08:04.272+05:30 DEBUG 3972 --- [clickkaar-backend] [nio-8080-exec-8] org.hibernate.SQL                        : 
    select
        i1_0.product_id,
        i1_0.id,
        i1_0.image_url,
        i1_0.primary_image,
        i1_0.public_id 
    from
        product_images i1_0 
    where
        i1_0.product_id=?
2026-08-06T02:08:04.273+05:30 DEBUG 3972 --- [clickkaar-backend] [nio-8080-exec-8] org.hibernate.SQL                        : 
    select
        i1_0.product_id,
        i1_0.id,
        i1_0.image_url,
        i1_0.primary_image,
        i1_0.public_id 
    from
        product_images i1_0 
    where
        i1_0.product_id=?
2026-08-06T02:08:04.274+05:30 DEBUG 3972 --- [clickkaar-backend] [nio-8080-exec-8] org.hibernate.SQL                        : 
    select
        i1_0.product_id,
        i1_0.id,
        i1_0.image_url,
        i1_0.primary_image,
        i1_0.public_id 
    from
        product_images i1_0 
    where
        i1_0.product_id=?
2026-08-06T02:08:04.274+05:30 DEBUG 3972 --- [clickkaar-backend] [nio-8080-exec-8] org.hibernate.SQL                        : 
    select
        i1_0.product_id,
        i1_0.id,
        i1_0.image_url,
        i1_0.primary_image,
        i1_0.public_id 
    from
        product_images i1_0 
    where
        i1_0.product_id=?
2026-08-06T02:08:04.275+05:30 DEBUG 3972 --- [clickkaar-backend] [nio-8080-exec-8] org.hibernate.SQL                        : 
    select
        i1_0.product_id,
        i1_0.id,
        i1_0.image_url,
        i1_0.primary_image,
        i1_0.public_id 
    from
        product_images i1_0 
    where
        i1_0.product_id=?
2026-08-06T02:08:04.276+05:30 DEBUG 3972 --- [clickkaar-backend] [nio-8080-exec-8] org.hibernate.SQL                        : 
    select
        i1_0.product_id,
        i1_0.id,
        i1_0.image_url,
        i1_0.primary_image,
        i1_0.public_id 
    from
        product_images i1_0 
    where
        i1_0.product_id=?
2026-08-06T02:08:04.277+05:30 DEBUG 3972 --- [clickkaar-backend] [nio-8080-exec-8] m.m.a.RequestResponseBodyMethodProcessor : Using 'application/json', given [application/json, text/plain, */*] and supported [application/json, application/*+json]
2026-08-06T02:08:04.280+05:30 DEBUG 3972 --- [clickkaar-backend] [nio-8080-exec-8] m.m.a.RequestResponseBodyMethodProcessor : Writing [[ProductResponse[id=105, name=Rent Sony a7 M5, brand=Sony, category=CAMERAS, shortDescription=Sony r (truncated)...]
2026-08-06T02:08:04.282+05:30 DEBUG 3972 --- [clickkaar-backend] [nio-8080-exec-8] o.s.web.servlet.DispatcherServlet        : Completed 200 OK
2026-08-06T02:08:06.507+05:30 DEBUG 3972 --- [clickkaar-backend] [nio-8080-exec-5] o.s.web.servlet.DispatcherServlet        : GET "/api/products/110", parameters={}
2026-08-06T02:08:06.508+05:30 DEBUG 3972 --- [clickkaar-backend] [nio-8080-exec-5] s.w.s.m.m.a.RequestMappingHandlerMapping : Mapped to com.clickkaar.controller.ProductController#one(Long)
2026-08-06T02:08:06.520+05:30 DEBUG 3972 --- [clickkaar-backend] [nio-8080-exec-5] org.hibernate.SQL                        : 
    select
        p1_0.id,
        p1_0.availability_status,
        p1_0.brand,
        p1_0.category_id,
        c1_0.id,
        c1_0.created_at,
        c1_0.description,
        c1_0.display_name,
        c1_0.name,
        c1_0.updated_at,
        p1_0.created_at,
        p1_0.daily_price,
        p1_0.full_description,
        p1_0.image_link,
        p1_0.invoice_url,
        p1_0.link_1,
        p1_0.link_2,
        p1_0.name,
        p1_0.short_description,
        p1_0.specs,
        p1_0.stock,
        p1_0.updated_at,
        p1_0.warranty_date,
        p1_0.weekly_price 
    from
        products p1_0 
    join
        categories c1_0 
            on c1_0.id=p1_0.category_id 
    where
        p1_0.id=?
2026-08-06T02:08:06.524+05:30 DEBUG 3972 --- [clickkaar-backend] [nio-8080-exec-5] org.hibernate.SQL                        : 
    select
        i1_0.product_id,
        i1_0.id,
        i1_0.image_url,
        i1_0.primary_image,
        i1_0.public_id 
    from
        product_images i1_0 
    where
        i1_0.product_id=?
2026-08-06T02:08:06.540+05:30 DEBUG 3972 --- [clickkaar-backend] [nio-8080-exec-5] m.m.a.RequestResponseBodyMethodProcessor : Using 'application/json', given [application/json, text/plain, */*] and supported [application/json, application/*+json]
2026-08-06T02:08:06.541+05:30 DEBUG 3972 --- [clickkaar-backend] [nio-8080-exec-5] m.m.a.RequestResponseBodyMethodProcessor : Writing [ProductResponse[id=110, name=Rent Sony FE 90mm f/2.8 Macro G OSS Lens, brand=Sony, category=LENSES,  (truncated)...]
2026-08-06T02:08:06.544+05:30 DEBUG 3972 --- [clickkaar-backend] [nio-8080-exec-5] o.s.web.servlet.DispatcherServlet        : Completed 200 OK
2026-08-06T02:08:06.558+05:30 DEBUG 3972 --- [clickkaar-backend] [nio-8080-exec-9] o.s.web.servlet.DispatcherServlet        : GET "/api/bookings/products/110/blocked-ranges", parameters={}
2026-08-06T02:08:06.560+05:30 DEBUG 3972 --- [clickkaar-backend] [nio-8080-exec-9] s.w.s.m.m.a.RequestMappingHandlerMapping : Mapped to com.clickkaar.controller.BookingController#blockedRanges(Long)
2026-08-06T02:08:06.565+05:30 DEBUG 3972 --- [clickkaar-backend] [nio-8080-exec-9] org.hibernate.SQL                        : 
    select
        p1_0.id,
        p1_0.availability_status,
        p1_0.brand,
        p1_0.category_id,
        c1_0.id,
        c1_0.created_at,
        c1_0.description,
        c1_0.display_name,
        c1_0.name,
        c1_0.updated_at,
        p1_0.created_at,
        p1_0.daily_price,
        p1_0.full_description,
        p1_0.image_link,
        p1_0.invoice_url,
        p1_0.link_1,
        p1_0.link_2,
        p1_0.name,
        p1_0.short_description,
        p1_0.specs,
        p1_0.stock,
        p1_0.updated_at,
        p1_0.warranty_date,
        p1_0.weekly_price 
    from
        products p1_0 
    join
        categories c1_0 
            on c1_0.id=p1_0.category_id 
    where
        p1_0.id=?
2026-08-06T02:08:06.643+05:30 DEBUG 3972 --- [clickkaar-backend] [nio-8080-exec-9] org.hibernate.SQL                        : 
    select
        distinct b1_0.id,
        b1_0.booking_number,
        b1_0.created_at,
        b1_0.customer_id,
        i1_0.booking_id,
        i1_0.id,
        i1_0.daily_price,
        i1_0.line_total,
        i1_0.product_id,
        b1_0.rental_days,
        b1_0.rental_end_date,
        b1_0.rental_start_date,
        b1_0.status,
        b1_0.total_amount,
        b1_0.updated_at 
    from
        bookings b1_0 
    join
        booking_items i1_0 
            on b1_0.id=i1_0.booking_id 
    where
        i1_0.product_id=? 
        and b1_0.status in ('CONFIRMED', 'ACTIVE', 'OVERDUE') 
        and ?<=b1_0.rental_end_date 
        and ?>=b1_0.rental_start_date
2026-08-06T02:08:06.664+05:30 DEBUG 3972 --- [clickkaar-backend] [nio-8080-exec-9] m.m.a.RequestResponseBodyMethodProcessor : Using 'application/json', given [application/json, text/plain, */*] and supported [application/json, application/*+json]
2026-08-06T02:08:06.665+05:30 DEBUG 3972 --- [clickkaar-backend] [nio-8080-exec-9] m.m.a.RequestResponseBodyMethodProcessor : Writing [[]]
2026-08-06T02:08:06.669+05:30 DEBUG 3972 --- [clickkaar-backend] [nio-8080-exec-9] o.s.web.servlet.DispatcherServlet        : Completed 200 OK
2026-08-06T02:08:10.263+05:30 DEBUG 3972 --- [clickkaar-backend] [nio-8080-exec-3] o.s.web.servlet.DispatcherServlet        : GET "/api/bookings/availability?productId=110&startDate=2026-08-06&endDate=2026-08-06", parameters={masked}
2026-08-06T02:08:10.264+05:30 DEBUG 3972 --- [clickkaar-backend] [nio-8080-exec-3] s.w.s.m.m.a.RequestMappingHandlerMapping : Mapped to com.clickkaar.controller.BookingController#availability(Long, LocalDate, LocalDate)
2026-08-06T02:08:10.284+05:30 DEBUG 3972 --- [clickkaar-backend] [nio-8080-exec-3] org.hibernate.SQL                        : 
    select
        p1_0.id,
        p1_0.availability_status,
        p1_0.brand,
        p1_0.category_id,
        c1_0.id,
        c1_0.created_at,
        c1_0.description,
        c1_0.display_name,
        c1_0.name,
        c1_0.updated_at,
        p1_0.created_at,
        p1_0.daily_price,
        p1_0.full_description,
        p1_0.image_link,
        p1_0.invoice_url,
        p1_0.link_1,
        p1_0.link_2,
        p1_0.name,
        p1_0.short_description,
        p1_0.specs,
        p1_0.stock,
        p1_0.updated_at,
        p1_0.warranty_date,
        p1_0.weekly_price 
    from
        products p1_0 
    join
        categories c1_0 
            on c1_0.id=p1_0.category_id 
    where
        p1_0.id=?
2026-08-06T02:08:10.290+05:30 DEBUG 3972 --- [clickkaar-backend] [nio-8080-exec-3] org.hibernate.SQL                        : 
    select
        distinct b1_0.id,
        b1_0.booking_number,
        b1_0.created_at,
        b1_0.customer_id,
        i1_0.booking_id,
        i1_0.id,
        i1_0.daily_price,
        i1_0.line_total,
        i1_0.product_id,
        b1_0.rental_days,
        b1_0.rental_end_date,
        b1_0.rental_start_date,
        b1_0.status,
        b1_0.total_amount,
        b1_0.updated_at 
    from
        bookings b1_0 
    join
        booking_items i1_0 
            on b1_0.id=i1_0.booking_id 
    where
        i1_0.product_id=? 
        and b1_0.status in ('CONFIRMED', 'ACTIVE', 'OVERDUE') 
        and ?<=b1_0.rental_end_date 
        and ?>=b1_0.rental_start_date
2026-08-06T02:08:10.293+05:30 DEBUG 3972 --- [clickkaar-backend] [nio-8080-exec-3] m.m.a.RequestResponseBodyMethodProcessor : Using 'application/json', given [application/json, text/plain, */*] and supported [application/json, application/*+json]
2026-08-06T02:08:10.294+05:30 DEBUG 3972 --- [clickkaar-backend] [nio-8080-exec-3] m.m.a.RequestResponseBodyMethodProcessor : Writing [AvailabilityResponse[available=true, message=Rent Sony FE 90mm f/2.8 Macro G OSS Lens is available f (truncated)...]
2026-08-06T02:08:10.296+05:30 DEBUG 3972 --- [clickkaar-backend] [nio-8080-exec-3] o.s.web.servlet.DispatcherServlet        : Completed 200 OK
2026-08-06T02:08:22.438+05:30 DEBUG 3972 --- [clickkaar-backend] [nio-8080-exec-2] org.hibernate.SQL                        : 
    select
        u1_0.id,
        u1_0.alternate_contact_number,
        u1_0.city,
        u1_0.company_bonafide_letter_document_name,
        u1_0.company_name,
        u1_0.country,
        u1_0.created_at,
        u1_0.current_address,
        u1_0.dob,
        u1_0.driving_license_document_name,
        u1_0.electricity_bill_document_name,
        u1_0.email,
        u1_0.enabled,
        u1_0.first_name,
        u1_0.full_name,
        u1_0.gender,
        u1_0.last_name,
        u1_0.mobile,
        u1_0.mobile_verified,
        u1_0.occupation,
        u1_0.password,
        u1_0.photo_document_name,
        u1_0.pincode,
        u1_0.rent_agreement_document_name,
        u1_0.residence_type,
        u1_0.social_media_profile,
        u1_0.state,
        u1_0.updated_at 
    from
        users u1_0 
    where
        u1_0.email=?
2026-08-06T02:08:22.443+05:30 DEBUG 3972 --- [clickkaar-backend] [nio-8080-exec-2] org.hibernate.SQL                        : 
    select
        r1_0.user_id,
        r1_1.id,
        r1_1.name 
    from
        user_roles r1_0 
    join
        roles r1_1 
            on r1_1.id=r1_0.role_id 
    where
        r1_0.user_id=?
2026-08-06T02:08:22.445+05:30 DEBUG 3972 --- [clickkaar-backend] [nio-8080-exec-2] o.s.web.servlet.DispatcherServlet        : GET "/api/bookings/coupons/FRIENDS", parameters={}
2026-08-06T02:08:22.447+05:30 DEBUG 3972 --- [clickkaar-backend] [nio-8080-exec-2] s.w.s.m.m.a.RequestMappingHandlerMapping : Mapped to com.clickkaar.controller.BookingController#couponPreview(String)
2026-08-06T02:08:22.478+05:30 DEBUG 3972 --- [clickkaar-backend] [nio-8080-exec-2] org.hibernate.SQL                        : 
    select
        c1_0.id,
        c1_0.active,
        c1_0.code,
        c1_0.created_at,
        c1_0.discount_percent,
        c1_0.updated_at,
        c1_0.usage_limit,
        c1_0.used_count,
        c1_0.valid_until 
    from
        coupons c1_0 
    where
        upper(c1_0.code)=upper(?) 
        and c1_0.active
2026-08-06T02:08:22.482+05:30 DEBUG 3972 --- [clickkaar-backend] [nio-8080-exec-2] m.m.a.RequestResponseBodyMethodProcessor : Using 'application/json', given [application/json, text/plain, */*] and supported [application/json, application/*+json]
2026-08-06T02:08:22.482+05:30 DEBUG 3972 --- [clickkaar-backend] [nio-8080-exec-2] m.m.a.RequestResponseBodyMethodProcessor : Writing [CouponPreviewResponse[code=FRIENDS, discountPercent=50.00]]
2026-08-06T02:08:22.483+05:30 DEBUG 3972 --- [clickkaar-backend] [nio-8080-exec-2] o.s.web.servlet.DispatcherServlet        : Completed 200 OK
2026-08-06T02:08:25.786+05:30 DEBUG 3972 --- [clickkaar-backend] [nio-8080-exec-6] org.hibernate.SQL                        : 
    select
        u1_0.id,
        u1_0.alternate_contact_number,
        u1_0.city,
        u1_0.company_bonafide_letter_document_name,
        u1_0.company_name,
        u1_0.country,
        u1_0.created_at,
        u1_0.current_address,
        u1_0.dob,
        u1_0.driving_license_document_name,
        u1_0.electricity_bill_document_name,
        u1_0.email,
        u1_0.enabled,
        u1_0.first_name,
        u1_0.full_name,
        u1_0.gender,
        u1_0.last_name,
        u1_0.mobile,
        u1_0.mobile_verified,
        u1_0.occupation,
        u1_0.password,
        u1_0.photo_document_name,
        u1_0.pincode,
        u1_0.rent_agreement_document_name,
        u1_0.residence_type,
        u1_0.social_media_profile,
        u1_0.state,
        u1_0.updated_at 
    from
        users u1_0 
    where
        u1_0.email=?
2026-08-06T02:08:25.790+05:30 DEBUG 3972 --- [clickkaar-backend] [nio-8080-exec-6] org.hibernate.SQL                        : 
    select
        r1_0.user_id,
        r1_1.id,
        r1_1.name 
    from
        user_roles r1_0 
    join
        roles r1_1 
            on r1_1.id=r1_0.role_id 
    where
        r1_0.user_id=?
2026-08-06T02:08:25.795+05:30 DEBUG 3972 --- [clickkaar-backend] [nio-8080-exec-6] o.s.web.servlet.DispatcherServlet        : POST "/api/bookings", parameters={}
2026-08-06T02:08:25.795+05:30 DEBUG 3972 --- [clickkaar-backend] [nio-8080-exec-6] s.w.s.m.m.a.RequestMappingHandlerMapping : Mapped to com.clickkaar.controller.BookingController#create(BookingRequest)
2026-08-06T02:08:25.810+05:30 DEBUG 3972 --- [clickkaar-backend] [nio-8080-exec-6] m.m.a.RequestResponseBodyMethodProcessor : Read "application/json;charset=UTF-8" to [BookingRequest[customerId=17, rentalStartDate=2026-08-06, rentalEndDate=2026-08-06, items=[BookingIt (truncated)...]
2026-08-06T02:08:25.857+05:30 DEBUG 3972 --- [clickkaar-backend] [nio-8080-exec-6] org.hibernate.SQL                        : 
    select
        u1_0.id,
        u1_0.alternate_contact_number,
        u1_0.city,
        u1_0.company_bonafide_letter_document_name,
        u1_0.company_name,
        u1_0.country,
        u1_0.created_at,
        u1_0.current_address,
        u1_0.dob,
        u1_0.driving_license_document_name,
        u1_0.electricity_bill_document_name,
        u1_0.email,
        u1_0.enabled,
        u1_0.first_name,
        u1_0.full_name,
        u1_0.gender,
        u1_0.last_name,
        u1_0.mobile,
        u1_0.mobile_verified,
        u1_0.occupation,
        u1_0.password,
        u1_0.photo_document_name,
        u1_0.pincode,
        u1_0.rent_agreement_document_name,
        u1_0.residence_type,
        r1_0.user_id,
        r1_1.id,
        r1_1.name,
        u1_0.social_media_profile,
        u1_0.state,
        u1_0.updated_at 
    from
        users u1_0 
    left join
        user_roles r1_0 
            on u1_0.id=r1_0.user_id 
    left join
        roles r1_1 
            on r1_1.id=r1_0.role_id 
    where
        u1_0.id=?
2026-08-06T02:08:25.862+05:30 DEBUG 3972 --- [clickkaar-backend] [nio-8080-exec-6] org.hibernate.SQL                        : 
    select
        p1_0.id,
        p1_0.availability_status,
        p1_0.brand,
        p1_0.category_id,
        c1_0.id,
        c1_0.created_at,
        c1_0.description,
        c1_0.display_name,
        c1_0.name,
        c1_0.updated_at,
        p1_0.created_at,
        p1_0.daily_price,
        p1_0.full_description,
        p1_0.image_link,
        p1_0.invoice_url,
        p1_0.link_1,
        p1_0.link_2,
        p1_0.name,
        p1_0.short_description,
        p1_0.specs,
        p1_0.stock,
        p1_0.updated_at,
        p1_0.warranty_date,
        p1_0.weekly_price 
    from
        products p1_0 
    join
        categories c1_0 
            on c1_0.id=p1_0.category_id 
    where
        p1_0.id=?
2026-08-06T02:08:25.875+05:30 DEBUG 3972 --- [clickkaar-backend] [nio-8080-exec-6] org.hibernate.SQL                        : 
    select
        distinct b1_0.id,
        b1_0.booking_number,
        b1_0.created_at,
        b1_0.customer_id,
        i1_0.booking_id,
        i1_0.id,
        i1_0.daily_price,
        i1_0.line_total,
        i1_0.product_id,
        b1_0.rental_days,
        b1_0.rental_end_date,
        b1_0.rental_start_date,
        b1_0.status,
        b1_0.total_amount,
        b1_0.updated_at 
    from
        bookings b1_0 
    join
        booking_items i1_0 
            on b1_0.id=i1_0.booking_id 
    where
        i1_0.product_id=? 
        and b1_0.status in ('CONFIRMED', 'ACTIVE', 'OVERDUE') 
        and ?<=b1_0.rental_end_date 
        and ?>=b1_0.rental_start_date
2026-08-06T02:08:25.882+05:30 DEBUG 3972 --- [clickkaar-backend] [nio-8080-exec-6] org.hibernate.SQL                        : 
    select
        c1_0.id,
        c1_0.active,
        c1_0.code,
        c1_0.created_at,
        c1_0.discount_percent,
        c1_0.updated_at,
        c1_0.usage_limit,
        c1_0.used_count,
        c1_0.valid_until 
    from
        coupons c1_0 
    where
        upper(c1_0.code)=upper(?) 
        and c1_0.active
2026-08-06T02:08:25.894+05:30 DEBUG 3972 --- [clickkaar-backend] [nio-8080-exec-6] org.hibernate.SQL                        : 
    insert 
    into
        bookings
        (booking_number, created_at, customer_id, rental_days, rental_end_date, rental_start_date, status, total_amount, updated_at) 
    values
        (?, ?, ?, ?, ?, ?, ?, ?, ?)
2026-08-06T02:08:25.908+05:30 DEBUG 3972 --- [clickkaar-backend] [nio-8080-exec-6] org.hibernate.SQL                        : 
    insert 
    into
        booking_items
        (booking_id, daily_price, line_total, product_id) 
    values
        (?, ?, ?, ?)
2026-08-06T02:08:25.951+05:30 DEBUG 3972 --- [clickkaar-backend] [nio-8080-exec-6] org.hibernate.SQL                        : 
    select
        sc1_0.id,
        sc1_0.content,
        sc1_0.created_at,
        sc1_0.page_key,
        sc1_0.updated_at 
    from
        static_contents sc1_0 
    where
        sc1_0.page_key=?
2026-08-06T02:08:31.509+05:30  INFO 3972 --- [clickkaar-backend] [nio-8080-exec-6] com.clickkaar.service.BookingService     : Booking bill email sent to vishwajeetkhadse26@gmail.com for CK-DF7C7B14
2026-08-06T02:08:31.515+05:30 DEBUG 3972 --- [clickkaar-backend] [nio-8080-exec-6] org.hibernate.SQL                        : 
    update
        coupons 
    set
        active=?,
        code=?,
        discount_percent=?,
        updated_at=?,
        usage_limit=?,
        used_count=?,
        valid_until=? 
    where
        id=?
2026-08-06T02:08:31.525+05:30 DEBUG 3972 --- [clickkaar-backend] [nio-8080-exec-6] m.m.a.RequestResponseBodyMethodProcessor : Using 'application/json', given [application/json, text/plain, */*] and supported [application/json, application/*+json]
2026-08-06T02:08:31.527+05:30 DEBUG 3972 --- [clickkaar-backend] [nio-8080-exec-6] m.m.a.RequestResponseBodyMethodProcessor : Writing [BookingResponse[id=36, bookingNumber=CK-DF7C7B14, customerId=17, rentalStartDate=2026-08-06, rentalE (truncated)...]
2026-08-06T02:08:31.528+05:30 DEBUG 3972 --- [clickkaar-backend] [nio-8080-exec-6] o.s.web.servlet.DispatcherServlet        : Completed 200 OK
2026-08-06T02:08:33.344+05:30 DEBUG 3972 --- [clickkaar-backend] [nio-8080-exec-4] org.hibernate.SQL                        : 
    select
        u1_0.id,
        u1_0.alternate_contact_number,
        u1_0.city,
        u1_0.company_bonafide_letter_document_name,
        u1_0.company_name,
        u1_0.country,
        u1_0.created_at,
        u1_0.current_address,
        u1_0.dob,
        u1_0.driving_license_document_name,
        u1_0.electricity_bill_document_name,
        u1_0.email,
        u1_0.enabled,
        u1_0.first_name,
        u1_0.full_name,
        u1_0.gender,
        u1_0.last_name,
        u1_0.mobile,
        u1_0.mobile_verified,
        u1_0.occupation,
        u1_0.password,
        u1_0.photo_document_name,
        u1_0.pincode,
        u1_0.rent_agreement_document_name,
        u1_0.residence_type,
        u1_0.social_media_profile,
        u1_0.state,
        u1_0.updated_at 
    from
        users u1_0 
    where
        u1_0.email=?
2026-08-06T02:08:33.348+05:30 DEBUG 3972 --- [clickkaar-backend] [nio-8080-exec-4] org.hibernate.SQL                        : 
    select
        r1_0.user_id,
        r1_1.id,
        r1_1.name 
    from
        user_roles r1_0 
    join
        roles r1_1 
            on r1_1.id=r1_0.role_id 
    where
        r1_0.user_id=?
2026-08-06T02:08:33.355+05:30 DEBUG 3972 --- [clickkaar-backend] [nio-8080-exec-4] o.s.web.servlet.DispatcherServlet        : GET "/api/dashboard/customer", parameters={}
2026-08-06T02:08:33.356+05:30 DEBUG 3972 --- [clickkaar-backend] [nio-8080-exec-4] s.w.s.m.m.a.RequestMappingHandlerMapping : Mapped to com.clickkaar.controller.CustomerDashboardController#customerDashboard()
2026-08-06T02:08:33.363+05:30 DEBUG 3972 --- [clickkaar-backend] [nio-8080-exec-4] org.hibernate.SQL                        : 
    select
        u1_0.id,
        u1_0.alternate_contact_number,
        u1_0.city,
        u1_0.company_bonafide_letter_document_name,
        u1_0.company_name,
        u1_0.country,
        u1_0.created_at,
        u1_0.current_address,
        u1_0.dob,
        u1_0.driving_license_document_name,
        u1_0.electricity_bill_document_name,
        u1_0.email,
        u1_0.enabled,
        u1_0.first_name,
        u1_0.full_name,
        u1_0.gender,
        u1_0.last_name,
        u1_0.mobile,
        u1_0.mobile_verified,
        u1_0.occupation,
        u1_0.password,
        u1_0.photo_document_name,
        u1_0.pincode,
        u1_0.rent_agreement_document_name,
        u1_0.residence_type,
        u1_0.social_media_profile,
        u1_0.state,
        u1_0.updated_at 
    from
        users u1_0 
    where
        u1_0.email=?
2026-08-06T02:08:33.367+05:30 DEBUG 3972 --- [clickkaar-backend] [nio-8080-exec-4] org.hibernate.SQL                        : 
    select
        r1_0.user_id,
        r1_1.id,
        r1_1.name 
    from
        user_roles r1_0 
    join
        roles r1_1 
            on r1_1.id=r1_0.role_id 
    where
        r1_0.user_id=?
2026-08-06T02:08:33.374+05:30 DEBUG 3972 --- [clickkaar-backend] [nio-8080-exec-4] org.hibernate.SQL                        : 
    select
        b1_0.id,
        b1_0.booking_number,
        b1_0.created_at,
        b1_0.customer_id,
        b1_0.rental_days,
        b1_0.rental_end_date,
        b1_0.rental_start_date,
        b1_0.status,
        b1_0.total_amount,
        b1_0.updated_at 
    from
        bookings b1_0 
    where
        b1_0.customer_id=?
2026-08-06T02:08:33.383+05:30 DEBUG 3972 --- [clickkaar-backend] [nio-8080-exec-4] org.hibernate.SQL                        : 
    select
        p1_0.id,
        p1_0.amount,
        p1_0.booking_id,
        p1_0.created_at,
        p1_0.razorpay_order_id,
        p1_0.razorpay_payment_id,
        p1_0.razorpay_signature,
        p1_0.remark,
        p1_0.status,
        p1_0.type,
        p1_0.updated_at 
    from
        payments p1_0 
    join
        bookings b1_0 
            on b1_0.id=p1_0.booking_id 
    where
        b1_0.customer_id=?
2026-08-06T02:08:33.388+05:30 DEBUG 3972 --- [clickkaar-backend] [nio-8080-exec-4] org.hibernate.SQL                        : 
    select
        w1_0.id,
        w1_0.created_at,
        w1_0.product_id,
        w1_0.updated_at,
        w1_0.user_id 
    from
        wishlists w1_0 
    where
        w1_0.user_id=?
2026-08-06T02:08:33.392+05:30 DEBUG 3972 --- [clickkaar-backend] [nio-8080-exec-4] org.hibernate.SQL                        : 
    select
        i1_0.booking_id,
        i1_0.id,
        i1_0.daily_price,
        i1_0.line_total,
        i1_0.product_id,
        p1_0.id,
        p1_0.availability_status,
        p1_0.brand,
        p1_0.category_id,
        c1_0.id,
        c1_0.created_at,
        c1_0.description,
        c1_0.display_name,
        c1_0.name,
        c1_0.updated_at,
        p1_0.created_at,
        p1_0.daily_price,
        p1_0.full_description,
        p1_0.image_link,
        p1_0.invoice_url,
        p1_0.link_1,
        p1_0.link_2,
        p1_0.name,
        p1_0.short_description,
        p1_0.specs,
        p1_0.stock,
        p1_0.updated_at,
        p1_0.warranty_date,
        p1_0.weekly_price 
    from
        booking_items i1_0 
    left join
        products p1_0 
            on p1_0.id=i1_0.product_id 
    left join
        categories c1_0 
            on c1_0.id=p1_0.category_id 
    where
        i1_0.booking_id=?
2026-08-06T02:08:33.396+05:30 DEBUG 3972 --- [clickkaar-backend] [nio-8080-exec-4] org.hibernate.SQL                        : 
    select
        i1_0.booking_id,
        i1_0.id,
        i1_0.daily_price,
        i1_0.line_total,
        i1_0.product_id,
        p1_0.id,
        p1_0.availability_status,
        p1_0.brand,
        p1_0.category_id,
        c1_0.id,
        c1_0.created_at,
        c1_0.description,
        c1_0.display_name,
        c1_0.name,
        c1_0.updated_at,
        p1_0.created_at,
        p1_0.daily_price,
        p1_0.full_description,
        p1_0.image_link,
        p1_0.invoice_url,
        p1_0.link_1,
        p1_0.link_2,
        p1_0.name,
        p1_0.short_description,
        p1_0.specs,
        p1_0.stock,
        p1_0.updated_at,
        p1_0.warranty_date,
        p1_0.weekly_price 
    from
        booking_items i1_0 
    left join
        products p1_0 
            on p1_0.id=i1_0.product_id 
    left join
        categories c1_0 
            on c1_0.id=p1_0.category_id 
    where
        i1_0.booking_id=?
2026-08-06T02:08:33.400+05:30 DEBUG 3972 --- [clickkaar-backend] [nio-8080-exec-4] org.hibernate.SQL                        : 
    select
        i1_0.booking_id,
        i1_0.id,
        i1_0.daily_price,
        i1_0.line_total,
        i1_0.product_id,
        p1_0.id,
        p1_0.availability_status,
        p1_0.brand,
        p1_0.category_id,
        c1_0.id,
        c1_0.created_at,
        c1_0.description,
        c1_0.display_name,
        c1_0.name,
        c1_0.updated_at,
        p1_0.created_at,
        p1_0.daily_price,
        p1_0.full_description,
        p1_0.image_link,
        p1_0.invoice_url,
        p1_0.link_1,
        p1_0.link_2,
        p1_0.name,
        p1_0.short_description,
        p1_0.specs,
        p1_0.stock,
        p1_0.updated_at,
        p1_0.warranty_date,
        p1_0.weekly_price 
    from
        booking_items i1_0 
    left join
        products p1_0 
            on p1_0.id=i1_0.product_id 
    left join
        categories c1_0 
            on c1_0.id=p1_0.category_id 
    where
        i1_0.booking_id=?
2026-08-06T02:08:33.402+05:30 DEBUG 3972 --- [clickkaar-backend] [nio-8080-exec-4] org.hibernate.SQL                        : 
    select
        i1_0.booking_id,
        i1_0.id,
        i1_0.daily_price,
        i1_0.line_total,
        i1_0.product_id,
        p1_0.id,
        p1_0.availability_status,
        p1_0.brand,
        p1_0.category_id,
        c1_0.id,
        c1_0.created_at,
        c1_0.description,
        c1_0.display_name,
        c1_0.name,
        c1_0.updated_at,
        p1_0.created_at,
        p1_0.daily_price,
        p1_0.full_description,
        p1_0.image_link,
        p1_0.invoice_url,
        p1_0.link_1,
        p1_0.link_2,
        p1_0.name,
        p1_0.short_description,
        p1_0.specs,
        p1_0.stock,
        p1_0.updated_at,
        p1_0.warranty_date,
        p1_0.weekly_price 
    from
        booking_items i1_0 
    left join
        products p1_0 
            on p1_0.id=i1_0.product_id 
    left join
        categories c1_0 
            on c1_0.id=p1_0.category_id 
    where
        i1_0.booking_id=?
2026-08-06T02:08:33.403+05:30 DEBUG 3972 --- [clickkaar-backend] [nio-8080-exec-4] org.hibernate.SQL                        : 
    select
        i1_0.booking_id,
        i1_0.id,
        i1_0.daily_price,
        i1_0.line_total,
        i1_0.product_id,
        p1_0.id,
        p1_0.availability_status,
        p1_0.brand,
        p1_0.category_id,
        c1_0.id,
        c1_0.created_at,
        c1_0.description,
        c1_0.display_name,
        c1_0.name,
        c1_0.updated_at,
        p1_0.created_at,
        p1_0.daily_price,
        p1_0.full_description,
        p1_0.image_link,
        p1_0.invoice_url,
        p1_0.link_1,
        p1_0.link_2,
        p1_0.name,
        p1_0.short_description,
        p1_0.specs,
        p1_0.stock,
        p1_0.updated_at,
        p1_0.warranty_date,
        p1_0.weekly_price 
    from
        booking_items i1_0 
    left join
        products p1_0 
            on p1_0.id=i1_0.product_id 
    left join
        categories c1_0 
            on c1_0.id=p1_0.category_id 
    where
        i1_0.booking_id=?
2026-08-06T02:08:33.407+05:30 DEBUG 3972 --- [clickkaar-backend] [nio-8080-exec-4] m.m.a.RequestResponseBodyMethodProcessor : Using 'application/json', given [application/json, text/plain, */*] and supported [application/json, application/*+json]
2026-08-06T02:08:33.408+05:30 DEBUG 3972 --- [clickkaar-backend] [nio-8080-exec-4] m.m.a.RequestResponseBodyMethodProcessor : Writing [CustomerDashboardResponse[profile=CustomerProfileResponse[id=17, fullName=vishwajeet khadse, email=v (truncated)...]
2026-08-06T02:08:33.409+05:30 DEBUG 3972 --- [clickkaar-backend] [nio-8080-exec-4] o.s.web.servlet.DispatcherServlet        : Completed 200 OK
2026-08-06T02:19:39.879+05:30 DEBUG 3972 --- [clickkaar-backend] [io-8080-exec-10] org.hibernate.SQL                        : 
    select
        u1_0.id,
        u1_0.alternate_contact_number,
        u1_0.city,
        u1_0.company_bonafide_letter_document_name,
        u1_0.company_name,
        u1_0.country,
        u1_0.created_at,
        u1_0.current_address,
        u1_0.dob,
        u1_0.driving_license_document_name,
        u1_0.electricity_bill_document_name,
        u1_0.email,
        u1_0.enabled,
        u1_0.first_name,
        u1_0.full_name,
        u1_0.gender,
        u1_0.last_name,
        u1_0.mobile,
        u1_0.mobile_verified,
        u1_0.occupation,
        u1_0.password,
        u1_0.photo_document_name,
        u1_0.pincode,
        u1_0.rent_agreement_document_name,
        u1_0.residence_type,
        u1_0.social_media_profile,
        u1_0.state,
        u1_0.updated_at 
    from
        users u1_0 
    where
        u1_0.email=?
2026-08-06T02:19:40.097+05:30 DEBUG 3972 --- [clickkaar-backend] [io-8080-exec-10] org.hibernate.SQL                        : 
    select
        r1_0.user_id,
        r1_1.id,
        r1_1.name 
    from
        user_roles r1_0 
    join
        roles r1_1 
            on r1_1.id=r1_0.role_id 
    where
        r1_0.user_id=?
2026-08-06T02:19:40.157+05:30 DEBUG 3972 --- [clickkaar-backend] [io-8080-exec-10] o.s.web.servlet.DispatcherServlet        : GET "/api/dashboard/customer", parameters={}
2026-08-06T02:19:40.162+05:30 DEBUG 3972 --- [clickkaar-backend] [io-8080-exec-10] s.w.s.m.m.a.RequestMappingHandlerMapping : Mapped to com.clickkaar.controller.CustomerDashboardController#customerDashboard()
2026-08-06T02:19:40.223+05:30 DEBUG 3972 --- [clickkaar-backend] [io-8080-exec-10] org.hibernate.SQL                        : 
    select
        u1_0.id,
        u1_0.alternate_contact_number,
        u1_0.city,
        u1_0.company_bonafide_letter_document_name,
        u1_0.company_name,
        u1_0.country,
        u1_0.created_at,
        u1_0.current_address,
        u1_0.dob,
        u1_0.driving_license_document_name,
        u1_0.electricity_bill_document_name,
        u1_0.email,
        u1_0.enabled,
        u1_0.first_name,
        u1_0.full_name,
        u1_0.gender,
        u1_0.last_name,
        u1_0.mobile,
        u1_0.mobile_verified,
        u1_0.occupation,
        u1_0.password,
        u1_0.photo_document_name,
        u1_0.pincode,
        u1_0.rent_agreement_document_name,
        u1_0.residence_type,
        u1_0.social_media_profile,
        u1_0.state,
        u1_0.updated_at 
    from
        users u1_0 
    where
        u1_0.email=?
2026-08-06T02:19:40.232+05:30 DEBUG 3972 --- [clickkaar-backend] [io-8080-exec-10] org.hibernate.SQL                        : 
    select
        r1_0.user_id,
        r1_1.id,
        r1_1.name 
    from
        user_roles r1_0 
    join
        roles r1_1 
            on r1_1.id=r1_0.role_id 
    where
        r1_0.user_id=?
2026-08-06T02:19:40.256+05:30 DEBUG 3972 --- [clickkaar-backend] [io-8080-exec-10] org.hibernate.SQL                        : 
    select
        b1_0.id,
        b1_0.booking_number,
        b1_0.created_at,
        b1_0.customer_id,
        b1_0.rental_days,
        b1_0.rental_end_date,
        b1_0.rental_start_date,
        b1_0.status,
        b1_0.total_amount,
        b1_0.updated_at 
    from
        bookings b1_0 
    where
        b1_0.customer_id=?
2026-08-06T02:19:40.317+05:30 DEBUG 3972 --- [clickkaar-backend] [io-8080-exec-10] org.hibernate.SQL                        : 
    select
        p1_0.id,
        p1_0.amount,
        p1_0.booking_id,
        p1_0.created_at,
        p1_0.razorpay_order_id,
        p1_0.razorpay_payment_id,
        p1_0.razorpay_signature,
        p1_0.remark,
        p1_0.status,
        p1_0.type,
        p1_0.updated_at 
    from
        payments p1_0 
    join
        bookings b1_0 
            on b1_0.id=p1_0.booking_id 
    where
        b1_0.customer_id=?
2026-08-06T02:19:40.346+05:30 DEBUG 3972 --- [clickkaar-backend] [io-8080-exec-10] org.hibernate.SQL                        : 
    select
        w1_0.id,
        w1_0.created_at,
        w1_0.product_id,
        w1_0.updated_at,
        w1_0.user_id 
    from
        wishlists w1_0 
    where
        w1_0.user_id=?
2026-08-06T02:19:40.356+05:30 DEBUG 3972 --- [clickkaar-backend] [io-8080-exec-10] org.hibernate.SQL                        : 
    select
        i1_0.booking_id,
        i1_0.id,
        i1_0.daily_price,
        i1_0.line_total,
        i1_0.product_id,
        p1_0.id,
        p1_0.availability_status,
        p1_0.brand,
        p1_0.category_id,
        c1_0.id,
        c1_0.created_at,
        c1_0.description,
        c1_0.display_name,
        c1_0.name,
        c1_0.updated_at,
        p1_0.created_at,
        p1_0.daily_price,
        p1_0.full_description,
        p1_0.image_link,
        p1_0.invoice_url,
        p1_0.link_1,
        p1_0.link_2,
        p1_0.name,
        p1_0.short_description,
        p1_0.specs,
        p1_0.stock,
        p1_0.updated_at,
        p1_0.warranty_date,
        p1_0.weekly_price 
    from
        booking_items i1_0 
    left join
        products p1_0 
            on p1_0.id=i1_0.product_id 
    left join
        categories c1_0 
            on c1_0.id=p1_0.category_id 
    where
        i1_0.booking_id=?
2026-08-06T02:19:40.391+05:30 DEBUG 3972 --- [clickkaar-backend] [io-8080-exec-10] org.hibernate.SQL                        : 
    select
        i1_0.booking_id,
        i1_0.id,
        i1_0.daily_price,
        i1_0.line_total,
        i1_0.product_id,
        p1_0.id,
        p1_0.availability_status,
        p1_0.brand,
        p1_0.category_id,
        c1_0.id,
        c1_0.created_at,
        c1_0.description,
        c1_0.display_name,
        c1_0.name,
        c1_0.updated_at,
        p1_0.created_at,
        p1_0.daily_price,
        p1_0.full_description,
        p1_0.image_link,
        p1_0.invoice_url,
        p1_0.link_1,
        p1_0.link_2,
        p1_0.name,
        p1_0.short_description,
        p1_0.specs,
        p1_0.stock,
        p1_0.updated_at,
        p1_0.warranty_date,
        p1_0.weekly_price 
    from
        booking_items i1_0 
    left join
        products p1_0 
            on p1_0.id=i1_0.product_id 
    left join
        categories c1_0 
            on c1_0.id=p1_0.category_id 
    where
        i1_0.booking_id=?
2026-08-06T02:19:40.395+05:30 DEBUG 3972 --- [clickkaar-backend] [io-8080-exec-10] org.hibernate.SQL                        : 
    select
        i1_0.booking_id,
        i1_0.id,
        i1_0.daily_price,
        i1_0.line_total,
        i1_0.product_id,
        p1_0.id,
        p1_0.availability_status,
        p1_0.brand,
        p1_0.category_id,
        c1_0.id,
        c1_0.created_at,
        c1_0.description,
        c1_0.display_name,
        c1_0.name,
        c1_0.updated_at,
        p1_0.created_at,
        p1_0.daily_price,
        p1_0.full_description,
        p1_0.image_link,
        p1_0.invoice_url,
        p1_0.link_1,
        p1_0.link_2,
        p1_0.name,
        p1_0.short_description,
        p1_0.specs,
        p1_0.stock,
        p1_0.updated_at,
        p1_0.warranty_date,
        p1_0.weekly_price 
    from
        booking_items i1_0 
    left join
        products p1_0 
            on p1_0.id=i1_0.product_id 
    left join
        categories c1_0 
            on c1_0.id=p1_0.category_id 
    where
        i1_0.booking_id=?
2026-08-06T02:19:40.412+05:30 DEBUG 3972 --- [clickkaar-backend] [io-8080-exec-10] org.hibernate.SQL                        : 
    select
        i1_0.booking_id,
        i1_0.id,
        i1_0.daily_price,
        i1_0.line_total,
        i1_0.product_id,
        p1_0.id,
        p1_0.availability_status,
        p1_0.brand,
        p1_0.category_id,
        c1_0.id,
        c1_0.created_at,
        c1_0.description,
        c1_0.display_name,
        c1_0.name,
        c1_0.updated_at,
        p1_0.created_at,
        p1_0.daily_price,
        p1_0.full_description,
        p1_0.image_link,
        p1_0.invoice_url,
        p1_0.link_1,
        p1_0.link_2,
        p1_0.name,
        p1_0.short_description,
        p1_0.specs,
        p1_0.stock,
        p1_0.updated_at,
        p1_0.warranty_date,
        p1_0.weekly_price 
    from
        booking_items i1_0 
    left join
        products p1_0 
            on p1_0.id=i1_0.product_id 
    left join
        categories c1_0 
            on c1_0.id=p1_0.category_id 
    where
        i1_0.booking_id=?
2026-08-06T02:19:40.418+05:30 DEBUG 3972 --- [clickkaar-backend] [io-8080-exec-10] org.hibernate.SQL                        : 
    select
        i1_0.booking_id,
        i1_0.id,
        i1_0.daily_price,
        i1_0.line_total,
        i1_0.product_id,
        p1_0.id,
        p1_0.availability_status,
        p1_0.brand,
        p1_0.category_id,
        c1_0.id,
        c1_0.created_at,
        c1_0.description,
        c1_0.display_name,
        c1_0.name,
        c1_0.updated_at,
        p1_0.created_at,
        p1_0.daily_price,
        p1_0.full_description,
        p1_0.image_link,
        p1_0.invoice_url,
        p1_0.link_1,
        p1_0.link_2,
        p1_0.name,
        p1_0.short_description,
        p1_0.specs,
        p1_0.stock,
        p1_0.updated_at,
        p1_0.warranty_date,
        p1_0.weekly_price 
    from
        booking_items i1_0 
    left join
        products p1_0 
            on p1_0.id=i1_0.product_id 
    left join
        categories c1_0 
            on c1_0.id=p1_0.category_id 
    where
        i1_0.booking_id=?
2026-08-06T02:19:40.467+05:30 DEBUG 3972 --- [clickkaar-backend] [io-8080-exec-10] m.m.a.RequestResponseBodyMethodProcessor : Using 'application/json', given [application/json, text/plain, */*] and supported [application/json, application/*+json]
2026-08-06T02:19:40.528+05:30 DEBUG 3972 --- [clickkaar-backend] [io-8080-exec-10] m.m.a.RequestResponseBodyMethodProcessor : Writing [CustomerDashboardResponse[profile=CustomerProfileResponse[id=17, fullName=vishwajeet khadse, email=v (truncated)...]
2026-08-06T02:19:40.570+05:30 DEBUG 3972 --- [clickkaar-backend] [io-8080-exec-10] o.s.web.servlet.DispatcherServlet        : Completed 200 OK
